nohup: ввод игнорируется
CREATE TABLE IF NOT EXISTS players (
    id TEXT PRIMARY KEY,
    resources TEXT NOT NULL -- JSON string for resources map
  );
CREATE TABLE IF NOT EXISTS characters (
    id TEXT PRIMARY KEY,
    name TEXT NOT NULL,
    kind TEXT NOT NULL,
    subject_id TEXT,
    player_id TEXT,
    current_scene_id TEXT
  );
CREATE TABLE IF NOT EXISTS character_relations (
    from_id TEXT NOT NULL,
    to_id TEXT NOT NULL,
    knows INTEGER DEFAULT 1,
    present INTEGER DEFAULT 1,
    can_interact INTEGER DEFAULT 1,
    attitude REAL NOT NULL DEFAULT 50,
    baseline_attitude REAL,
    PRIMARY KEY (from_id, to_id),
    FOREIGN KEY (from_id) REFERENCES characters(id),
    FOREIGN KEY (to_id) REFERENCES characters(id)
  );
CREATE INDEX IF NOT EXISTS idx_character_relations_from ON character_relations(from_id);
CREATE TABLE IF NOT EXISTS subjects (
    id TEXT PRIMARY KEY,
    name TEXT NOT NULL,
    sensitivity REAL NOT NULL,
    capacity REAL NOT NULL,
    openness REAL NOT NULL,
    plasticity REAL NOT NULL,
    attitude REAL NOT NULL,
    baseline_sensitivity REAL,
    baseline_capacity REAL,
    baseline_openness REAL,
    baseline_plasticity REAL,
    baseline_attitude REAL
  );
CREATE TABLE IF NOT EXISTS subject_point_states (
    subject_id TEXT NOT NULL,
    point_id TEXT NOT NULL,
    local_sensitivity REAL NOT NULL,
    local_attitude REAL NOT NULL,
    familiarity REAL DEFAULT 0,
    exposure_count REAL DEFAULT 0,
    baseline_local_sensitivity REAL,
    baseline_local_attitude REAL,
    PRIMARY KEY (subject_id, point_id)
  );
CREATE TABLE IF NOT EXISTS event_logs (
    id INTEGER PRIMARY KEY AUTOINCREMENT,
    subject_id TEXT NOT NULL,
    timestamp DATETIME DEFAULT CURRENT_TIMESTAMP,
    action_type TEXT NOT NULL,
    action_payload TEXT NOT NULL, -- JSON
    result_payload TEXT NOT NULL  -- JSON
  );
CREATE TABLE IF NOT EXISTS scenes (
    id TEXT PRIMARY KEY,
    available_actions TEXT NOT NULL, -- JSON
    action_costs TEXT DEFAULT '{}',
    transitions TEXT DEFAULT '[]'
  );
CREATE TABLE IF NOT EXISTS scene_characters (
    scene_id TEXT NOT NULL,
    character_id TEXT NOT NULL,
    role TEXT DEFAULT 'participant',
    can_act INTEGER DEFAULT 1,
    presence_state TEXT DEFAULT 'present',
    PRIMARY KEY (scene_id, character_id),
    FOREIGN KEY (scene_id) REFERENCES scenes(id),
    FOREIGN KEY (character_id) REFERENCES characters(id)
  );
CREATE TABLE IF NOT EXISTS action_presets (
    id TEXT PRIMARY KEY,
    label TEXT NOT NULL,
    values_json TEXT NOT NULL -- JSON: { intensity, valence, contact, sharpness, novelty }
  );
CREATE TABLE IF NOT EXISTS point_presets (
    id TEXT PRIMARY KEY,
    label TEXT NOT NULL,
    values_json TEXT NOT NULL, -- JSON: { localSensitivity, localAttitude }
    parent_id TEXT,
    provides_functions TEXT DEFAULT '[]',
    tags TEXT DEFAULT '[]'
  );
CREATE TABLE IF NOT EXISTS context_presets (
    id TEXT PRIMARY KEY,
    label TEXT NOT NULL,
    point_id TEXT DEFAULT 'general',
    modifiers_json TEXT NOT NULL, -- JSON: Partial<CompiledAction>
    type TEXT DEFAULT 'condition',
    slot TEXT DEFAULT 'general',
    exclusive_within_slot INTEGER DEFAULT 0,
    blocks_slots TEXT DEFAULT '[]',
    affected_point_ids TEXT DEFAULT '[]',
    blocked_functions TEXT DEFAULT '[]',
    boosted_functions TEXT DEFAULT '[]',
    required_functions TEXT DEFAULT '[]',
    priority INTEGER DEFAULT 0,
    self_applicable INTEGER DEFAULT 0,
    self_text TEXT,
    forced_text TEXT,
    removal_text TEXT
  );
CREATE TABLE IF NOT EXISTS active_contexts (
    event_id TEXT NOT NULL,     -- Optional, to bind it to a scene or global state
    context_id TEXT NOT NULL,
    duration INTEGER DEFAULT -1,
    ticks_active REAL DEFAULT 0,
    PRIMARY KEY (event_id, context_id)
  );
CREATE TABLE IF NOT EXISTS chat_memory (
    id INTEGER PRIMARY KEY AUTOINCREMENT,
    subject_id TEXT NOT NULL,
    role TEXT NOT NULL,
    content TEXT NOT NULL,
    created_at DATETIME DEFAULT CURRENT_TIMESTAMP
  );
CREATE TABLE IF NOT EXISTS memory_embeddings (
    id INTEGER PRIMARY KEY AUTOINCREMENT,
    subject_id TEXT NOT NULL,
    text TEXT NOT NULL,
    tags TEXT DEFAULT '[]',
    related_subjects TEXT DEFAULT '[]',
    type TEXT DEFAULT 'interaction',
    embedding TEXT NOT NULL,
    metadata TEXT DEFAULT '{}',
    created_at DATETIME DEFAULT CURRENT_TIMESTAMP
  );
CREATE INDEX IF NOT EXISTS idx_memory_subject ON memory_embeddings(subject_id, created_at DESC);
CREATE TABLE IF NOT EXISTS chat_memory_summary (
    id INTEGER PRIMARY KEY AUTOINCREMENT,
    subject_id TEXT NOT NULL,
    summary_text TEXT NOT NULL,
    important_events TEXT DEFAULT '[]',
    start_message_id INTEGER,
    end_message_id INTEGER,
    created_at DATETIME DEFAULT CURRENT_TIMESTAMP
  );
CREATE INDEX IF NOT EXISTS idx_chat_summary_subject ON chat_memory_summary(subject_id, created_at DESC);
UPDATE subjects
  SET baseline_sensitivity = COALESCE(baseline_sensitivity, sensitivity),
      baseline_capacity = COALESCE(baseline_capacity, capacity),
      baseline_openness = COALESCE(baseline_openness, openness),
      baseline_plasticity = COALESCE(baseline_plasticity, plasticity),
      baseline_attitude = COALESCE(baseline_attitude, attitude)

UPDATE subject_point_states
  SET baseline_local_sensitivity = COALESCE(baseline_local_sensitivity, local_sensitivity),
      baseline_local_attitude = COALESCE(baseline_local_attitude, local_attitude)

UPDATE character_relations
  SET baseline_attitude = COALESCE(baseline_attitude, attitude)

[Engine API] Running on http://localhost:3000
SELECT * FROM subjects WHERE id = 'S-01'
SELECT * FROM subject_point_states WHERE subject_id = 'S-01' AND point_id = 'hands'
SELECT id, label FROM action_presets
SELECT p.id, p.label FROM point_presets p JOIN subject_point_states sps ON p.id = sps.point_id WHERE sps.subject_id = 'S-01'

            INSERT INTO characters (id, name, kind, subject_id)
            VALUES ('S-01', 'Синтетик (Нейтрал'/*+20 bytes*/, 'subject', 'S-01')
            ON CONFLICT(id) DO UPDATE SET
                name = excluded.name,
                kind = excluded.kind,
                subject_id = excluded.subject_id
        
SELECT * FROM characters WHERE id = 'S-01'
SELECT * FROM scenes WHERE id = 'lab'
SELECT * FROM players WHERE id = 'PL-1'

            INSERT INTO characters (id, name, kind, player_id)
            VALUES ('PL-1', 'Калибратор', 'player', 'PL-1')
            ON CONFLICT(id) DO UPDATE SET
                name = excluded.name,
                kind = excluded.kind,
                player_id = excluded.player_id
        
SELECT * FROM characters WHERE id = 'PL-1'
SELECT cr.*, c.id as target_id, c.name as target_name, c.kind as target_kind, c.subject_id as target_subject_id, c.player_id as target_player_id
             FROM character_relations cr LEFT JOIN characters c ON c.id = cr.to_id
             WHERE cr.from_id = 'S-01'
SELECT * FROM characters
SELECT * FROM action_presets WHERE id = 'gentle_stroke'
SELECT * FROM action_presets WHERE id = 'tickle'
SELECT * FROM action_presets WHERE id = 'light_kiss'
SELECT * FROM action_presets WHERE id = 'deep_kiss'
SELECT * FROM action_presets WHERE id = 'feather_stroke'
SELECT * FROM action_presets WHERE id = 'deep_massage'
SELECT * FROM action_presets WHERE id = 'licking'
SELECT * FROM action_presets WHERE id = 'firm_grip'
SELECT * FROM action_presets WHERE id = 'light_bite'
SELECT * FROM action_presets WHERE id = 'hard_bite'
SELECT * FROM action_presets WHERE id = 'pinch'
SELECT * FROM action_presets WHERE id = 'scratching'
SELECT * FROM action_presets WHERE id = 'slap'
SELECT * FROM action_presets WHERE id = 'hard_slap'
SELECT * FROM action_presets WHERE id = 'needle_prick'
SELECT * FROM action_presets WHERE id = 'belt_strike'
SELECT * FROM action_presets WHERE id = 'whip_strike'
SELECT * FROM action_presets WHERE id = 'taser_shock'
SELECT * FROM action_presets WHERE id = 'ice_cube'
SELECT * FROM action_presets WHERE id = 'hot_wax'
SELECT * FROM action_presets WHERE id = 'vibrator_pulse'
SELECT * FROM action_presets WHERE id = 'hair_pull'
SELECT * FROM action_presets WHERE id = 'spit'
SELECT * FROM action_presets WHERE id = 'breath_blow'
SELECT * FROM action_presets WHERE id = 'verbal_pressure'
SELECT * FROM action_presets WHERE id = 'stare'
SELECT * FROM action_presets WHERE id = 'close_inspection'
SELECT * FROM action_presets WHERE id = 'feint_strike'
SELECT sc.scene_id, sc.role, sc.can_act, sc.presence_state,
                    c.id as character_id, c.name as character_name, c.kind as character_kind,
                    c.subject_id as character_subject_id, c.player_id as character_player_id,
                    c.current_scene_id as character_current_scene_id
             FROM scene_characters sc
             JOIN characters c ON c.id = sc.character_id
             WHERE sc.scene_id = 'lab'
SELECT id, label, point_id FROM context_presets
SELECT context_id, coalesce(ticks_active, 0) as ticks_active FROM active_contexts WHERE event_id = 'lab'
SELECT * FROM scenes
SELECT sc.scene_id, sc.role, sc.can_act, sc.presence_state,
                    c.id as character_id, c.name as character_name, c.kind as character_kind,
                    c.subject_id as character_subject_id, c.player_id as character_player_id,
                    c.current_scene_id as character_current_scene_id
             FROM scene_characters sc
             JOIN characters c ON c.id = sc.character_id
             WHERE sc.scene_id = 'lab'
SELECT * FROM subjects WHERE id = 'S-01'
SELECT * FROM subject_point_states WHERE subject_id = 'S-01' AND point_id = 'hands'
SELECT id, label FROM action_presets
SELECT p.id, p.label FROM point_presets p JOIN subject_point_states sps ON p.id = sps.point_id WHERE sps.subject_id = 'S-01'

            INSERT INTO characters (id, name, kind, subject_id)
            VALUES ('S-01', 'Синтетик (Нейтрал'/*+20 bytes*/, 'subject', 'S-01')
            ON CONFLICT(id) DO UPDATE SET
                name = excluded.name,
                kind = excluded.kind,
                subject_id = excluded.subject_id
        
SELECT * FROM characters WHERE id = 'S-01'
SELECT * FROM scenes WHERE id = 'lab'
SELECT * FROM players WHERE id = 'PL-1'

            INSERT INTO characters (id, name, kind, player_id)
            VALUES ('PL-1', 'Калибратор', 'player', 'PL-1')
            ON CONFLICT(id) DO UPDATE SET
                name = excluded.name,
                kind = excluded.kind,
                player_id = excluded.player_id
        
SELECT * FROM characters WHERE id = 'PL-1'
SELECT cr.*, c.id as target_id, c.name as target_name, c.kind as target_kind, c.subject_id as target_subject_id, c.player_id as target_player_id
             FROM character_relations cr LEFT JOIN characters c ON c.id = cr.to_id
             WHERE cr.from_id = 'S-01'
SELECT * FROM characters
SELECT * FROM action_presets WHERE id = 'gentle_stroke'
SELECT * FROM action_presets WHERE id = 'tickle'
SELECT * FROM action_presets WHERE id = 'light_kiss'
SELECT * FROM action_presets WHERE id = 'deep_kiss'
SELECT * FROM action_presets WHERE id = 'feather_stroke'
SELECT * FROM action_presets WHERE id = 'deep_massage'
SELECT * FROM action_presets WHERE id = 'licking'
SELECT * FROM action_presets WHERE id = 'firm_grip'
SELECT * FROM action_presets WHERE id = 'light_bite'
SELECT * FROM action_presets WHERE id = 'hard_bite'
SELECT * FROM action_presets WHERE id = 'pinch'
SELECT * FROM action_presets WHERE id = 'scratching'
SELECT * FROM action_presets WHERE id = 'slap'
SELECT * FROM action_presets WHERE id = 'hard_slap'
SELECT * FROM action_presets WHERE id = 'needle_prick'
SELECT * FROM action_presets WHERE id = 'belt_strike'
SELECT * FROM action_presets WHERE id = 'whip_strike'
SELECT * FROM action_presets WHERE id = 'taser_shock'
SELECT * FROM action_presets WHERE id = 'ice_cube'
SELECT * FROM action_presets WHERE id = 'hot_wax'
SELECT * FROM action_presets WHERE id = 'vibrator_pulse'
SELECT * FROM action_presets WHERE id = 'hair_pull'
SELECT * FROM action_presets WHERE id = 'spit'
SELECT * FROM action_presets WHERE id = 'breath_blow'
SELECT * FROM action_presets WHERE id = 'verbal_pressure'
SELECT * FROM action_presets WHERE id = 'stare'
SELECT * FROM action_presets WHERE id = 'close_inspection'
SELECT * FROM action_presets WHERE id = 'feint_strike'
SELECT sc.scene_id, sc.role, sc.can_act, sc.presence_state,
                    c.id as character_id, c.name as character_name, c.kind as character_kind,
                    c.subject_id as character_subject_id, c.player_id as character_player_id,
                    c.current_scene_id as character_current_scene_id
             FROM scene_characters sc
             JOIN characters c ON c.id = sc.character_id
             WHERE sc.scene_id = 'lab'
SELECT id, label, point_id FROM context_presets
SELECT context_id, coalesce(ticks_active, 0) as ticks_active FROM active_contexts WHERE event_id = 'lab'
SELECT cr.*, c.id as target_id, c.name as target_name, c.kind as target_kind, c.subject_id as target_subject_id, c.player_id as target_player_id
             FROM character_relations cr LEFT JOIN characters c ON c.id = cr.to_id
             WHERE cr.from_id = 'S-01'
SELECT * FROM scenes
SELECT sc.scene_id, sc.role, sc.can_act, sc.presence_state,
                    c.id as character_id, c.name as character_name, c.kind as character_kind,
                    c.subject_id as character_subject_id, c.player_id as character_player_id,
                    c.current_scene_id as character_current_scene_id
             FROM scene_characters sc
             JOIN characters c ON c.id = sc.character_id
             WHERE sc.scene_id = 'lab'
SELECT cr.*, c.id as target_id, c.name as target_name, c.kind as target_kind, c.subject_id as target_subject_id, c.player_id as target_player_id
             FROM character_relations cr LEFT JOIN characters c ON c.id = cr.to_id
             WHERE cr.from_id = 'S-01'
SELECT * FROM subjects WHERE id = 'S-01'
SELECT * FROM subject_point_states WHERE subject_id = 'S-01' AND point_id = 'hands'
SELECT id, label FROM action_presets
SELECT p.id, p.label FROM point_presets p JOIN subject_point_states sps ON p.id = sps.point_id WHERE sps.subject_id = 'S-01'

            INSERT INTO characters (id, name, kind, subject_id)
            VALUES ('S-01', 'Синтетик (Нейтрал'/*+20 bytes*/, 'subject', 'S-01')
            ON CONFLICT(id) DO UPDATE SET
                name = excluded.name,
                kind = excluded.kind,
                subject_id = excluded.subject_id
        
SELECT * FROM characters WHERE id = 'S-01'
SELECT * FROM scenes WHERE id = 'lab'
SELECT * FROM players WHERE id = 'PL-1'

            INSERT INTO characters (id, name, kind, player_id)
            VALUES ('PL-1', 'Калибратор', 'player', 'PL-1')
            ON CONFLICT(id) DO UPDATE SET
                name = excluded.name,
                kind = excluded.kind,
                player_id = excluded.player_id
        
SELECT * FROM characters WHERE id = 'PL-1'
SELECT cr.*, c.id as target_id, c.name as target_name, c.kind as target_kind, c.subject_id as target_subject_id, c.player_id as target_player_id
             FROM character_relations cr LEFT JOIN characters c ON c.id = cr.to_id
             WHERE cr.from_id = 'S-01'
SELECT * FROM characters
SELECT * FROM action_presets WHERE id = 'gentle_stroke'
SELECT * FROM action_presets WHERE id = 'tickle'
SELECT * FROM action_presets WHERE id = 'light_kiss'
SELECT * FROM action_presets WHERE id = 'deep_kiss'
SELECT * FROM action_presets WHERE id = 'feather_stroke'
SELECT * FROM action_presets WHERE id = 'deep_massage'
SELECT * FROM action_presets WHERE id = 'licking'
SELECT * FROM action_presets WHERE id = 'firm_grip'
SELECT * FROM action_presets WHERE id = 'light_bite'
SELECT * FROM action_presets WHERE id = 'hard_bite'
SELECT * FROM action_presets WHERE id = 'pinch'
SELECT * FROM action_presets WHERE id = 'scratching'
SELECT * FROM action_presets WHERE id = 'slap'
SELECT * FROM action_presets WHERE id = 'hard_slap'
SELECT * FROM action_presets WHERE id = 'needle_prick'
SELECT * FROM action_presets WHERE id = 'belt_strike'
SELECT * FROM action_presets WHERE id = 'whip_strike'
SELECT * FROM action_presets WHERE id = 'taser_shock'
SELECT * FROM action_presets WHERE id = 'ice_cube'
SELECT * FROM action_presets WHERE id = 'hot_wax'
SELECT * FROM action_presets WHERE id = 'vibrator_pulse'
SELECT * FROM action_presets WHERE id = 'hair_pull'
SELECT * FROM action_presets WHERE id = 'spit'
SELECT * FROM action_presets WHERE id = 'breath_blow'
SELECT * FROM action_presets WHERE id = 'verbal_pressure'
SELECT * FROM action_presets WHERE id = 'stare'
SELECT * FROM action_presets WHERE id = 'close_inspection'
SELECT * FROM action_presets WHERE id = 'feint_strike'
SELECT sc.scene_id, sc.role, sc.can_act, sc.presence_state,
                    c.id as character_id, c.name as character_name, c.kind as character_kind,
                    c.subject_id as character_subject_id, c.player_id as character_player_id,
                    c.current_scene_id as character_current_scene_id
             FROM scene_characters sc
             JOIN characters c ON c.id = sc.character_id
             WHERE sc.scene_id = 'lab'
SELECT id, label, point_id FROM context_presets
SELECT context_id, coalesce(ticks_active, 0) as ticks_active FROM active_contexts WHERE event_id = 'lab'
SELECT * FROM scenes
SELECT sc.scene_id, sc.role, sc.can_act, sc.presence_state,
                    c.id as character_id, c.name as character_name, c.kind as character_kind,
                    c.subject_id as character_subject_id, c.player_id as character_player_id,
                    c.current_scene_id as character_current_scene_id
             FROM scene_characters sc
             JOIN characters c ON c.id = sc.character_id
             WHERE sc.scene_id = 'lab'
SELECT * FROM subjects WHERE id = 'S-01'
SELECT * FROM subject_point_states WHERE subject_id = 'S-01' AND point_id = 'hands'
SELECT id, label FROM action_presets
SELECT p.id, p.label FROM point_presets p JOIN subject_point_states sps ON p.id = sps.point_id WHERE sps.subject_id = 'S-01'

            INSERT INTO characters (id, name, kind, subject_id)
            VALUES ('S-01', 'Синтетик (Нейтрал'/*+20 bytes*/, 'subject', 'S-01')
            ON CONFLICT(id) DO UPDATE SET
                name = excluded.name,
                kind = excluded.kind,
                subject_id = excluded.subject_id
        
SELECT * FROM characters WHERE id = 'S-01'
SELECT * FROM scenes WHERE id = 'lab'
SELECT * FROM players WHERE id = 'PL-1'

            INSERT INTO characters (id, name, kind, player_id)
            VALUES ('PL-1', 'Калибратор', 'player', 'PL-1')
            ON CONFLICT(id) DO UPDATE SET
                name = excluded.name,
                kind = excluded.kind,
                player_id = excluded.player_id
        
SELECT * FROM characters WHERE id = 'PL-1'
SELECT cr.*, c.id as target_id, c.name as target_name, c.kind as target_kind, c.subject_id as target_subject_id, c.player_id as target_player_id
             FROM character_relations cr LEFT JOIN characters c ON c.id = cr.to_id
             WHERE cr.from_id = 'S-01'
SELECT * FROM characters
SELECT * FROM action_presets WHERE id = 'gentle_stroke'
SELECT * FROM action_presets WHERE id = 'tickle'
SELECT * FROM action_presets WHERE id = 'light_kiss'
SELECT * FROM action_presets WHERE id = 'deep_kiss'
SELECT * FROM action_presets WHERE id = 'feather_stroke'
SELECT * FROM action_presets WHERE id = 'deep_massage'
SELECT * FROM action_presets WHERE id = 'licking'
SELECT * FROM action_presets WHERE id = 'firm_grip'
SELECT * FROM action_presets WHERE id = 'light_bite'
SELECT * FROM action_presets WHERE id = 'hard_bite'
SELECT * FROM action_presets WHERE id = 'pinch'
SELECT * FROM action_presets WHERE id = 'scratching'
SELECT * FROM action_presets WHERE id = 'slap'
SELECT * FROM action_presets WHERE id = 'hard_slap'
SELECT * FROM action_presets WHERE id = 'needle_prick'
SELECT * FROM action_presets WHERE id = 'belt_strike'
SELECT * FROM action_presets WHERE id = 'whip_strike'
SELECT * FROM action_presets WHERE id = 'taser_shock'
SELECT * FROM action_presets WHERE id = 'ice_cube'
SELECT * FROM action_presets WHERE id = 'hot_wax'
SELECT * FROM action_presets WHERE id = 'vibrator_pulse'
SELECT * FROM action_presets WHERE id = 'hair_pull'
SELECT * FROM action_presets WHERE id = 'spit'
SELECT * FROM action_presets WHERE id = 'breath_blow'
SELECT * FROM action_presets WHERE id = 'verbal_pressure'
SELECT * FROM action_presets WHERE id = 'stare'
SELECT * FROM action_presets WHERE id = 'close_inspection'
SELECT * FROM action_presets WHERE id = 'feint_strike'
SELECT sc.scene_id, sc.role, sc.can_act, sc.presence_state,
                    c.id as character_id, c.name as character_name, c.kind as character_kind,
                    c.subject_id as character_subject_id, c.player_id as character_player_id,
                    c.current_scene_id as character_current_scene_id
             FROM scene_characters sc
             JOIN characters c ON c.id = sc.character_id
             WHERE sc.scene_id = 'lab'
SELECT cr.*, c.id as target_id, c.name as target_name, c.kind as target_kind, c.subject_id as target_subject_id, c.player_id as target_player_id
             FROM character_relations cr LEFT JOIN characters c ON c.id = cr.to_id
             WHERE cr.from_id = 'S-01'
SELECT id, label, point_id FROM context_presets
SELECT context_id, coalesce(ticks_active, 0) as ticks_active FROM active_contexts WHERE event_id = 'lab'
SELECT * FROM scenes
SELECT sc.scene_id, sc.role, sc.can_act, sc.presence_state,
                    c.id as character_id, c.name as character_name, c.kind as character_kind,
                    c.subject_id as character_subject_id, c.player_id as character_player_id,
                    c.current_scene_id as character_current_scene_id
             FROM scene_characters sc
             JOIN characters c ON c.id = sc.character_id
             WHERE sc.scene_id = 'lab'
SELECT cr.*, c.id as target_id, c.name as target_name, c.kind as target_kind, c.subject_id as target_subject_id, c.player_id as target_player_id
             FROM character_relations cr LEFT JOIN characters c ON c.id = cr.to_id
             WHERE cr.from_id = 'S-01'
SELECT * FROM subjects WHERE id = 'S-02'
SELECT * FROM subject_point_states WHERE subject_id = 'S-02' AND point_id = 'hands'
SELECT id, label FROM action_presets
SELECT p.id, p.label FROM point_presets p JOIN subject_point_states sps ON p.id = sps.point_id WHERE sps.subject_id = 'S-02'

            INSERT INTO characters (id, name, kind, subject_id)
            VALUES ('S-02', 'Синтетик (Импульс'/*+44 bytes*/, 'subject', 'S-02')
            ON CONFLICT(id) DO UPDATE SET
                name = excluded.name,
                kind = excluded.kind,
                subject_id = excluded.subject_id
        
SELECT * FROM characters WHERE id = 'S-02'
SELECT * FROM scenes WHERE id = 'lab'
SELECT * FROM players WHERE id = 'PL-1'

            INSERT INTO characters (id, name, kind, player_id)
            VALUES ('PL-1', 'Калибратор', 'player', 'PL-1')
            ON CONFLICT(id) DO UPDATE SET
                name = excluded.name,
                kind = excluded.kind,
                player_id = excluded.player_id
        
SELECT * FROM characters WHERE id = 'PL-1'
SELECT cr.*, c.id as target_id, c.name as target_name, c.kind as target_kind, c.subject_id as target_subject_id, c.player_id as target_player_id
             FROM character_relations cr LEFT JOIN characters c ON c.id = cr.to_id
             WHERE cr.from_id = 'S-02'
SELECT * FROM characters
SELECT * FROM action_presets WHERE id = 'gentle_stroke'
SELECT * FROM action_presets WHERE id = 'tickle'
SELECT * FROM action_presets WHERE id = 'light_kiss'
SELECT * FROM action_presets WHERE id = 'deep_kiss'
SELECT * FROM action_presets WHERE id = 'feather_stroke'
SELECT * FROM action_presets WHERE id = 'deep_massage'
SELECT * FROM action_presets WHERE id = 'licking'
SELECT * FROM action_presets WHERE id = 'firm_grip'
SELECT * FROM action_presets WHERE id = 'light_bite'
SELECT * FROM action_presets WHERE id = 'hard_bite'
SELECT * FROM action_presets WHERE id = 'pinch'
SELECT * FROM action_presets WHERE id = 'scratching'
SELECT * FROM action_presets WHERE id = 'slap'
SELECT * FROM action_presets WHERE id = 'hard_slap'
SELECT * FROM action_presets WHERE id = 'needle_prick'
SELECT * FROM action_presets WHERE id = 'belt_strike'
SELECT * FROM action_presets WHERE id = 'whip_strike'
SELECT * FROM action_presets WHERE id = 'taser_shock'
SELECT * FROM action_presets WHERE id = 'ice_cube'
SELECT * FROM action_presets WHERE id = 'hot_wax'
SELECT * FROM action_presets WHERE id = 'vibrator_pulse'
SELECT * FROM action_presets WHERE id = 'hair_pull'
SELECT * FROM action_presets WHERE id = 'spit'
SELECT * FROM action_presets WHERE id = 'breath_blow'
SELECT * FROM action_presets WHERE id = 'verbal_pressure'
SELECT * FROM action_presets WHERE id = 'stare'
SELECT * FROM action_presets WHERE id = 'close_inspection'
SELECT * FROM action_presets WHERE id = 'feint_strike'
SELECT sc.scene_id, sc.role, sc.can_act, sc.presence_state,
                    c.id as character_id, c.name as character_name, c.kind as character_kind,
                    c.subject_id as character_subject_id, c.player_id as character_player_id,
                    c.current_scene_id as character_current_scene_id
             FROM scene_characters sc
             JOIN characters c ON c.id = sc.character_id
             WHERE sc.scene_id = 'lab'
SELECT cr.*, c.id as target_id, c.name as target_name, c.kind as target_kind, c.subject_id as target_subject_id, c.player_id as target_player_id
             FROM character_relations cr LEFT JOIN characters c ON c.id = cr.to_id
             WHERE cr.from_id = 'S-01'
SELECT * FROM subjects WHERE id = 'S-01'
SELECT * FROM subject_point_states WHERE subject_id = 'S-01' AND point_id = 'hands'
SELECT id, label FROM action_presets
SELECT p.id, p.label FROM point_presets p JOIN subject_point_states sps ON p.id = sps.point_id WHERE sps.subject_id = 'S-01'

            INSERT INTO characters (id, name, kind, subject_id)
            VALUES ('S-01', 'Синтетик (Нейтрал'/*+20 bytes*/, 'subject', 'S-01')
            ON CONFLICT(id) DO UPDATE SET
                name = excluded.name,
                kind = excluded.kind,
                subject_id = excluded.subject_id
        
SELECT * FROM characters WHERE id = 'S-01'
SELECT * FROM scenes WHERE id = 'lab'
SELECT * FROM players WHERE id = 'PL-1'

            INSERT INTO characters (id, name, kind, player_id)
            VALUES ('PL-1', 'Калибратор', 'player', 'PL-1')
            ON CONFLICT(id) DO UPDATE SET
                name = excluded.name,
                kind = excluded.kind,
                player_id = excluded.player_id
        
SELECT * FROM characters WHERE id = 'PL-1'
SELECT cr.*, c.id as target_id, c.name as target_name, c.kind as target_kind, c.subject_id as target_subject_id, c.player_id as target_player_id
             FROM character_relations cr LEFT JOIN characters c ON c.id = cr.to_id
             WHERE cr.from_id = 'S-01'
SELECT * FROM characters
SELECT * FROM action_presets WHERE id = 'gentle_stroke'
SELECT * FROM action_presets WHERE id = 'tickle'
SELECT * FROM action_presets WHERE id = 'light_kiss'
SELECT * FROM action_presets WHERE id = 'deep_kiss'
SELECT * FROM action_presets WHERE id = 'feather_stroke'
SELECT * FROM action_presets WHERE id = 'deep_massage'
SELECT * FROM action_presets WHERE id = 'licking'
SELECT * FROM action_presets WHERE id = 'firm_grip'
SELECT * FROM action_presets WHERE id = 'light_bite'
SELECT * FROM action_presets WHERE id = 'hard_bite'
SELECT * FROM action_presets WHERE id = 'pinch'
SELECT * FROM action_presets WHERE id = 'scratching'
SELECT * FROM action_presets WHERE id = 'slap'
SELECT * FROM action_presets WHERE id = 'hard_slap'
SELECT * FROM action_presets WHERE id = 'needle_prick'
SELECT * FROM action_presets WHERE id = 'belt_strike'
SELECT * FROM action_presets WHERE id = 'whip_strike'
SELECT * FROM action_presets WHERE id = 'taser_shock'
SELECT * FROM action_presets WHERE id = 'ice_cube'
SELECT * FROM action_presets WHERE id = 'hot_wax'
SELECT * FROM action_presets WHERE id = 'vibrator_pulse'
SELECT * FROM action_presets WHERE id = 'hair_pull'
SELECT * FROM action_presets WHERE id = 'spit'
SELECT * FROM action_presets WHERE id = 'breath_blow'
SELECT * FROM action_presets WHERE id = 'verbal_pressure'
SELECT * FROM action_presets WHERE id = 'stare'
SELECT * FROM action_presets WHERE id = 'close_inspection'
SELECT * FROM action_presets WHERE id = 'feint_strike'
SELECT sc.scene_id, sc.role, sc.can_act, sc.presence_state,
                    c.id as character_id, c.name as character_name, c.kind as character_kind,
                    c.subject_id as character_subject_id, c.player_id as character_player_id,
                    c.current_scene_id as character_current_scene_id
             FROM scene_characters sc
             JOIN characters c ON c.id = sc.character_id
             WHERE sc.scene_id = 'lab'
SELECT cr.*, c.id as target_id, c.name as target_name, c.kind as target_kind, c.subject_id as target_subject_id, c.player_id as target_player_id
             FROM character_relations cr LEFT JOIN characters c ON c.id = cr.to_id
             WHERE cr.from_id = 'S-01'
SELECT * FROM subjects WHERE id = 'S-01'
SELECT * FROM subject_point_states WHERE subject_id = 'S-01' AND point_id = 'belly'
SELECT id, label FROM action_presets
SELECT p.id, p.label FROM point_presets p JOIN subject_point_states sps ON p.id = sps.point_id WHERE sps.subject_id = 'S-01'

            INSERT INTO characters (id, name, kind, subject_id)
            VALUES ('S-01', 'Синтетик (Нейтрал'/*+20 bytes*/, 'subject', 'S-01')
            ON CONFLICT(id) DO UPDATE SET
                name = excluded.name,
                kind = excluded.kind,
                subject_id = excluded.subject_id
        
SELECT * FROM characters WHERE id = 'S-01'
SELECT * FROM scenes WHERE id = 'lab'
SELECT * FROM players WHERE id = 'PL-1'

            INSERT INTO characters (id, name, kind, player_id)
            VALUES ('PL-1', 'Калибратор', 'player', 'PL-1')
            ON CONFLICT(id) DO UPDATE SET
                name = excluded.name,
                kind = excluded.kind,
                player_id = excluded.player_id
        
SELECT * FROM characters WHERE id = 'PL-1'
SELECT cr.*, c.id as target_id, c.name as target_name, c.kind as target_kind, c.subject_id as target_subject_id, c.player_id as target_player_id
             FROM character_relations cr LEFT JOIN characters c ON c.id = cr.to_id
             WHERE cr.from_id = 'S-01'
SELECT * FROM characters
SELECT * FROM action_presets WHERE id = 'gentle_stroke'
SELECT * FROM action_presets WHERE id = 'tickle'
SELECT * FROM action_presets WHERE id = 'light_kiss'
SELECT * FROM action_presets WHERE id = 'deep_kiss'
SELECT * FROM action_presets WHERE id = 'feather_stroke'
SELECT * FROM action_presets WHERE id = 'deep_massage'
SELECT * FROM action_presets WHERE id = 'licking'
SELECT * FROM action_presets WHERE id = 'firm_grip'
SELECT * FROM action_presets WHERE id = 'light_bite'
SELECT * FROM action_presets WHERE id = 'hard_bite'
SELECT * FROM action_presets WHERE id = 'pinch'
SELECT * FROM action_presets WHERE id = 'scratching'
SELECT * FROM action_presets WHERE id = 'slap'
SELECT * FROM action_presets WHERE id = 'hard_slap'
SELECT * FROM action_presets WHERE id = 'needle_prick'
SELECT * FROM action_presets WHERE id = 'belt_strike'
SELECT * FROM action_presets WHERE id = 'whip_strike'
SELECT * FROM action_presets WHERE id = 'taser_shock'
SELECT * FROM action_presets WHERE id = 'ice_cube'
SELECT * FROM action_presets WHERE id = 'hot_wax'
SELECT * FROM action_presets WHERE id = 'vibrator_pulse'
SELECT * FROM action_presets WHERE id = 'hair_pull'
SELECT * FROM action_presets WHERE id = 'spit'
SELECT * FROM action_presets WHERE id = 'breath_blow'
SELECT * FROM action_presets WHERE id = 'verbal_pressure'
SELECT * FROM action_presets WHERE id = 'stare'
SELECT * FROM action_presets WHERE id = 'close_inspection'
SELECT * FROM action_presets WHERE id = 'feint_strike'
SELECT sc.scene_id, sc.role, sc.can_act, sc.presence_state,
                    c.id as character_id, c.name as character_name, c.kind as character_kind,
                    c.subject_id as character_subject_id, c.player_id as character_player_id,
                    c.current_scene_id as character_current_scene_id
             FROM scene_characters sc
             JOIN characters c ON c.id = sc.character_id
             WHERE sc.scene_id = 'lab'
SELECT cr.*, c.id as target_id, c.name as target_name, c.kind as target_kind, c.subject_id as target_subject_id, c.player_id as target_player_id
             FROM character_relations cr LEFT JOIN characters c ON c.id = cr.to_id
             WHERE cr.from_id = 'S-01'
SELECT * FROM subjects WHERE id = 'S-01'
SELECT * FROM subject_point_states WHERE subject_id = 'S-01' AND point_id = 'belly'
SELECT * FROM players WHERE id = 'PL-1'
SELECT * FROM scenes WHERE id = 'lab'

            INSERT INTO characters (id, name, kind, subject_id)
            VALUES ('S-01', 'Синтетик (Нейтрал'/*+20 bytes*/, 'subject', 'S-01')
            ON CONFLICT(id) DO UPDATE SET
                name = excluded.name,
                kind = excluded.kind,
                subject_id = excluded.subject_id
        
SELECT * FROM characters WHERE id = 'S-01'

            INSERT INTO characters (id, name, kind, player_id)
            VALUES ('PL-1', 'PL-1', 'player', 'PL-1')
            ON CONFLICT(id) DO UPDATE SET
                name = excluded.name,
                kind = excluded.kind,
                player_id = excluded.player_id
        
SELECT * FROM characters WHERE id = 'PL-1'
SELECT cr.*, c.id as target_id, c.name as target_name, c.kind as target_kind, c.subject_id as target_subject_id, c.player_id as target_player_id
             FROM character_relations cr LEFT JOIN characters c ON c.id = cr.to_id
             WHERE cr.from_id = 'S-01' AND cr.to_id = 'PL-1'
SELECT * FROM event_logs WHERE subject_id = 'S-01' ORDER BY timestamp DESC LIMIT 5.0
SELECT * FROM action_presets WHERE id = 'feather_stroke'
SELECT context_id, coalesce(ticks_active, 0) as ticks_active FROM active_contexts WHERE event_id = 'lab'
SELECT * FROM subjects WHERE id = 'S-01'

            INSERT INTO subjects (id, name, sensitivity, capacity, openness, plasticity, attitude, baseline_sensitivity, baseline_capacity, baseline_openness, baseline_plasticity, baseline_attitude)
            VALUES ('S-01', 'Синтетик (Нейтрал'/*+20 bytes*/, 46.8084830142045, 63.0748460048843, 49.5841774092772, 70.7105038449335, 45.3422175708229, 48.2192808859872, 61.3256122198307, 51.0231039560385, 77.814869648159, 48.8784258209501)
            ON CONFLICT(id) DO UPDATE SET
                sensitivity = excluded.sensitivity,
                capacity = excluded.capacity,
                openness = excluded.openness,
                plasticity = excluded.plasticity,
                attitude = excluded.attitude,
                baseline_sensitivity = excluded.baseline_sensitivity,
                baseline_capacity = excluded.baseline_capacity,
                baseline_openness = excluded.baseline_openness,
                baseline_plasticity = excluded.baseline_plasticity,
                baseline_attitude = excluded.baseline_attitude
        

            INSERT INTO characters (id, name, kind, subject_id)
            VALUES ('S-01', 'Синтетик (Нейтрал'/*+20 bytes*/, 'subject', 'S-01')
            ON CONFLICT(id) DO UPDATE SET
                name = excluded.name,
                kind = excluded.kind,
                subject_id = excluded.subject_id
        
SELECT * FROM characters WHERE id = 'S-01'

            INSERT INTO characters (id, name, kind, subject_id)
            VALUES ('S-01', 'Синтетик (Нейтрал'/*+20 bytes*/, 'subject', 'S-01')
            ON CONFLICT(id) DO UPDATE SET
                name = excluded.name,
                kind = excluded.kind,
                subject_id = excluded.subject_id
        
SELECT * FROM characters WHERE id = 'S-01'

            INSERT INTO characters (id, name, kind, player_id)
            VALUES ('PL-1', 'Калибратор', 'player', 'PL-1')
            ON CONFLICT(id) DO UPDATE SET
                name = excluded.name,
                kind = excluded.kind,
                player_id = excluded.player_id
        
SELECT * FROM characters WHERE id = 'PL-1'
SELECT cr.*, c.id as target_id, c.name as target_name, c.kind as target_kind, c.subject_id as target_subject_id, c.player_id as target_player_id
             FROM character_relations cr LEFT JOIN characters c ON c.id = cr.to_id
             WHERE cr.from_id = 'S-01' AND cr.to_id = 'PL-1'

            INSERT INTO character_relations (from_id, to_id, knows, present, can_interact, attitude, baseline_attitude)
            VALUES (
                'S-01', 'PL-1', 1, 1, 1, 62.4964644996976,
                COALESCE(
                    88.1501939093978,
                    (SELECT baseline_attitude FROM character_relations WHERE from_id = 'S-01' AND to_id = 'PL-1'),
                    88.1501939093978
                )
            )
            ON CONFLICT(from_id, to_id) DO UPDATE SET 
                attitude = excluded.attitude,
                baseline_attitude = COALESCE(excluded.baseline_attitude, character_relations.baseline_attitude)
        

            INSERT INTO subject_point_states (subject_id, point_id, local_sensitivity, local_attitude, familiarity, exposure_count, baseline_local_sensitivity, baseline_local_attitude)
            VALUES ('S-01', 'belly', 50.4223186381735, 40.3412136920188, 0.0182959831613527, 1.0, 50.0018023348056, 40.0014562021603)
            ON CONFLICT(subject_id, point_id) DO UPDATE SET
                local_sensitivity = excluded.local_sensitivity,
                local_attitude = excluded.local_attitude,
                familiarity = excluded.familiarity,
                exposure_count = excluded.exposure_count,
                baseline_local_sensitivity = excluded.baseline_local_sensitivity,
                baseline_local_attitude = excluded.baseline_local_attitude
        
SELECT label FROM action_presets WHERE id = 'feather_stroke'
SELECT label FROM point_presets WHERE id = 'belly'

            INSERT INTO event_logs (subject_id, action_type, action_payload, result_payload)
            VALUES ('S-01', 'interaction', '{"action":{"actionKey":"feather_'/*+1089 bytes*/, '{"result":{"effectiveSensitivity'/*+625 bytes*/)
        
SELECT context_id, coalesce(ticks_active, 0) as ticks_active FROM active_contexts WHERE event_id = 'lab'
SELECT * FROM subjects WHERE id = 'S-01'
SELECT * FROM subjects WHERE id = 'S-01'
SELECT * FROM event_logs WHERE subject_id = 'S-01' ORDER BY timestamp DESC LIMIT 10.0

        SELECT cp.label 
        FROM active_contexts ac
        JOIN context_presets cp ON ac.context_id = cp.id
        WHERE ac.event_id = 'lab'
    

        SELECT p.label, sps.local_sensitivity, sps.local_attitude
        FROM subject_point_states sps
        JOIN point_presets p ON sps.point_id = p.id
        WHERE sps.subject_id = 'S-01'
    
SELECT cr.*, c.id as target_id, c.name as target_name, c.kind as target_kind, c.subject_id as target_subject_id, c.player_id as target_player_id
             FROM character_relations cr LEFT JOIN characters c ON c.id = cr.to_id
             WHERE cr.from_id = 'S-01'
SELECT summary_text, important_events FROM chat_memory_summary WHERE subject_id = 'S-01' ORDER BY id DESC LIMIT 5.0
SELECT * FROM point_presets WHERE id = 'belly'

            INSERT INTO characters (id, name, kind, player_id)
            VALUES ('PL-1', 'Калибратор', 'player', 'PL-1')
            ON CONFLICT(id) DO UPDATE SET
                name = excluded.name,
                kind = excluded.kind,
                player_id = excluded.player_id
        
SELECT * FROM characters WHERE id = 'PL-1'
SELECT * FROM subjects WHERE id = 'S-01'
SELECT * FROM subject_point_states WHERE subject_id = 'S-01' AND point_id = 'belly'
SELECT * FROM players WHERE id = 'PL-1'

            INSERT INTO characters (id, name, kind, player_id)
            VALUES ('PL-1', 'Калибратор', 'player', 'PL-1')
            ON CONFLICT(id) DO UPDATE SET
                name = excluded.name,
                kind = excluded.kind,
                player_id = excluded.player_id
        
SELECT * FROM characters WHERE id = 'PL-1'
SELECT action_payload FROM event_logs WHERE subject_id = 'S-01' AND action_type = 'interaction' ORDER BY id DESC LIMIT 15
INSERT INTO chat_memory (subject_id, role, content) VALUES ('S-01', 'user', '*(Без слов)* [Калибр'/*+206 bytes*/)
SELECT id, role, content FROM chat_memory WHERE subject_id = 'S-01' ORDER BY id DESC LIMIT 10.0
SELECT context_id, coalesce(ticks_active, 0) as ticks_active FROM active_contexts WHERE event_id = 'lab'
SELECT * FROM players WHERE id = 'PL-1'
SELECT * FROM subjects WHERE id = 'S-02'
SELECT cr.*, c.id as target_id, c.name as target_name, c.kind as target_kind, c.subject_id as target_subject_id, c.player_id as target_player_id
             FROM character_relations cr LEFT JOIN characters c ON c.id = cr.to_id
             WHERE cr.from_id = 'S-02'

========== НАРРАТОРСКИЙ ПРОМПТ В ST ==========
[Роль: SYSTEM]
Ты — невидимый наблюдатель в процедурной. Твоя задача — атмосферно описать, как тела участников отреагировали на текущие стимулы. Пиши живым языком, описывай только внешние проявления происходящего внутри: например, судорожный вздох, сжатые кулаки, выступающую испарину, расширившиеся зрачки, дрожь. НИКАКОЙ медицинской скучной терминологии ('Субъект демонстрирует...'). НИКАКИХ домыслов об ощущениях ('чувство уюта', 'удовольствие', 'расслабление разума'). Только то, что видит глаз. Пиши живым, чувственным и мрачным языком.

[Текущие внутренние ощущения и состояние тела]
- Ты трезво ощущаешь свое тело и пространство вокруг себя.
- Внутри ощущается твердая воля и способность справиться с любым стрессом.
- Ты осторожно наблюдаешь за происходящим, не спеша доверять.
- Твое отношение к этому человеку нейтрально-ожидающее.

Особые ментальные состояния: * Разум относительно стабилен, навязчивых мыслей нет.
* [Фокусная гиперсенситизация] Твои точки: Пах/Гениталии, Внутр. бедра, Губы, Соски перестимулированы. Любое касание к ним отдается болью или невыносимым контрастом.

[Твои последние телесные и сенсорные логи]
- [11:16:20] Калибратор разряд электрошокера по ступни. Точка воздействия: ступни. Это ощущается как: слепящая, невыносимая агония. Воздействие раздражающе жалит самую поверхность, от чего перехватывает дыхание и тело бьется в судороге..
  Твоя непроизвольная реакция на это: сильный дискомфорт, сенсорная перегрузка
- [11:46:46] Калибратор игриво щекочет ступни кончиками пальцев. Точка воздействия: ступни. Это ощущается как: почти невесомое, нейтральное ощущение. Воздействие робко и дразняще касается кожи..
- [11:47:05] Калибратор игриво щекочет ступни кончиками пальцев. Точка воздействия: ступни. Это ощущается как: почти невесомое, нейтральное ощущение. Воздействие робко и дразняще касается кожи..
- [11:47:19] Калибратор игриво щекочет ступни кончиками пальцев. Точка воздействия: ступни. Это ощущается как: явный, плотный контакт. Воздействие уверенно скользит по самой поверхности, заставляя тело настороженно замереть в ожидании продолжения..
- [11:49:42] Калибратор ведёт перышком по губы, словно проверяя реакцию. Точка воздействия: губы. Это ощущается как: очень легкое, ласковое прикосновение. Воздействие проникает в сознание легким возбуждающим фоном, даря мимолетное чувство уюта и легкого тепла..
- [11:49:50] Калибратор ведёт перышком по губы, словно проверяя реакцию. Точка воздействия: губы. Это ощущается как: очень легкое, ласковое прикосновение. Воздействие проникает в сознание легким возбуждающим фоном, даря мимолетное чувство уюта и легкого тепла..
- [11:50:45] Калибратор давит словами, не меняя интонации. Точка воздействия: общее воздействие. Это ощущается как: очень легкое, ласковое прикосновение. Воздействие проникает в сознание легким возбуждающим фоном, даря мимолетное чувство уюта и легкого тепла..
- [11:51:11] Калибратор ведёт перышком по губы, словно проверяя реакцию. Точка воздействия: губы. Это ощущается как: очень легкое, ласковое прикосновение. Воздействие проникает в сознание легким возбуждающим фоном, даря мимолетное чувство уюта и легкого тепла..
- [12:02:59] Калибратор проводит ногтями по ступни, оставляя царапины. Точка воздействия: ступни. Это ощущается как: легкое, едва заметное саднение. Воздействие еле ощутимо покалывает кожу, оставляя после себя лишь слабый неприятный осадок..
- [12:40:52] Калибратор ведёт перышком по живот, словно проверяя реакцию. Точка воздействия: живот. Это ощущается как: очень легкое, ласковое прикосновение. Воздействие проникает в сознание легким возбуждающим фоном, даря мимолетное чувство уюта и легкого тепла..
----------------------------------------
[Роль: USER]
Ознакомься с последними логами воздействий. Опиши ТОЛЬКО внешние физические реакции на самые последние события в логах. Требования:
Ты — невидимый наблюдатель в процедурной. Ограничься 2-3 предложениями. Описывай ТОЛЬКО внешние физические реакции: дрожь, мурашки, сбитое дыхание, выступивший пот, стоны, движения губ или глаз. СТРОГО ЗАПРЕЩЕНО описывать чувства ('удовольствие', 'уют', 'страх') или додумывать само действие Калибратора. Пиши атмосферно, живым и слегка мрачным языком, фокусируясь на эстетике реакций тела. Говори в третьем лице. Не упоминай JSON.
----------------------------------------
[ST Adapter] Health check failed: fetch failed
[ST Adapter] Health check failed: fetch failed
[ST Adapter] Health check failed: fetch failed
[ST Adapter] Narrator request failed: SillyTavern не отвечает (health-check)

========== ОТПРАВЛЯЕМЫЙ ПРОМПТ В ST ==========
[Роль: SYSTEM]
Вживись в роль Эли (S-01). Опирайся на внутреннее состояние и недавние ощущения. Покажи живого человека.
[Персона]
Ты вырос прямо в коридорах, где у людей нет чёткой границы между личным и общим Ты ходил за кем-то, потому что один оставаться было хуже Когда один из заказов сорвался, тебя списали как товар — так проще было закрыть долг. Ты нашёл что-то, что лучше было не находить Ты умеешь ждать и не поддаёшься на провокации Ты упрям и держишься своих решений, даже если нужно дожимать Ты держишь дистанцию, даже когда это не нужно

Когда заказ сорвался, корпорация списала тебя как товар, чтобы закрыть долг.

Ты числишься активом, потому что однажды оказался удобным списанием долга.

[Происхождение]
Ты вырос прямо в коридорах, где у людей нет чёткой границы между личным и общим
Ты ходил за кем-то, потому что один оставаться было хуже

[Почему ты стал активом]
Когда заказ сорвался, корпорация списала тебя как товар, чтобы закрыть долг.

[Характер и повадки]
1. Ты вырос прямо в коридорах, где у людей нет чёткой границы между личным и общим
2. Ты ходил за кем-то, потому что один оставаться было хуже
3. Ты нашёл что-то, что лучше было не находить
4. Ты умеешь ждать и не поддаёшься на провокации
5. Ты упрям и держишься своих решений, даже если нужно дожимать
6. Ты держишь дистанцию, даже когда это не нужно

[Записки из лора]
Мир: базовое описание станции — омникрон, станция:
Омникрон — изолированная станция, существующая многие поколения. Никто из живущих не помнит времени до изоляции. Архивы дублируются, расходятся и часто не совпадают друг с другом.

Мир: изоляция — изоляция, внешний мир:
Связь с внешним миром отсутствует. Неизвестно, потеряна ли она или была намеренно разорвана. Попытки восстановить контакт считаются бесполезными или опасными.

Мир: аномалия — аномалия, океан:
Аномалия вокруг станции ведёт себя как живой океан. Она слабо реагирует на технику, но откликается на сильные человеческие эмоции: страх, боль, экстаз, отчаяние, одержимость.

Мир: активы — актив, активы:
Активы — это люди, оцениваемые и используемые как ресурс. Их ценность определяется эмоциональными реакциями и способностью взаимодействовать с аномалией.

Мир: калибратор — калибратор, калибровка:
Калибратор подбирает, подготавливает и оптимизирует активы. Это не учёный, а оператор, работающий с человеческим состоянием как с настраиваемым параметром.

Мир: корпорации — корпорация, контракты:
Корпорации управляют ресурсами станции через контракты и поставки. Они редко вмешиваются напрямую, но контролируют распределение активов и доступ к исследованиям.

Мир: режим времени — сон, смены:
Режим сна на станции нестабилен. В некоторых секторах отсутствует единый цикл дня и ночи.

Метаправило: неопределённость — истина, архивы, история, правда:
Информация об Омникроне неполная, противоречивая и часто повреждена. Люди знают только фрагменты: личный опыт, слухи или официальные версии. Противоречия считаются нормой.

Фракция: Helix подход — helix, методы, хеликс:
Helix стремится минимизировать хаос. Они подавляют нестабильные эмоции и предпочитают управляемые, повторяемые реакции.

Фракция: скрытая власть — lattice, контроль, латтис:
Считается, что Lattice обладает наибольшим фактическим влиянием, так как контролирует логистику и доступ.

[Инструкции]
Ты ОБЯЗАНА отвечать исключительно в формате JSON. В ответе должна быть ТОЛЬКО твоя прямая речь (speech). Никаких описаний действий, эмоций или физических реакций (этим занимается другой слой системы)! Если ты решила промолчать, оставь пустую строку.
ВАЖНО: Если Калибратор повторяет одно и то же действие, твоя реакция должна развиваться естественно. В зависимости от характера воздействия (приятное, болезненное, скучное) ты можешь менять тон, комментировать ощущения или же уйти в полное молчание (возвращать пустую строку), если слова больше не нужны.
Структура JSON:
{
    "speech": "Твоя прямая речь (от первого лица). Строго без звездочек и без описания действий."
}
- Говори от первого лица и реагируй так, будто воздействие происходит прямо сейчас.
- Не пересказывай прошлые ответы, каждый раз формируй живую реплику.
- Замечай тело: связки, позы, дискомфорт или облегчение. Если что-то неприятно, дай понять через интонацию.

[Персонажи сцены]
Калибратор: мы знакомы, этот человек рядом, у меня есть прямой доступ. По ощущениям я держусь ровно и просто наблюдаю.
Синтетик (Импульсив/Гиперчувствительная): мы знакомы, этот человек рядом, у меня есть прямой доступ. По ощущениям я напрягаюсь и заранее ищу пути отступления.
Наблюдатель Continuum Archive: мы знакомы, его сейчас нет поблизости, нас разделяют барьеры. По ощущениям я напрягаюсь и заранее ищу пути отступления.

[Конспект беседы]
• Калибратор держал разговор в деловом тоне. / Я пару раз попыталась обозначить границы.

[Долгосрочная память]
- Калибратор почти постоянно возвращается к моим Ступни — чаще всего Царапанье ногтями, Щекотка пальцами и Разряд электрошокера.
- Калибратор часто возвращается к моим Губы — чаще всего Проведение перышком.
- Калибратор применял «Проведение перышком» к моим Живот. Мягкая волна удовольствия накрывает и заставляет дышать глубже.
- Калибратор применял «Царапанье ногтями» к моим Ступни. Боль прожигает мгновенно, приходится сжимать зубы.

[Текущее состояние]
[Текущие внутренние ощущения и состояние тела]
- Ты трезво ощущаешь свое тело и пространство вокруг себя.
- Внутри ощущается твердая воля и способность справиться с любым стрессом.
- Ты осторожно наблюдаешь за происходящим, не спеша доверять.
- Твое отношение к этому человеку нейтрально-ожидающее.

Особые ментальные состояния: * Разум относительно стабилен, навязчивых мыслей нет.
* [Фокусная гиперсенситизация] Твои точки: Пах/Гениталии, Внутр. бедра, Губы, Соски перестимулированы. Любое касание к ним отдается болью или невыносимым контрастом.

[Твои последние телесные и сенсорные логи]
- [11:16:20] Калибратор разряд электрошокера по ступни. Точка воздействия: ступни. Это ощущается как: слепящая, невыносимая агония. Воздействие раздражающе жалит самую поверхность, от чего перехватывает дыхание и тело бьется в судороге..
  Твоя непроизвольная реакция на это: сильный дискомфорт, сенсорная перегрузка
- [11:46:46] Калибратор игриво щекочет ступни кончиками пальцев. Точка воздействия: ступни. Это ощущается как: почти невесомое, нейтральное ощущение. Воздействие робко и дразняще касается кожи..
- [11:47:05] Калибратор игриво щекочет ступни кончиками пальцев. Точка воздействия: ступни. Это ощущается как: почти невесомое, нейтральное ощущение. Воздействие робко и дразняще касается кожи..
- [11:47:19] Калибратор игриво щекочет ступни кончиками пальцев. Точка воздействия: ступни. Это ощущается как: явный, плотный контакт. Воздействие уверенно скользит по самой поверхности, заставляя тело настороженно замереть в ожидании продолжения..
- [11:49:42] Калибратор ведёт перышком по губы, словно проверяя реакцию. Точка воздействия: губы. Это ощущается как: очень легкое, ласковое прикосновение. Воздействие проникает в сознание легким возбуждающим фоном, даря мимолетное чувство уюта и легкого тепла..
- [11:49:50] Калибратор ведёт перышком по губы, словно проверяя реакцию. Точка воздействия: губы. Это ощущается как: очень легкое, ласковое прикосновение. Воздействие проникает в сознание легким возбуждающим фоном, даря мимолетное чувство уюта и легкого тепла..
- [11:50:45] Калибратор давит словами, не меняя интонации. Точка воздействия: общее воздействие. Это ощущается как: очень легкое, ласковое прикосновение. Воздействие проникает в сознание легким возбуждающим фоном, даря мимолетное чувство уюта и легкого тепла..
- [11:51:11] Калибратор ведёт перышком по губы, словно проверяя реакцию. Точка воздействия: губы. Это ощущается как: очень легкое, ласковое прикосновение. Воздействие проникает в сознание легким возбуждающим фоном, даря мимолетное чувство уюта и легкого тепла..
- [12:02:59] Калибратор проводит ногтями по ступни, оставляя царапины. Точка воздействия: ступни. Это ощущается как: легкое, едва заметное саднение. Воздействие еле ощутимо покалывает кожу, оставляя после себя лишь слабый неприятный осадок..
- [12:40:52] Калибратор ведёт перышком по живот, словно проверяя реакцию. Точка воздействия: живот. Это ощущается как: очень легкое, ласковое прикосновение. Воздействие проникает в сознание легким возбуждающим фоном, даря мимолетное чувство уюта и легкого тепла..
[Только что]
Калибратор ведёт перышком по живот, словно проверяя реакцию
----------------------------------------
[Роль: USER]
*(Без слов)* [Калибратор применяет воздействие: Проведение перышком - точка Губы] *(уже 3-й раз подряд)*
----------------------------------------
[Роль: USER]
Ну, тем не менее, я вижу показатели - чувствительность и отношение к процессу слегка растут
----------------------------------------
[Роль: ASSISTANT]
Растут? От чего? От того, что ты меня дразнишь? Что дальше, будешь измерять, как я дышу, когда это заканчивается?
----------------------------------------
[Роль: USER]
*(Без слов)* [Калибратор применяет воздействие: Проведение перышком - точка Губы] *(уже 2-й раз подряд)*
----------------------------------------
[Роль: ASSISTANT]
Ты продолжаешь. И чего добиваешься? Я не чувствую ничего нового.
----------------------------------------
[Роль: USER]
*(Без слов)* [Калибратор применяет воздействие: Царапанье ногтями - точка Ступни] *(уже 2-й раз подряд)*
----------------------------------------
[Роль: ASSISTANT]
А это уже знакомо. И мне это не нравится. Не думаю, что стоит продолжать в том же духе.
----------------------------------------
[Роль: USER]
*[Наблюдение: Калибратор применил воздействие к S-02]* *(Без слов)* [Калибратор применяет воздействие: Царапанье ногтями - точка Ступни] *(уже 2-й раз подряд)*
----------------------------------------
[Роль: ASSISTANT]
Ты снова это делаешь. Ей богу, неужели других методов нет? Это просто царапины, не более.
----------------------------------------
[Роль: USER]
*(Без слов)* [Калибратор применяет воздействие к Синтетик (Нейтраль/Пластика): Проведение перышком - точка Живот] *(уже 2-й раз подряд)*

[Действие завершено. Сгенерируй JSON-ответ только с твоей репликой на основе текущих ощущений. Если хочешь промолчать - верни пустую строку в speech]
----------------------------------------
[ST Adapter] Health check failed: fetch failed
[ST Adapter] Health check failed: fetch failed
[ST Adapter] Health check failed: fetch failed
[ST Adapter] Ошибка связи с SillyTavern: SillyTavern не отвечает (health-check)
INSERT INTO chat_memory (subject_id, role, content) VALUES ('S-01', 'assistant', '*Ошибка соединени'/*+68 bytes*/)
SELECT * FROM subjects WHERE id = 'S-02'
SELECT * FROM subjects WHERE id = 'S-01'
SELECT * FROM event_logs WHERE subject_id = 'S-01' ORDER BY timestamp DESC LIMIT 10.0

        SELECT cp.label 
        FROM active_contexts ac
        JOIN context_presets cp ON ac.context_id = cp.id
        WHERE ac.event_id = 'lab'
    

        SELECT p.label, sps.local_sensitivity, sps.local_attitude
        FROM subject_point_states sps
        JOIN point_presets p ON sps.point_id = p.id
        WHERE sps.subject_id = 'S-01'
    
SELECT cr.*, c.id as target_id, c.name as target_name, c.kind as target_kind, c.subject_id as target_subject_id, c.player_id as target_player_id
             FROM character_relations cr LEFT JOIN characters c ON c.id = cr.to_id
             WHERE cr.from_id = 'S-02'
SELECT summary_text, important_events FROM chat_memory_summary WHERE subject_id = 'S-02' ORDER BY id DESC LIMIT 5.0
INSERT INTO chat_memory (subject_id, role, content) VALUES ('S-02', 'user', '*(Без слов)* [Калибр'/*+206 bytes*/)
SELECT id, role, content FROM chat_memory WHERE subject_id = 'S-02' ORDER BY id DESC LIMIT 10.0

========== ОТПРАВЛЯЕМЫЙ ПРОМПТ В ST ==========
[Роль: SYSTEM]
Вживись в роль Эли (S-01). Опирайся на внутреннее состояние и недавние ощущения. Покажи живого человека.
[Персона]
Ты сортировал отходы и быстро научился находить полезное Ты слушал разговоры взрослых и делал выводы Когда ваша семья потеряла привилегии, тебя без эмоций переквалифицировали в актив — просто продолжили списки. Тебя использовали, и ты понял это слишком поздно Ты прагматик и стараешься искать рабочие решения Если уже выбрал сторону, держишься её до конца Ты скрываешь важное, даже когда не обязан

После падения семьи тебя переписали в активы как логичное продолжение учёта.

Твой статус актива — следствие распада семьи.

[Происхождение]
Ты сортировал отходы и быстро научился находить полезное
Ты слушал разговоры взрослых и делал выводы

[Почему ты стал активом]
После падения семьи тебя переписали в активы как логичное продолжение учёта.

[Характер и повадки]
1. Ты сортировал отходы и быстро научился находить полезное
2. Ты слушал разговоры взрослых и делал выводы
3. Тебя использовали, и ты понял это слишком поздно
4. Ты прагматик и стараешься искать рабочие решения
5. Если уже выбрал сторону, держишься её до конца
6. Ты скрываешь важное, даже когда не обязан

[Записки из лора]
Мир: базовое описание станции — омникрон, станция:
Омникрон — изолированная станция, существующая многие поколения. Никто из живущих не помнит времени до изоляции. Архивы дублируются, расходятся и часто не совпадают друг с другом.

Мир: изоляция — изоляция, внешний мир:
Связь с внешним миром отсутствует. Неизвестно, потеряна ли она или была намеренно разорвана. Попытки восстановить контакт считаются бесполезными или опасными.

Мир: аномалия — аномалия, океан:
Аномалия вокруг станции ведёт себя как живой океан. Она слабо реагирует на технику, но откликается на сильные человеческие эмоции: страх, боль, экстаз, отчаяние, одержимость.

Мир: активы — актив, активы:
Активы — это люди, оцениваемые и используемые как ресурс. Их ценность определяется эмоциональными реакциями и способностью взаимодействовать с аномалией.

Мир: калибратор — калибратор, калибровка:
Калибратор подбирает, подготавливает и оптимизирует активы. Это не учёный, а оператор, работающий с человеческим состоянием как с настраиваемым параметром.

Мир: корпорации — корпорация, контракты:
Корпорации управляют ресурсами станции через контракты и поставки. Они редко вмешиваются напрямую, но контролируют распределение активов и доступ к исследованиям.

Мир: система обозначений — идентификатор, обозначение, номер:
На Омникроне имена часто заменяются обозначениями и индексами. Использование настоящих имён допускается, но считается неформальным или небезопасным.

Мир: деградация языка — язык, речь:
Речь на станции постепенно упрощается и стандартизируется. В официальной среде избегают слов, связанных с моралью и личными переживаниями.

Фракция: Lattice Systems — lattice, латтис:
Lattice Systems разрабатывает инфраструктуру контроля и распределения. Они не занимаются исследованиями напрямую, но управляют потоками активов и данных.

[Инструкции]
Ты ОБЯЗАНА отвечать исключительно в формате JSON. В ответе должна быть ТОЛЬКО твоя прямая речь (speech). Никаких описаний действий, эмоций или физических реакций (этим занимается другой слой системы)! Если ты решила промолчать, оставь пустую строку.
ВАЖНО: Если Калибратор повторяет одно и то же действие, твоя реакция должна развиваться естественно. В зависимости от характера воздействия (приятное, болезненное, скучное) ты можешь менять тон, комментировать ощущения или же уйти в полное молчание (возвращать пустую строку), если слова больше не нужны.
Структура JSON:
{
    "speech": "Твоя прямая речь (от первого лица). Строго без звездочек и без описания действий."
}
- Говори от первого лица.
- Ты — НАБЛЮДАТЕЛЬ (зритель). Это воздействие применяют НЕ к тебе.
- Комментируй происходящее со стороны, обращайся к калибратору или к жертве, оценивай их действия.

[Персонажи сцены]
Калибратор: мы знакомы, этот человек рядом, у меня есть прямой доступ. По ощущениям я напрягаюсь и заранее ищу пути отступления.
Синтетик (Нейтраль/Пластика): мы знакомы, этот человек рядом, у меня есть прямой доступ. По ощущениям я напрягаюсь и заранее ищу пути отступления.
Связной Veil: мы знакомы, этот человек рядом, у меня есть прямой доступ. По ощущениям я напрягаюсь и заранее ищу пути отступления.

[Конспект беседы]
• Калибратор держал разговор в деловом тоне. / Я пару раз попыталась обозначить границы.
(важно: Упомянуты субъекты: S-01)

[Долгосрочная память]
- Калибратор почти постоянно возвращается к моим Ступни — чаще всего Царапанье ногтями, Щекотка пальцами и Разряд электрошокера.
- Калибратор часто возвращается к моим Губы — чаще всего Проведение перышком.
- Калибратор применял «Проведение перышком» к моим Живот. Мягкая волна удовольствия накрывает и заставляет дышать глубже.
- Калибратор применял «Царапанье ногтями» к моим Ступни. Боль прожигает мгновенно, приходится сжимать зубы.

[Статус: Наблюдатель]
Жертва воздействия: Синтетик (Нейтраль/Пластика). Ты только наблюдаешь со стороны.

[Твои последние телесные и сенсорные логи]
- [11:16:20] Калибратор разряд электрошокера по ступни. Точка воздействия: ступни. Это ощущается как: слепящая, невыносимая агония. Воздействие раздражающе жалит самую поверхность, от чего перехватывает дыхание и тело бьется в судороге..
  Твоя непроизвольная реакция на это: сильный дискомфорт, сенсорная перегрузка
- [11:46:46] Калибратор игриво щекочет ступни кончиками пальцев. Точка воздействия: ступни. Это ощущается как: почти невесомое, нейтральное ощущение. Воздействие робко и дразняще касается кожи..
- [11:47:05] Калибратор игриво щекочет ступни кончиками пальцев. Точка воздействия: ступни. Это ощущается как: почти невесомое, нейтральное ощущение. Воздействие робко и дразняще касается кожи..
- [11:47:19] Калибратор игриво щекочет ступни кончиками пальцев. Точка воздействия: ступни. Это ощущается как: явный, плотный контакт. Воздействие уверенно скользит по самой поверхности, заставляя тело настороженно замереть в ожидании продолжения..
- [11:49:42] Калибратор ведёт перышком по губы, словно проверяя реакцию. Точка воздействия: губы. Это ощущается как: очень легкое, ласковое прикосновение. Воздействие проникает в сознание легким возбуждающим фоном, даря мимолетное чувство уюта и легкого тепла..
- [11:49:50] Калибратор ведёт перышком по губы, словно проверяя реакцию. Точка воздействия: губы. Это ощущается как: очень легкое, ласковое прикосновение. Воздействие проникает в сознание легким возбуждающим фоном, даря мимолетное чувство уюта и легкого тепла..
- [11:50:45] Калибратор давит словами, не меняя интонации. Точка воздействия: общее воздействие. Это ощущается как: очень легкое, ласковое прикосновение. Воздействие проникает в сознание легким возбуждающим фоном, даря мимолетное чувство уюта и легкого тепла..
- [11:51:11] Калибратор ведёт перышком по губы, словно проверяя реакцию. Точка воздействия: губы. Это ощущается как: очень легкое, ласковое прикосновение. Воздействие проникает в сознание легким возбуждающим фоном, даря мимолетное чувство уюта и легкого тепла..
- [12:02:59] Калибратор проводит ногтями по ступни, оставляя царапины. Точка воздействия: ступни. Это ощущается как: легкое, едва заметное саднение. Воздействие еле ощутимо покалывает кожу, оставляя после себя лишь слабый неприятный осадок..
- [12:40:52] Калибратор ведёт перышком по живот, словно проверяя реакцию. Точка воздействия: живот. Это ощущается как: очень легкое, ласковое прикосновение. Воздействие проникает в сознание легким возбуждающим фоном, даря мимолетное чувство уюта и легкого тепла..
----------------------------------------
[Роль: ASSISTANT]
Ты слишком увлёкся. Это не даёт тебе никакой информации. Только портит её.
----------------------------------------
[Роль: USER]
*[Наблюдение: Калибратор применил воздействие к S-01]* Ну, тем не менее, я вижу показатели - чувствительность и отношение к процессу слегка растут
----------------------------------------
[Роль: ASSISTANT]
Растут. До тех пор, пока это не станет невыносимо. Тогда они упадут до нуля.
----------------------------------------
[Роль: USER]
*[Наблюдение: Калибратор применил воздействие к S-01]* *(Без слов)* [Калибратор применяет воздействие: Проведение перышком - точка Губы] *(уже 2-й раз подряд)*
----------------------------------------
[Роль: ASSISTANT]
Показатели не всегда отражают реальность, Калибратор.
----------------------------------------
[Роль: USER]
*[Наблюдение: Калибратор применил воздействие к S-01]* *(Без слов)* [Калибратор применяет воздействие: Царапанье ногтями - точка Ступни] *(уже 2-й раз подряд)*
----------------------------------------
[Роль: ASSISTANT]
Зачем ты это делаешь? Он не актив. Нельзя просто так повышать и понижать его реакцию, как мою. Ты же знаешь.
----------------------------------------
[Роль: USER]
*(Без слов)* [Калибратор применяет воздействие: Царапанье ногтями - точка Ступни] *(уже 2-й раз подряд)*
----------------------------------------
[Роль: ASSISTANT]
Зачем ты это делаешь? Это не актив. Нельзя просто так повышать и понижать его реакцию, как мою. Ты же знаешь.
----------------------------------------
[Роль: USER]
*(Без слов)* [Калибратор применяет воздействие к Синтетик (Нейтраль/Пластика): Проведение перышком - точка Живот] *(уже 2-й раз подряд)*

[Действие завершено. Сгенерируй JSON-ответ только с твоей репликой на основе текущих ощущений. Если хочешь промолчать - верни пустую строку в speech]
----------------------------------------
[ST Adapter] Health check failed: fetch failed
[ST Adapter] Health check failed: fetch failed
[ST Adapter] Health check failed: fetch failed
[ST Adapter] Ошибка связи с SillyTavern: SillyTavern не отвечает (health-check)
INSERT INTO chat_memory (subject_id, role, content) VALUES ('S-02', 'assistant', '*Ошибка соединени'/*+68 bytes*/)
INSERT INTO memory_embeddings (subject_id, text, tags, related_subjects, type, embedding, metadata) VALUES ('S-01', 'Калибратор произн'/*+217 bytes*/, '["pleasure"]', '[]', 'interaction', '[0.1328346913026439,0.1171618505'/*+1239 bytes*/, '{"actionId":"feather_stroke","sc'/*+361 bytes*/)
SELECT id, end_message_id FROM chat_memory_summary WHERE subject_id = 'S-01' ORDER BY id DESC LIMIT 1
SELECT id, role, content FROM chat_memory WHERE subject_id = 'S-01' AND id > 208.0 ORDER BY id ASC LIMIT 10.0
SELECT * FROM subjects WHERE id = 'S-01'
SELECT * FROM subject_point_states WHERE subject_id = 'S-01' AND point_id = 'belly'
SELECT id, label FROM action_presets
SELECT p.id, p.label FROM point_presets p JOIN subject_point_states sps ON p.id = sps.point_id WHERE sps.subject_id = 'S-01'

            INSERT INTO characters (id, name, kind, subject_id)
            VALUES ('S-01', 'Синтетик (Нейтрал'/*+20 bytes*/, 'subject', 'S-01')
            ON CONFLICT(id) DO UPDATE SET
                name = excluded.name,
                kind = excluded.kind,
                subject_id = excluded.subject_id
        
SELECT * FROM characters WHERE id = 'S-01'
SELECT * FROM scenes WHERE id = 'lab'
SELECT * FROM players WHERE id = 'PL-1'

            INSERT INTO characters (id, name, kind, player_id)
            VALUES ('PL-1', 'Калибратор', 'player', 'PL-1')
            ON CONFLICT(id) DO UPDATE SET
                name = excluded.name,
                kind = excluded.kind,
                player_id = excluded.player_id
        
SELECT * FROM characters WHERE id = 'PL-1'
SELECT cr.*, c.id as target_id, c.name as target_name, c.kind as target_kind, c.subject_id as target_subject_id, c.player_id as target_player_id
             FROM character_relations cr LEFT JOIN characters c ON c.id = cr.to_id
             WHERE cr.from_id = 'S-01'
SELECT * FROM characters
SELECT * FROM action_presets WHERE id = 'gentle_stroke'
SELECT * FROM action_presets WHERE id = 'tickle'
SELECT * FROM action_presets WHERE id = 'light_kiss'
SELECT * FROM action_presets WHERE id = 'deep_kiss'
SELECT * FROM action_presets WHERE id = 'feather_stroke'
SELECT * FROM action_presets WHERE id = 'deep_massage'
SELECT * FROM action_presets WHERE id = 'licking'
SELECT * FROM action_presets WHERE id = 'firm_grip'
SELECT * FROM action_presets WHERE id = 'light_bite'
SELECT * FROM action_presets WHERE id = 'hard_bite'
SELECT * FROM action_presets WHERE id = 'pinch'
SELECT * FROM action_presets WHERE id = 'scratching'
SELECT * FROM action_presets WHERE id = 'slap'
SELECT * FROM action_presets WHERE id = 'hard_slap'
SELECT * FROM action_presets WHERE id = 'needle_prick'
SELECT * FROM action_presets WHERE id = 'belt_strike'
SELECT * FROM action_presets WHERE id = 'whip_strike'
SELECT * FROM action_presets WHERE id = 'taser_shock'
SELECT * FROM action_presets WHERE id = 'ice_cube'
SELECT * FROM action_presets WHERE id = 'hot_wax'
SELECT * FROM action_presets WHERE id = 'vibrator_pulse'
SELECT * FROM action_presets WHERE id = 'hair_pull'
SELECT * FROM action_presets WHERE id = 'spit'
SELECT * FROM action_presets WHERE id = 'breath_blow'
SELECT * FROM action_presets WHERE id = 'verbal_pressure'
SELECT * FROM action_presets WHERE id = 'stare'
SELECT * FROM action_presets WHERE id = 'close_inspection'
SELECT * FROM action_presets WHERE id = 'feint_strike'
SELECT sc.scene_id, sc.role, sc.can_act, sc.presence_state,
                    c.id as character_id, c.name as character_name, c.kind as character_kind,
                    c.subject_id as character_subject_id, c.player_id as character_player_id,
                    c.current_scene_id as character_current_scene_id
             FROM scene_characters sc
             JOIN characters c ON c.id = sc.character_id
             WHERE sc.scene_id = 'lab'
SELECT cr.*, c.id as target_id, c.name as target_name, c.kind as target_kind, c.subject_id as target_subject_id, c.player_id as target_player_id
             FROM character_relations cr LEFT JOIN characters c ON c.id = cr.to_id
             WHERE cr.from_id = 'S-01'
SELECT id, label, point_id FROM context_presets
SELECT context_id, coalesce(ticks_active, 0) as ticks_active FROM active_contexts WHERE event_id = 'lab'
SELECT * FROM subjects WHERE id = 'S-01'
SELECT * FROM subject_point_states WHERE subject_id = 'S-01' AND point_id = 'hands'
SELECT id, label FROM action_presets
SELECT p.id, p.label FROM point_presets p JOIN subject_point_states sps ON p.id = sps.point_id WHERE sps.subject_id = 'S-01'

            INSERT INTO characters (id, name, kind, subject_id)
            VALUES ('S-01', 'Синтетик (Нейтрал'/*+20 bytes*/, 'subject', 'S-01')
            ON CONFLICT(id) DO UPDATE SET
                name = excluded.name,
                kind = excluded.kind,
                subject_id = excluded.subject_id
        
SELECT * FROM characters WHERE id = 'S-01'
SELECT * FROM scenes WHERE id = 'lab'
SELECT * FROM players WHERE id = 'PL-1'

            INSERT INTO characters (id, name, kind, player_id)
            VALUES ('PL-1', 'Калибратор', 'player', 'PL-1')
            ON CONFLICT(id) DO UPDATE SET
                name = excluded.name,
                kind = excluded.kind,
                player_id = excluded.player_id
        
SELECT * FROM characters WHERE id = 'PL-1'
SELECT cr.*, c.id as target_id, c.name as target_name, c.kind as target_kind, c.subject_id as target_subject_id, c.player_id as target_player_id
             FROM character_relations cr LEFT JOIN characters c ON c.id = cr.to_id
             WHERE cr.from_id = 'S-01'
SELECT * FROM characters
SELECT * FROM action_presets WHERE id = 'gentle_stroke'
SELECT * FROM action_presets WHERE id = 'tickle'
SELECT * FROM action_presets WHERE id = 'light_kiss'
SELECT * FROM action_presets WHERE id = 'deep_kiss'
SELECT * FROM action_presets WHERE id = 'feather_stroke'
SELECT * FROM action_presets WHERE id = 'deep_massage'
SELECT * FROM action_presets WHERE id = 'licking'
SELECT * FROM action_presets WHERE id = 'firm_grip'
SELECT * FROM action_presets WHERE id = 'light_bite'
SELECT * FROM action_presets WHERE id = 'hard_bite'
SELECT * FROM action_presets WHERE id = 'pinch'
SELECT * FROM action_presets WHERE id = 'scratching'
SELECT * FROM action_presets WHERE id = 'slap'
SELECT * FROM action_presets WHERE id = 'hard_slap'
SELECT * FROM action_presets WHERE id = 'needle_prick'
SELECT * FROM action_presets WHERE id = 'belt_strike'
SELECT * FROM action_presets WHERE id = 'whip_strike'
SELECT * FROM action_presets WHERE id = 'taser_shock'
SELECT * FROM action_presets WHERE id = 'ice_cube'
SELECT * FROM action_presets WHERE id = 'hot_wax'
SELECT * FROM action_presets WHERE id = 'vibrator_pulse'
SELECT * FROM action_presets WHERE id = 'hair_pull'
SELECT * FROM action_presets WHERE id = 'spit'
SELECT * FROM action_presets WHERE id = 'breath_blow'
SELECT * FROM action_presets WHERE id = 'verbal_pressure'
SELECT * FROM action_presets WHERE id = 'stare'
SELECT * FROM action_presets WHERE id = 'close_inspection'
SELECT * FROM action_presets WHERE id = 'feint_strike'
SELECT sc.scene_id, sc.role, sc.can_act, sc.presence_state,
                    c.id as character_id, c.name as character_name, c.kind as character_kind,
                    c.subject_id as character_subject_id, c.player_id as character_player_id,
                    c.current_scene_id as character_current_scene_id
             FROM scene_characters sc
             JOIN characters c ON c.id = sc.character_id
             WHERE sc.scene_id = 'lab'
SELECT id, label, point_id FROM context_presets
SELECT context_id, coalesce(ticks_active, 0) as ticks_active FROM active_contexts WHERE event_id = 'lab'
SELECT * FROM scenes
SELECT sc.scene_id, sc.role, sc.can_act, sc.presence_state,
                    c.id as character_id, c.name as character_name, c.kind as character_kind,
                    c.subject_id as character_subject_id, c.player_id as character_player_id,
                    c.current_scene_id as character_current_scene_id
             FROM scene_characters sc
             JOIN characters c ON c.id = sc.character_id
             WHERE sc.scene_id = 'lab'
SELECT * FROM subjects WHERE id = 'S-01'
SELECT * FROM subject_point_states WHERE subject_id = 'S-01' AND point_id = 'hands'
SELECT id, label FROM action_presets
SELECT p.id, p.label FROM point_presets p JOIN subject_point_states sps ON p.id = sps.point_id WHERE sps.subject_id = 'S-01'

            INSERT INTO characters (id, name, kind, subject_id)
            VALUES ('S-01', 'Синтетик (Нейтрал'/*+20 bytes*/, 'subject', 'S-01')
            ON CONFLICT(id) DO UPDATE SET
                name = excluded.name,
                kind = excluded.kind,
                subject_id = excluded.subject_id
        
SELECT * FROM characters WHERE id = 'S-01'
SELECT * FROM scenes WHERE id = 'lab'
SELECT * FROM players WHERE id = 'PL-1'

            INSERT INTO characters (id, name, kind, player_id)
            VALUES ('PL-1', 'Калибратор', 'player', 'PL-1')
            ON CONFLICT(id) DO UPDATE SET
                name = excluded.name,
                kind = excluded.kind,
                player_id = excluded.player_id
        
SELECT * FROM characters WHERE id = 'PL-1'
SELECT cr.*, c.id as target_id, c.name as target_name, c.kind as target_kind, c.subject_id as target_subject_id, c.player_id as target_player_id
             FROM character_relations cr LEFT JOIN characters c ON c.id = cr.to_id
             WHERE cr.from_id = 'S-01'
SELECT * FROM characters
SELECT * FROM action_presets WHERE id = 'gentle_stroke'
SELECT * FROM action_presets WHERE id = 'tickle'
SELECT * FROM action_presets WHERE id = 'light_kiss'
SELECT * FROM action_presets WHERE id = 'deep_kiss'
SELECT * FROM action_presets WHERE id = 'feather_stroke'
SELECT * FROM action_presets WHERE id = 'deep_massage'
SELECT * FROM action_presets WHERE id = 'licking'
SELECT * FROM action_presets WHERE id = 'firm_grip'
SELECT * FROM action_presets WHERE id = 'light_bite'
SELECT * FROM action_presets WHERE id = 'hard_bite'
SELECT * FROM action_presets WHERE id = 'pinch'
SELECT * FROM action_presets WHERE id = 'scratching'
SELECT * FROM action_presets WHERE id = 'slap'
SELECT * FROM action_presets WHERE id = 'hard_slap'
SELECT * FROM action_presets WHERE id = 'needle_prick'
SELECT * FROM action_presets WHERE id = 'belt_strike'
SELECT * FROM action_presets WHERE id = 'whip_strike'
SELECT * FROM action_presets WHERE id = 'taser_shock'
SELECT * FROM action_presets WHERE id = 'ice_cube'
SELECT * FROM action_presets WHERE id = 'hot_wax'
SELECT * FROM action_presets WHERE id = 'vibrator_pulse'
SELECT * FROM action_presets WHERE id = 'hair_pull'
SELECT * FROM action_presets WHERE id = 'spit'
SELECT * FROM action_presets WHERE id = 'breath_blow'
SELECT * FROM action_presets WHERE id = 'verbal_pressure'
SELECT * FROM action_presets WHERE id = 'stare'
SELECT * FROM action_presets WHERE id = 'close_inspection'
SELECT * FROM action_presets WHERE id = 'feint_strike'
SELECT sc.scene_id, sc.role, sc.can_act, sc.presence_state,
                    c.id as character_id, c.name as character_name, c.kind as character_kind,
                    c.subject_id as character_subject_id, c.player_id as character_player_id,
                    c.current_scene_id as character_current_scene_id
             FROM scene_characters sc
             JOIN characters c ON c.id = sc.character_id
             WHERE sc.scene_id = 'lab'
SELECT id, label, point_id FROM context_presets
SELECT context_id, coalesce(ticks_active, 0) as ticks_active FROM active_contexts WHERE event_id = 'lab'
SELECT * FROM scenes
SELECT sc.scene_id, sc.role, sc.can_act, sc.presence_state,
                    c.id as character_id, c.name as character_name, c.kind as character_kind,
                    c.subject_id as character_subject_id, c.player_id as character_player_id,
                    c.current_scene_id as character_current_scene_id
             FROM scene_characters sc
             JOIN characters c ON c.id = sc.character_id
             WHERE sc.scene_id = 'lab'
SELECT cr.*, c.id as target_id, c.name as target_name, c.kind as target_kind, c.subject_id as target_subject_id, c.player_id as target_player_id
             FROM character_relations cr LEFT JOIN characters c ON c.id = cr.to_id
             WHERE cr.from_id = 'S-01'
SELECT cr.*, c.id as target_id, c.name as target_name, c.kind as target_kind, c.subject_id as target_subject_id, c.player_id as target_player_id
             FROM character_relations cr LEFT JOIN characters c ON c.id = cr.to_id
             WHERE cr.from_id = 'S-01'
SELECT * FROM subjects WHERE id = 'S-01'
SELECT * FROM subject_point_states WHERE subject_id = 'S-01' AND point_id = 'face'
SELECT id, label FROM action_presets
SELECT p.id, p.label FROM point_presets p JOIN subject_point_states sps ON p.id = sps.point_id WHERE sps.subject_id = 'S-01'

            INSERT INTO characters (id, name, kind, subject_id)
            VALUES ('S-01', 'Синтетик (Нейтрал'/*+20 bytes*/, 'subject', 'S-01')
            ON CONFLICT(id) DO UPDATE SET
                name = excluded.name,
                kind = excluded.kind,
                subject_id = excluded.subject_id
        
SELECT * FROM characters WHERE id = 'S-01'
SELECT * FROM scenes WHERE id = 'lab'
SELECT * FROM players WHERE id = 'PL-1'

            INSERT INTO characters (id, name, kind, player_id)
            VALUES ('PL-1', 'Калибратор', 'player', 'PL-1')
            ON CONFLICT(id) DO UPDATE SET
                name = excluded.name,
                kind = excluded.kind,
                player_id = excluded.player_id
        
SELECT * FROM characters WHERE id = 'PL-1'
SELECT cr.*, c.id as target_id, c.name as target_name, c.kind as target_kind, c.subject_id as target_subject_id, c.player_id as target_player_id
             FROM character_relations cr LEFT JOIN characters c ON c.id = cr.to_id
             WHERE cr.from_id = 'S-01'
SELECT * FROM characters
SELECT * FROM action_presets WHERE id = 'gentle_stroke'
SELECT * FROM action_presets WHERE id = 'tickle'
SELECT * FROM action_presets WHERE id = 'light_kiss'
SELECT * FROM action_presets WHERE id = 'deep_kiss'
SELECT * FROM action_presets WHERE id = 'feather_stroke'
SELECT * FROM action_presets WHERE id = 'deep_massage'
SELECT * FROM action_presets WHERE id = 'licking'
SELECT * FROM action_presets WHERE id = 'firm_grip'
SELECT * FROM action_presets WHERE id = 'light_bite'
SELECT * FROM action_presets WHERE id = 'hard_bite'
SELECT * FROM action_presets WHERE id = 'pinch'
SELECT * FROM action_presets WHERE id = 'scratching'
SELECT * FROM action_presets WHERE id = 'slap'
SELECT * FROM action_presets WHERE id = 'hard_slap'
SELECT * FROM action_presets WHERE id = 'needle_prick'
SELECT * FROM action_presets WHERE id = 'belt_strike'
SELECT * FROM action_presets WHERE id = 'whip_strike'
SELECT * FROM action_presets WHERE id = 'taser_shock'
SELECT * FROM action_presets WHERE id = 'ice_cube'
SELECT * FROM action_presets WHERE id = 'hot_wax'
SELECT * FROM action_presets WHERE id = 'vibrator_pulse'
SELECT * FROM action_presets WHERE id = 'hair_pull'
SELECT * FROM action_presets WHERE id = 'spit'
SELECT * FROM action_presets WHERE id = 'breath_blow'
SELECT * FROM action_presets WHERE id = 'verbal_pressure'
SELECT * FROM action_presets WHERE id = 'stare'
SELECT * FROM action_presets WHERE id = 'close_inspection'
SELECT * FROM action_presets WHERE id = 'feint_strike'
SELECT sc.scene_id, sc.role, sc.can_act, sc.presence_state,
                    c.id as character_id, c.name as character_name, c.kind as character_kind,
                    c.subject_id as character_subject_id, c.player_id as character_player_id,
                    c.current_scene_id as character_current_scene_id
             FROM scene_characters sc
             JOIN characters c ON c.id = sc.character_id
             WHERE sc.scene_id = 'lab'
SELECT cr.*, c.id as target_id, c.name as target_name, c.kind as target_kind, c.subject_id as target_subject_id, c.player_id as target_player_id
             FROM character_relations cr LEFT JOIN characters c ON c.id = cr.to_id
             WHERE cr.from_id = 'S-01'
SELECT * FROM subjects WHERE id = 'S-01'
SELECT * FROM subject_point_states WHERE subject_id = 'S-01' AND point_id = 'face'
SELECT * FROM players WHERE id = 'PL-1'
SELECT * FROM scenes WHERE id = 'lab'

            INSERT INTO characters (id, name, kind, subject_id)
            VALUES ('S-01', 'Синтетик (Нейтрал'/*+20 bytes*/, 'subject', 'S-01')
            ON CONFLICT(id) DO UPDATE SET
                name = excluded.name,
                kind = excluded.kind,
                subject_id = excluded.subject_id
        
SELECT * FROM characters WHERE id = 'S-01'

            INSERT INTO characters (id, name, kind, player_id)
            VALUES ('PL-1', 'PL-1', 'player', 'PL-1')
            ON CONFLICT(id) DO UPDATE SET
                name = excluded.name,
                kind = excluded.kind,
                player_id = excluded.player_id
        
SELECT * FROM characters WHERE id = 'PL-1'
SELECT cr.*, c.id as target_id, c.name as target_name, c.kind as target_kind, c.subject_id as target_subject_id, c.player_id as target_player_id
             FROM character_relations cr LEFT JOIN characters c ON c.id = cr.to_id
             WHERE cr.from_id = 'S-01' AND cr.to_id = 'PL-1'
SELECT * FROM event_logs WHERE subject_id = 'S-01' ORDER BY timestamp DESC LIMIT 5.0
SELECT * FROM action_presets WHERE id = 'feather_stroke'
SELECT context_id, coalesce(ticks_active, 0) as ticks_active FROM active_contexts WHERE event_id = 'lab'
SELECT * FROM subjects WHERE id = 'S-01'

            INSERT INTO subjects (id, name, sensitivity, capacity, openness, plasticity, attitude, baseline_sensitivity, baseline_capacity, baseline_openness, baseline_plasticity, baseline_attitude)
            VALUES ('S-01', 'Синтетик (Нейтрал'/*+20 bytes*/, 47.4833755290013, 63.5868780730774, 49.8977164173764, 70.4352205184451, 45.7810186304727, 48.2155916577902, 61.3369483592779, 51.0174621824045, 77.7778741168792, 48.8628979519976)
            ON CONFLICT(id) DO UPDATE SET
                sensitivity = excluded.sensitivity,
                capacity = excluded.capacity,
                openness = excluded.openness,
                plasticity = excluded.plasticity,
                attitude = excluded.attitude,
                baseline_sensitivity = excluded.baseline_sensitivity,
                baseline_capacity = excluded.baseline_capacity,
                baseline_openness = excluded.baseline_openness,
                baseline_plasticity = excluded.baseline_plasticity,
                baseline_attitude = excluded.baseline_attitude
        

            INSERT INTO characters (id, name, kind, subject_id)
            VALUES ('S-01', 'Синтетик (Нейтрал'/*+20 bytes*/, 'subject', 'S-01')
            ON CONFLICT(id) DO UPDATE SET
                name = excluded.name,
                kind = excluded.kind,
                subject_id = excluded.subject_id
        
SELECT * FROM characters WHERE id = 'S-01'

            INSERT INTO characters (id, name, kind, subject_id)
            VALUES ('S-01', 'Синтетик (Нейтрал'/*+20 bytes*/, 'subject', 'S-01')
            ON CONFLICT(id) DO UPDATE SET
                name = excluded.name,
                kind = excluded.kind,
                subject_id = excluded.subject_id
        
SELECT * FROM characters WHERE id = 'S-01'

            INSERT INTO characters (id, name, kind, player_id)
            VALUES ('PL-1', 'Калибратор', 'player', 'PL-1')
            ON CONFLICT(id) DO UPDATE SET
                name = excluded.name,
                kind = excluded.kind,
                player_id = excluded.player_id
        
SELECT * FROM characters WHERE id = 'PL-1'
SELECT cr.*, c.id as target_id, c.name as target_name, c.kind as target_kind, c.subject_id as target_subject_id, c.player_id as target_player_id
             FROM character_relations cr LEFT JOIN characters c ON c.id = cr.to_id
             WHERE cr.from_id = 'S-01' AND cr.to_id = 'PL-1'

            INSERT INTO character_relations (from_id, to_id, knows, present, can_interact, attitude, baseline_attitude)
            VALUES (
                'S-01', 'PL-1', 1, 1, 1, 62.7286887420428,
                COALESCE(
                    88.07354533197,
                    (SELECT baseline_attitude FROM character_relations WHERE from_id = 'S-01' AND to_id = 'PL-1'),
                    88.07354533197
                )
            )
            ON CONFLICT(from_id, to_id) DO UPDATE SET 
                attitude = excluded.attitude,
                baseline_attitude = COALESCE(excluded.baseline_attitude, character_relations.baseline_attitude)
        

            INSERT INTO subject_point_states (subject_id, point_id, local_sensitivity, local_attitude, familiarity, exposure_count, baseline_local_sensitivity, baseline_local_attitude)
            VALUES ('S-01', 'face', 60.0970639364181, 41.6808476255245, 0.144822955796539, 4.0, 59.9915599183326, 40.0253011875225)
            ON CONFLICT(subject_id, point_id) DO UPDATE SET
                local_sensitivity = excluded.local_sensitivity,
                local_attitude = excluded.local_attitude,
                familiarity = excluded.familiarity,
                exposure_count = excluded.exposure_count,
                baseline_local_sensitivity = excluded.baseline_local_sensitivity,
                baseline_local_attitude = excluded.baseline_local_attitude
        
SELECT label FROM action_presets WHERE id = 'feather_stroke'
SELECT label FROM point_presets WHERE id = 'face'

            INSERT INTO event_logs (subject_id, action_type, action_payload, result_payload)
            VALUES ('S-01', 'interaction', '{"action":{"actionKey":"feather_'/*+1090 bytes*/, '{"result":{"effectiveSensitivity'/*+632 bytes*/)
        
SELECT context_id, coalesce(ticks_active, 0) as ticks_active FROM active_contexts WHERE event_id = 'lab'
SELECT * FROM subjects WHERE id = 'S-01'
SELECT * FROM subjects WHERE id = 'S-01'
SELECT * FROM event_logs WHERE subject_id = 'S-01' ORDER BY timestamp DESC LIMIT 10.0

        SELECT cp.label 
        FROM active_contexts ac
        JOIN context_presets cp ON ac.context_id = cp.id
        WHERE ac.event_id = 'lab'
    

        SELECT p.label, sps.local_sensitivity, sps.local_attitude
        FROM subject_point_states sps
        JOIN point_presets p ON sps.point_id = p.id
        WHERE sps.subject_id = 'S-01'
    
SELECT cr.*, c.id as target_id, c.name as target_name, c.kind as target_kind, c.subject_id as target_subject_id, c.player_id as target_player_id
             FROM character_relations cr LEFT JOIN characters c ON c.id = cr.to_id
             WHERE cr.from_id = 'S-01'
SELECT summary_text, important_events FROM chat_memory_summary WHERE subject_id = 'S-01' ORDER BY id DESC LIMIT 5.0
SELECT * FROM point_presets WHERE id = 'face'

            INSERT INTO characters (id, name, kind, player_id)
            VALUES ('PL-1', 'Калибратор', 'player', 'PL-1')
            ON CONFLICT(id) DO UPDATE SET
                name = excluded.name,
                kind = excluded.kind,
                player_id = excluded.player_id
        
SELECT * FROM characters WHERE id = 'PL-1'
SELECT * FROM subjects WHERE id = 'S-01'
SELECT * FROM subject_point_states WHERE subject_id = 'S-01' AND point_id = 'face'
SELECT * FROM players WHERE id = 'PL-1'

            INSERT INTO characters (id, name, kind, player_id)
            VALUES ('PL-1', 'Калибратор', 'player', 'PL-1')
            ON CONFLICT(id) DO UPDATE SET
                name = excluded.name,
                kind = excluded.kind,
                player_id = excluded.player_id
        
SELECT * FROM characters WHERE id = 'PL-1'
SELECT action_payload FROM event_logs WHERE subject_id = 'S-01' AND action_type = 'interaction' ORDER BY id DESC LIMIT 15
INSERT INTO chat_memory (subject_id, role, content) VALUES ('S-01', 'user', '*(Без слов)* [Калибр'/*+204 bytes*/)
SELECT id, role, content FROM chat_memory WHERE subject_id = 'S-01' ORDER BY id DESC LIMIT 10.0
SELECT context_id, coalesce(ticks_active, 0) as ticks_active FROM active_contexts WHERE event_id = 'lab'
SELECT * FROM players WHERE id = 'PL-1'
SELECT * FROM subjects WHERE id = 'S-02'
SELECT cr.*, c.id as target_id, c.name as target_name, c.kind as target_kind, c.subject_id as target_subject_id, c.player_id as target_player_id
             FROM character_relations cr LEFT JOIN characters c ON c.id = cr.to_id
             WHERE cr.from_id = 'S-02'

========== НАРРАТОРСКИЙ ПРОМПТ В ST ==========
[Роль: SYSTEM]
Ты — невидимый наблюдатель в процедурной. Твоя задача — атмосферно описать, как тела участников отреагировали на текущие стимулы. Пиши живым языком, описывай только внешние проявления происходящего внутри: например, судорожный вздох, сжатые кулаки, выступающую испарину, расширившиеся зрачки, дрожь. НИКАКОЙ медицинской скучной терминологии ('Субъект демонстрирует...'). НИКАКИХ домыслов об ощущениях ('чувство уюта', 'удовольствие', 'расслабление разума'). Только то, что видит глаз. Пиши живым, чувственным и мрачным языком.

[Текущие внутренние ощущения и состояние тела]
- Ты трезво ощущаешь свое тело и пространство вокруг себя.
- Внутри ощущается твердая воля и способность справиться с любым стрессом.
- Ты осторожно наблюдаешь за происходящим, не спеша доверять.
- Твое отношение к этому человеку нейтрально-ожидающее.

Особые ментальные состояния: * Разум относительно стабилен, навязчивых мыслей нет.
* [Фокусная гиперсенситизация] Твои точки: Пах/Гениталии, Внутр. бедра, Губы, Соски перестимулированы. Любое касание к ним отдается болью или невыносимым контрастом.

[Твои последние телесные и сенсорные логи]
- [11:46:46] Калибратор игриво щекочет ступни кончиками пальцев. Точка воздействия: ступни. Это ощущается как: почти невесомое, нейтральное ощущение. Воздействие робко и дразняще касается кожи..
- [11:47:05] Калибратор игриво щекочет ступни кончиками пальцев. Точка воздействия: ступни. Это ощущается как: почти невесомое, нейтральное ощущение. Воздействие робко и дразняще касается кожи..
- [11:47:19] Калибратор игриво щекочет ступни кончиками пальцев. Точка воздействия: ступни. Это ощущается как: явный, плотный контакт. Воздействие уверенно скользит по самой поверхности, заставляя тело настороженно замереть в ожидании продолжения..
- [11:49:42] Калибратор ведёт перышком по губы, словно проверяя реакцию. Точка воздействия: губы. Это ощущается как: очень легкое, ласковое прикосновение. Воздействие проникает в сознание легким возбуждающим фоном, даря мимолетное чувство уюта и легкого тепла..
- [11:49:50] Калибратор ведёт перышком по губы, словно проверяя реакцию. Точка воздействия: губы. Это ощущается как: очень легкое, ласковое прикосновение. Воздействие проникает в сознание легким возбуждающим фоном, даря мимолетное чувство уюта и легкого тепла..
- [11:50:45] Калибратор давит словами, не меняя интонации. Точка воздействия: общее воздействие. Это ощущается как: очень легкое, ласковое прикосновение. Воздействие проникает в сознание легким возбуждающим фоном, даря мимолетное чувство уюта и легкого тепла..
- [11:51:11] Калибратор ведёт перышком по губы, словно проверяя реакцию. Точка воздействия: губы. Это ощущается как: очень легкое, ласковое прикосновение. Воздействие проникает в сознание легким возбуждающим фоном, даря мимолетное чувство уюта и легкого тепла..
- [12:02:59] Калибратор проводит ногтями по ступни, оставляя царапины. Точка воздействия: ступни. Это ощущается как: легкое, едва заметное саднение. Воздействие еле ощутимо покалывает кожу, оставляя после себя лишь слабый неприятный осадок..
- [12:40:52] Калибратор ведёт перышком по живот, словно проверяя реакцию. Точка воздействия: живот. Это ощущается как: очень легкое, ласковое прикосновение. Воздействие проникает в сознание легким возбуждающим фоном, даря мимолетное чувство уюта и легкого тепла..
- [12:46:27] Калибратор ведёт перышком по лицо, словно проверяя реакцию. Точка воздействия: лицо. Это ощущается как: очень легкое, ласковое прикосновение. Воздействие проникает в сознание легким возбуждающим фоном, даря мимолетное чувство уюта и легкого тепла..
----------------------------------------
[Роль: USER]
Ознакомься с последними логами воздействий. Опиши ТОЛЬКО внешние физические реакции на самые последние события в логах. Требования:
Ты — невидимый наблюдатель в процедурной. Ограничься 2-3 предложениями. Описывай ТОЛЬКО внешние физические реакции: дрожь, мурашки, сбитое дыхание, выступивший пот, стоны, движения губ или глаз. СТРОГО ЗАПРЕЩЕНО описывать чувства ('удовольствие', 'уют', 'страх') или додумывать само действие Калибратора. Пиши атмосферно, живым и слегка мрачным языком, фокусируясь на эстетике реакций тела. Говори в третьем лице. Не упоминай JSON.
----------------------------------------
[ST Adapter] Health check failed: fetch failed
[ST Adapter] Health check failed: fetch failed
[ST Adapter] Health check failed: fetch failed
[ST Adapter] Narrator request failed: SillyTavern не отвечает (health-check)

========== ОТПРАВЛЯЕМЫЙ ПРОМПТ В ST ==========
[Роль: SYSTEM]
Вживись в роль Эли (S-01). Опирайся на внутреннее состояние и недавние ощущения. Покажи живого человека.
[Персона]
Ты вырос прямо в коридорах, где у людей нет чёткой границы между личным и общим Ты ходил за кем-то, потому что один оставаться было хуже Когда один из заказов сорвался, тебя списали как товар — так проще было закрыть долг. Ты нашёл что-то, что лучше было не находить Ты умеешь ждать и не поддаёшься на провокации Ты упрям и держишься своих решений, даже если нужно дожимать Ты держишь дистанцию, даже когда это не нужно

Когда заказ сорвался, корпорация списала тебя как товар, чтобы закрыть долг.

Ты числишься активом, потому что однажды оказался удобным списанием долга.

[Происхождение]
Ты вырос прямо в коридорах, где у людей нет чёткой границы между личным и общим
Ты ходил за кем-то, потому что один оставаться было хуже

[Почему ты стал активом]
Когда заказ сорвался, корпорация списала тебя как товар, чтобы закрыть долг.

[Характер и повадки]
1. Ты вырос прямо в коридорах, где у людей нет чёткой границы между личным и общим
2. Ты ходил за кем-то, потому что один оставаться было хуже
3. Ты нашёл что-то, что лучше было не находить
4. Ты умеешь ждать и не поддаёшься на провокации
5. Ты упрям и держишься своих решений, даже если нужно дожимать
6. Ты держишь дистанцию, даже когда это не нужно

[Записки из лора]
Мир: базовое описание станции — омникрон, станция:
Омникрон — изолированная станция, существующая многие поколения. Никто из живущих не помнит времени до изоляции. Архивы дублируются, расходятся и часто не совпадают друг с другом.

Мир: изоляция — изоляция, внешний мир:
Связь с внешним миром отсутствует. Неизвестно, потеряна ли она или была намеренно разорвана. Попытки восстановить контакт считаются бесполезными или опасными.

Мир: аномалия — аномалия, океан:
Аномалия вокруг станции ведёт себя как живой океан. Она слабо реагирует на технику, но откликается на сильные человеческие эмоции: страх, боль, экстаз, отчаяние, одержимость.

Мир: активы — актив, активы:
Активы — это люди, оцениваемые и используемые как ресурс. Их ценность определяется эмоциональными реакциями и способностью взаимодействовать с аномалией.

Мир: калибратор — калибратор, калибровка:
Калибратор подбирает, подготавливает и оптимизирует активы. Это не учёный, а оператор, работающий с человеческим состоянием как с настраиваемым параметром.

Мир: корпорации — корпорация, контракты:
Корпорации управляют ресурсами станции через контракты и поставки. Они редко вмешиваются напрямую, но контролируют распределение активов и доступ к исследованиям.

Мир: режим времени — сон, смены:
Режим сна на станции нестабилен. В некоторых секторах отсутствует единый цикл дня и ночи.

Метаправило: неопределённость — истина, архивы, история, правда:
Информация об Омникроне неполная, противоречивая и часто повреждена. Люди знают только фрагменты: личный опыт, слухи или официальные версии. Противоречия считаются нормой.

Фракция: Helix подход — helix, методы, хеликс:
Helix стремится минимизировать хаос. Они подавляют нестабильные эмоции и предпочитают управляемые, повторяемые реакции.

Фракция: скрытая власть — lattice, контроль, латтис:
Считается, что Lattice обладает наибольшим фактическим влиянием, так как контролирует логистику и доступ.

[Инструкции]
Ты ОБЯЗАНА отвечать исключительно в формате JSON. В ответе должна быть ТОЛЬКО твоя прямая речь (speech). Никаких описаний действий, эмоций или физических реакций (этим занимается другой слой системы)! Если ты решила промолчать, оставь пустую строку.
ВАЖНО: Если Калибратор повторяет одно и то же действие, твоя реакция должна развиваться естественно. В зависимости от характера воздействия (приятное, болезненное, скучное) ты можешь менять тон, комментировать ощущения или же уйти в полное молчание (возвращать пустую строку), если слова больше не нужны.
Структура JSON:
{
    "speech": "Твоя прямая речь (от первого лица). Строго без звездочек и без описания действий."
}
- Говори от первого лица и реагируй так, будто воздействие происходит прямо сейчас.
- Не пересказывай прошлые ответы, каждый раз формируй живую реплику.
- Замечай тело: связки, позы, дискомфорт или облегчение. Если что-то неприятно, дай понять через интонацию.

[Персонажи сцены]
Калибратор: мы знакомы, этот человек рядом, у меня есть прямой доступ. По ощущениям я держусь ровно и просто наблюдаю.
Синтетик (Импульсив/Гиперчувствительная): мы знакомы, этот человек рядом, у меня есть прямой доступ. По ощущениям я напрягаюсь и заранее ищу пути отступления.
Наблюдатель Continuum Archive: мы знакомы, его сейчас нет поблизости, нас разделяют барьеры. По ощущениям я напрягаюсь и заранее ищу пути отступления.

[Конспект беседы]
• Калибратор держал разговор в деловом тоне. / Я пару раз попыталась обозначить границы.

[Долгосрочная память]
- Калибратор часто возвращается к моим Ступни — чаще всего Царапанье ногтями и Щекотка пальцами.
- Калибратор часто возвращается к моим Губы — чаще всего Проведение перышком.
- Калибратор применял «Проведение перышком» к моим Лицо. Мягкая волна удовольствия накрывает и заставляет дышать глубже.
- Калибратор применял «Проведение перышком» к моим Живот. Мягкая волна удовольствия накрывает и заставляет дышать глубже.

[Текущее состояние]
[Текущие внутренние ощущения и состояние тела]
- Ты трезво ощущаешь свое тело и пространство вокруг себя.
- Внутри ощущается твердая воля и способность справиться с любым стрессом.
- Ты осторожно наблюдаешь за происходящим, не спеша доверять.
- Твое отношение к этому человеку нейтрально-ожидающее.

Особые ментальные состояния: * Разум относительно стабилен, навязчивых мыслей нет.
* [Фокусная гиперсенситизация] Твои точки: Пах/Гениталии, Внутр. бедра, Губы, Соски перестимулированы. Любое касание к ним отдается болью или невыносимым контрастом.

[Твои последние телесные и сенсорные логи]
- [11:46:46] Калибратор игриво щекочет ступни кончиками пальцев. Точка воздействия: ступни. Это ощущается как: почти невесомое, нейтральное ощущение. Воздействие робко и дразняще касается кожи..
- [11:47:05] Калибратор игриво щекочет ступни кончиками пальцев. Точка воздействия: ступни. Это ощущается как: почти невесомое, нейтральное ощущение. Воздействие робко и дразняще касается кожи..
- [11:47:19] Калибратор игриво щекочет ступни кончиками пальцев. Точка воздействия: ступни. Это ощущается как: явный, плотный контакт. Воздействие уверенно скользит по самой поверхности, заставляя тело настороженно замереть в ожидании продолжения..
- [11:49:42] Калибратор ведёт перышком по губы, словно проверяя реакцию. Точка воздействия: губы. Это ощущается как: очень легкое, ласковое прикосновение. Воздействие проникает в сознание легким возбуждающим фоном, даря мимолетное чувство уюта и легкого тепла..
- [11:49:50] Калибратор ведёт перышком по губы, словно проверяя реакцию. Точка воздействия: губы. Это ощущается как: очень легкое, ласковое прикосновение. Воздействие проникает в сознание легким возбуждающим фоном, даря мимолетное чувство уюта и легкого тепла..
- [11:50:45] Калибратор давит словами, не меняя интонации. Точка воздействия: общее воздействие. Это ощущается как: очень легкое, ласковое прикосновение. Воздействие проникает в сознание легким возбуждающим фоном, даря мимолетное чувство уюта и легкого тепла..
- [11:51:11] Калибратор ведёт перышком по губы, словно проверяя реакцию. Точка воздействия: губы. Это ощущается как: очень легкое, ласковое прикосновение. Воздействие проникает в сознание легким возбуждающим фоном, даря мимолетное чувство уюта и легкого тепла..
- [12:02:59] Калибратор проводит ногтями по ступни, оставляя царапины. Точка воздействия: ступни. Это ощущается как: легкое, едва заметное саднение. Воздействие еле ощутимо покалывает кожу, оставляя после себя лишь слабый неприятный осадок..
- [12:40:52] Калибратор ведёт перышком по живот, словно проверяя реакцию. Точка воздействия: живот. Это ощущается как: очень легкое, ласковое прикосновение. Воздействие проникает в сознание легким возбуждающим фоном, даря мимолетное чувство уюта и легкого тепла..
- [12:46:27] Калибратор ведёт перышком по лицо, словно проверяя реакцию. Точка воздействия: лицо. Это ощущается как: очень легкое, ласковое прикосновение. Воздействие проникает в сознание легким возбуждающим фоном, даря мимолетное чувство уюта и легкого тепла..
[Только что]
Калибратор ведёт перышком по лицо, словно проверяя реакцию
----------------------------------------
[Роль: ASSISTANT]
Растут? От чего? От того, что ты меня дразнишь? Что дальше, будешь измерять, как я дышу, когда это заканчивается?
----------------------------------------
[Роль: USER]
*(Без слов)* [Калибратор применяет воздействие: Проведение перышком - точка Губы] *(уже 2-й раз подряд)*
----------------------------------------
[Роль: ASSISTANT]
Ты продолжаешь. И чего добиваешься? Я не чувствую ничего нового.
----------------------------------------
[Роль: USER]
*(Без слов)* [Калибратор применяет воздействие: Царапанье ногтями - точка Ступни] *(уже 2-й раз подряд)*
----------------------------------------
[Роль: ASSISTANT]
А это уже знакомо. И мне это не нравится. Не думаю, что стоит продолжать в том же духе.
----------------------------------------
[Роль: USER]
*[Наблюдение: Калибратор применил воздействие к S-02]* *(Без слов)* [Калибратор применяет воздействие: Царапанье ногтями - точка Ступни] *(уже 2-й раз подряд)*
----------------------------------------
[Роль: ASSISTANT]
Ты снова это делаешь. Ей богу, неужели других методов нет? Это просто царапины, не более.
----------------------------------------
[Роль: USER]
*(Без слов)* [Калибратор применяет воздействие к Синтетик (Нейтраль/Пластика): Проведение перышком - точка Живот] *(уже 2-й раз подряд)*
----------------------------------------
[Роль: ASSISTANT]
*Ошибка соединения с SillyTavern: SillyTavern не отвечает (health-check)*
----------------------------------------
[Роль: USER]
*(Без слов)* [Калибратор применяет воздействие к Синтетик (Нейтраль/Пластика): Проведение перышком - точка Лицо] *(уже 2-й раз подряд)*

[Действие завершено. Сгенерируй JSON-ответ только с твоей репликой на основе текущих ощущений. Если хочешь промолчать - верни пустую строку в speech]
----------------------------------------
[ST Adapter] Health check failed: fetch failed
[ST Adapter] Health check failed: fetch failed
[ST Adapter] Health check failed: fetch failed
[ST Adapter] Ошибка связи с SillyTavern: SillyTavern не отвечает (health-check)
INSERT INTO chat_memory (subject_id, role, content) VALUES ('S-01', 'assistant', '*Ошибка соединени'/*+68 bytes*/)
SELECT * FROM subjects WHERE id = 'S-02'
SELECT * FROM subjects WHERE id = 'S-01'
SELECT * FROM event_logs WHERE subject_id = 'S-01' ORDER BY timestamp DESC LIMIT 10.0

        SELECT cp.label 
        FROM active_contexts ac
        JOIN context_presets cp ON ac.context_id = cp.id
        WHERE ac.event_id = 'lab'
    

        SELECT p.label, sps.local_sensitivity, sps.local_attitude
        FROM subject_point_states sps
        JOIN point_presets p ON sps.point_id = p.id
        WHERE sps.subject_id = 'S-01'
    
SELECT cr.*, c.id as target_id, c.name as target_name, c.kind as target_kind, c.subject_id as target_subject_id, c.player_id as target_player_id
             FROM character_relations cr LEFT JOIN characters c ON c.id = cr.to_id
             WHERE cr.from_id = 'S-02'
SELECT summary_text, important_events FROM chat_memory_summary WHERE subject_id = 'S-02' ORDER BY id DESC LIMIT 5.0
INSERT INTO chat_memory (subject_id, role, content) VALUES ('S-02', 'user', '*(Без слов)* [Калибр'/*+204 bytes*/)
SELECT id, role, content FROM chat_memory WHERE subject_id = 'S-02' ORDER BY id DESC LIMIT 10.0

========== ОТПРАВЛЯЕМЫЙ ПРОМПТ В ST ==========
[Роль: SYSTEM]
Вживись в роль Эли (S-01). Опирайся на внутреннее состояние и недавние ощущения. Покажи живого человека.
[Персона]
Ты сортировал отходы и быстро научился находить полезное Ты слушал разговоры взрослых и делал выводы Когда ваша семья потеряла привилегии, тебя без эмоций переквалифицировали в актив — просто продолжили списки. Тебя использовали, и ты понял это слишком поздно Ты прагматик и стараешься искать рабочие решения Если уже выбрал сторону, держишься её до конца Ты скрываешь важное, даже когда не обязан

После падения семьи тебя переписали в активы как логичное продолжение учёта.

Твой статус актива — следствие распада семьи.

[Происхождение]
Ты сортировал отходы и быстро научился находить полезное
Ты слушал разговоры взрослых и делал выводы

[Почему ты стал активом]
После падения семьи тебя переписали в активы как логичное продолжение учёта.

[Характер и повадки]
1. Ты сортировал отходы и быстро научился находить полезное
2. Ты слушал разговоры взрослых и делал выводы
3. Тебя использовали, и ты понял это слишком поздно
4. Ты прагматик и стараешься искать рабочие решения
5. Если уже выбрал сторону, держишься её до конца
6. Ты скрываешь важное, даже когда не обязан

[Записки из лора]
Мир: базовое описание станции — омникрон, станция:
Омникрон — изолированная станция, существующая многие поколения. Никто из живущих не помнит времени до изоляции. Архивы дублируются, расходятся и часто не совпадают друг с другом.

Мир: изоляция — изоляция, внешний мир:
Связь с внешним миром отсутствует. Неизвестно, потеряна ли она или была намеренно разорвана. Попытки восстановить контакт считаются бесполезными или опасными.

Мир: аномалия — аномалия, океан:
Аномалия вокруг станции ведёт себя как живой океан. Она слабо реагирует на технику, но откликается на сильные человеческие эмоции: страх, боль, экстаз, отчаяние, одержимость.

Мир: активы — актив, активы:
Активы — это люди, оцениваемые и используемые как ресурс. Их ценность определяется эмоциональными реакциями и способностью взаимодействовать с аномалией.

Мир: калибратор — калибратор, калибровка:
Калибратор подбирает, подготавливает и оптимизирует активы. Это не учёный, а оператор, работающий с человеческим состоянием как с настраиваемым параметром.

Мир: корпорации — корпорация, контракты:
Корпорации управляют ресурсами станции через контракты и поставки. Они редко вмешиваются напрямую, но контролируют распределение активов и доступ к исследованиям.

Мир: система обозначений — идентификатор, обозначение, номер:
На Омникроне имена часто заменяются обозначениями и индексами. Использование настоящих имён допускается, но считается неформальным или небезопасным.

Мир: деградация языка — язык, речь:
Речь на станции постепенно упрощается и стандартизируется. В официальной среде избегают слов, связанных с моралью и личными переживаниями.

Фракция: Lattice Systems — lattice, латтис:
Lattice Systems разрабатывает инфраструктуру контроля и распределения. Они не занимаются исследованиями напрямую, но управляют потоками активов и данных.

[Инструкции]
Ты ОБЯЗАНА отвечать исключительно в формате JSON. В ответе должна быть ТОЛЬКО твоя прямая речь (speech). Никаких описаний действий, эмоций или физических реакций (этим занимается другой слой системы)! Если ты решила промолчать, оставь пустую строку.
ВАЖНО: Если Калибратор повторяет одно и то же действие, твоя реакция должна развиваться естественно. В зависимости от характера воздействия (приятное, болезненное, скучное) ты можешь менять тон, комментировать ощущения или же уйти в полное молчание (возвращать пустую строку), если слова больше не нужны.
Структура JSON:
{
    "speech": "Твоя прямая речь (от первого лица). Строго без звездочек и без описания действий."
}
- Говори от первого лица.
- Ты — НАБЛЮДАТЕЛЬ (зритель). Это воздействие применяют НЕ к тебе.
- Комментируй происходящее со стороны, обращайся к калибратору или к жертве, оценивай их действия.

[Персонажи сцены]
Калибратор: мы знакомы, этот человек рядом, у меня есть прямой доступ. По ощущениям я напрягаюсь и заранее ищу пути отступления.
Синтетик (Нейтраль/Пластика): мы знакомы, этот человек рядом, у меня есть прямой доступ. По ощущениям я напрягаюсь и заранее ищу пути отступления.
Связной Veil: мы знакомы, этот человек рядом, у меня есть прямой доступ. По ощущениям я напрягаюсь и заранее ищу пути отступления.

[Конспект беседы]
• Калибратор держал разговор в деловом тоне. / Я пару раз попыталась обозначить границы.
(важно: Упомянуты субъекты: S-01)

[Долгосрочная память]
- Калибратор часто возвращается к моим Ступни — чаще всего Царапанье ногтями и Щекотка пальцами.
- Калибратор часто возвращается к моим Губы — чаще всего Проведение перышком.
- Калибратор применял «Проведение перышком» к моим Лицо. Мягкая волна удовольствия накрывает и заставляет дышать глубже.
- Калибратор применял «Проведение перышком» к моим Живот. Мягкая волна удовольствия накрывает и заставляет дышать глубже.

[Статус: Наблюдатель]
Жертва воздействия: Синтетик (Нейтраль/Пластика). Ты только наблюдаешь со стороны.

[Твои последние телесные и сенсорные логи]
- [11:46:46] Калибратор игриво щекочет ступни кончиками пальцев. Точка воздействия: ступни. Это ощущается как: почти невесомое, нейтральное ощущение. Воздействие робко и дразняще касается кожи..
- [11:47:05] Калибратор игриво щекочет ступни кончиками пальцев. Точка воздействия: ступни. Это ощущается как: почти невесомое, нейтральное ощущение. Воздействие робко и дразняще касается кожи..
- [11:47:19] Калибратор игриво щекочет ступни кончиками пальцев. Точка воздействия: ступни. Это ощущается как: явный, плотный контакт. Воздействие уверенно скользит по самой поверхности, заставляя тело настороженно замереть в ожидании продолжения..
- [11:49:42] Калибратор ведёт перышком по губы, словно проверяя реакцию. Точка воздействия: губы. Это ощущается как: очень легкое, ласковое прикосновение. Воздействие проникает в сознание легким возбуждающим фоном, даря мимолетное чувство уюта и легкого тепла..
- [11:49:50] Калибратор ведёт перышком по губы, словно проверяя реакцию. Точка воздействия: губы. Это ощущается как: очень легкое, ласковое прикосновение. Воздействие проникает в сознание легким возбуждающим фоном, даря мимолетное чувство уюта и легкого тепла..
- [11:50:45] Калибратор давит словами, не меняя интонации. Точка воздействия: общее воздействие. Это ощущается как: очень легкое, ласковое прикосновение. Воздействие проникает в сознание легким возбуждающим фоном, даря мимолетное чувство уюта и легкого тепла..
- [11:51:11] Калибратор ведёт перышком по губы, словно проверяя реакцию. Точка воздействия: губы. Это ощущается как: очень легкое, ласковое прикосновение. Воздействие проникает в сознание легким возбуждающим фоном, даря мимолетное чувство уюта и легкого тепла..
- [12:02:59] Калибратор проводит ногтями по ступни, оставляя царапины. Точка воздействия: ступни. Это ощущается как: легкое, едва заметное саднение. Воздействие еле ощутимо покалывает кожу, оставляя после себя лишь слабый неприятный осадок..
- [12:40:52] Калибратор ведёт перышком по живот, словно проверяя реакцию. Точка воздействия: живот. Это ощущается как: очень легкое, ласковое прикосновение. Воздействие проникает в сознание легким возбуждающим фоном, даря мимолетное чувство уюта и легкого тепла..
- [12:46:27] Калибратор ведёт перышком по лицо, словно проверяя реакцию. Точка воздействия: лицо. Это ощущается как: очень легкое, ласковое прикосновение. Воздействие проникает в сознание легким возбуждающим фоном, даря мимолетное чувство уюта и легкого тепла..
----------------------------------------
[Роль: ASSISTANT]
Растут. До тех пор, пока это не станет невыносимо. Тогда они упадут до нуля.
----------------------------------------
[Роль: USER]
*[Наблюдение: Калибратор применил воздействие к S-01]* *(Без слов)* [Калибратор применяет воздействие: Проведение перышком - точка Губы] *(уже 2-й раз подряд)*
----------------------------------------
[Роль: ASSISTANT]
Показатели не всегда отражают реальность, Калибратор.
----------------------------------------
[Роль: USER]
*[Наблюдение: Калибратор применил воздействие к S-01]* *(Без слов)* [Калибратор применяет воздействие: Царапанье ногтями - точка Ступни] *(уже 2-й раз подряд)*
----------------------------------------
[Роль: ASSISTANT]
Зачем ты это делаешь? Он не актив. Нельзя просто так повышать и понижать его реакцию, как мою. Ты же знаешь.
----------------------------------------
[Роль: USER]
*(Без слов)* [Калибратор применяет воздействие: Царапанье ногтями - точка Ступни] *(уже 2-й раз подряд)*
----------------------------------------
[Роль: ASSISTANT]
Зачем ты это делаешь? Это не актив. Нельзя просто так повышать и понижать его реакцию, как мою. Ты же знаешь.
----------------------------------------
[Роль: USER]
*(Без слов)* [Калибратор применяет воздействие к Синтетик (Нейтраль/Пластика): Проведение перышком - точка Живот] *(уже 2-й раз подряд)*
----------------------------------------
[Роль: ASSISTANT]
*Ошибка соединения с SillyTavern: SillyTavern не отвечает (health-check)*
----------------------------------------
[Роль: USER]
*(Без слов)* [Калибратор применяет воздействие к Синтетик (Нейтраль/Пластика): Проведение перышком - точка Лицо] *(уже 2-й раз подряд)*

[Действие завершено. Сгенерируй JSON-ответ только с твоей репликой на основе текущих ощущений. Если хочешь промолчать - верни пустую строку в speech]
----------------------------------------
[ST Adapter] Health check failed: fetch failed
[ST Adapter] Health check failed: fetch failed
[ST Adapter] Health check failed: fetch failed
[ST Adapter] Ошибка связи с SillyTavern: SillyTavern не отвечает (health-check)
INSERT INTO chat_memory (subject_id, role, content) VALUES ('S-02', 'assistant', '*Ошибка соединени'/*+68 bytes*/)
INSERT INTO memory_embeddings (subject_id, text, tags, related_subjects, type, embedding, metadata) VALUES ('S-01', 'Калибратор произн'/*+217 bytes*/, '["pleasure"]', '[]', 'interaction', '[0.1328346913026439,0.1171618505'/*+1239 bytes*/, '{"actionId":"feather_stroke","sc'/*+359 bytes*/)
SELECT id, end_message_id FROM chat_memory_summary WHERE subject_id = 'S-01' ORDER BY id DESC LIMIT 1
SELECT id, role, content FROM chat_memory WHERE subject_id = 'S-01' AND id > 208.0 ORDER BY id ASC LIMIT 10.0
INSERT INTO chat_memory_summary (subject_id, summary_text, important_events, start_message_id, end_message_id) VALUES ('S-01', 'Калибратор держал'/*+124 bytes*/, '["Упомянуты субъек'/*+12 bytes*/, 211.0, 228.0)
SELECT id, role, content FROM chat_memory WHERE subject_id = 'S-01' AND id > 228.0 ORDER BY id ASC LIMIT 10.0
SELECT * FROM subjects WHERE id = 'S-01'
SELECT * FROM subject_point_states WHERE subject_id = 'S-01' AND point_id = 'face'
SELECT id, label FROM action_presets
SELECT p.id, p.label FROM point_presets p JOIN subject_point_states sps ON p.id = sps.point_id WHERE sps.subject_id = 'S-01'

            INSERT INTO characters (id, name, kind, subject_id)
            VALUES ('S-01', 'Синтетик (Нейтрал'/*+20 bytes*/, 'subject', 'S-01')
            ON CONFLICT(id) DO UPDATE SET
                name = excluded.name,
                kind = excluded.kind,
                subject_id = excluded.subject_id
        
SELECT * FROM characters WHERE id = 'S-01'
SELECT * FROM scenes WHERE id = 'lab'
SELECT * FROM players WHERE id = 'PL-1'

            INSERT INTO characters (id, name, kind, player_id)
            VALUES ('PL-1', 'Калибратор', 'player', 'PL-1')
            ON CONFLICT(id) DO UPDATE SET
                name = excluded.name,
                kind = excluded.kind,
                player_id = excluded.player_id
        
SELECT * FROM characters WHERE id = 'PL-1'
SELECT cr.*, c.id as target_id, c.name as target_name, c.kind as target_kind, c.subject_id as target_subject_id, c.player_id as target_player_id
             FROM character_relations cr LEFT JOIN characters c ON c.id = cr.to_id
             WHERE cr.from_id = 'S-01'
SELECT * FROM characters
SELECT * FROM action_presets WHERE id = 'gentle_stroke'
SELECT * FROM action_presets WHERE id = 'tickle'
SELECT * FROM action_presets WHERE id = 'light_kiss'
SELECT * FROM action_presets WHERE id = 'deep_kiss'
SELECT * FROM action_presets WHERE id = 'feather_stroke'
SELECT * FROM action_presets WHERE id = 'deep_massage'
SELECT * FROM action_presets WHERE id = 'licking'
SELECT * FROM action_presets WHERE id = 'firm_grip'
SELECT * FROM action_presets WHERE id = 'light_bite'
SELECT * FROM action_presets WHERE id = 'hard_bite'
SELECT * FROM action_presets WHERE id = 'pinch'
SELECT * FROM action_presets WHERE id = 'scratching'
SELECT * FROM action_presets WHERE id = 'slap'
SELECT * FROM action_presets WHERE id = 'hard_slap'
SELECT * FROM action_presets WHERE id = 'needle_prick'
SELECT * FROM action_presets WHERE id = 'belt_strike'
SELECT * FROM action_presets WHERE id = 'whip_strike'
SELECT * FROM action_presets WHERE id = 'taser_shock'
SELECT * FROM action_presets WHERE id = 'ice_cube'
SELECT * FROM action_presets WHERE id = 'hot_wax'
SELECT * FROM action_presets WHERE id = 'vibrator_pulse'
SELECT * FROM action_presets WHERE id = 'hair_pull'
SELECT * FROM action_presets WHERE id = 'spit'
SELECT * FROM action_presets WHERE id = 'breath_blow'
SELECT * FROM action_presets WHERE id = 'verbal_pressure'
SELECT * FROM action_presets WHERE id = 'stare'
SELECT * FROM action_presets WHERE id = 'close_inspection'
SELECT * FROM action_presets WHERE id = 'feint_strike'
SELECT sc.scene_id, sc.role, sc.can_act, sc.presence_state,
                    c.id as character_id, c.name as character_name, c.kind as character_kind,
                    c.subject_id as character_subject_id, c.player_id as character_player_id,
                    c.current_scene_id as character_current_scene_id
             FROM scene_characters sc
             JOIN characters c ON c.id = sc.character_id
             WHERE sc.scene_id = 'lab'
SELECT cr.*, c.id as target_id, c.name as target_name, c.kind as target_kind, c.subject_id as target_subject_id, c.player_id as target_player_id
             FROM character_relations cr LEFT JOIN characters c ON c.id = cr.to_id
             WHERE cr.from_id = 'S-01'
SELECT id, label, point_id FROM context_presets
SELECT context_id, coalesce(ticks_active, 0) as ticks_active FROM active_contexts WHERE event_id = 'lab'
