nohup: ввод игнорируется
CREATE TABLE IF NOT EXISTS players (
    id TEXT PRIMARY KEY,
    resources TEXT NOT NULL -- JSON string for resources map
  );
CREATE TABLE IF NOT EXISTS subjects (
    id TEXT PRIMARY KEY,
    name TEXT NOT NULL,
    sensitivity REAL NOT NULL,
    capacity REAL NOT NULL,
    openness REAL NOT NULL,
    plasticity REAL NOT NULL,
    attitude REAL NOT NULL
  );
CREATE TABLE IF NOT EXISTS subject_point_states (
    subject_id TEXT NOT NULL,
    point_id TEXT NOT NULL,
    local_sensitivity REAL NOT NULL,
    local_attitude REAL NOT NULL,
    PRIMARY KEY (subject_id, point_id)
  );
CREATE TABLE IF NOT EXISTS event_logs (
    id INTEGER PRIMARY KEY AUTOINCREMENT,
    subject_id TEXT NOT NULL,
    timestamp DATETIME DEFAULT CURRENT_TIMESTAMP,
    action_type TEXT NOT NULL,
    action_payload TEXT NOT NULL, -- JSON
    result_payload TEXT NOT NULL  -- JSON
  );
CREATE TABLE IF NOT EXISTS scenes (
    id TEXT PRIMARY KEY,
    available_actions TEXT NOT NULL -- JSON
  );
CREATE TABLE IF NOT EXISTS action_presets (
    id TEXT PRIMARY KEY,
    label TEXT NOT NULL,
    values_json TEXT NOT NULL -- JSON: { intensity, valence, contact, sharpness, novelty }
  );
CREATE TABLE IF NOT EXISTS point_presets (
    id TEXT PRIMARY KEY,
    label TEXT NOT NULL,
    values_json TEXT NOT NULL, -- JSON: { localSensitivity, localAttitude }
    parent_id TEXT,
    provides_functions TEXT DEFAULT '[]',
    tags TEXT DEFAULT '[]'
  );
CREATE TABLE IF NOT EXISTS context_presets (
    id TEXT PRIMARY KEY,
    label TEXT NOT NULL,
    point_id TEXT DEFAULT 'general',
    modifiers_json TEXT NOT NULL, -- JSON: Partial<CompiledAction>
    type TEXT DEFAULT 'condition',
    slot TEXT DEFAULT 'general',
    exclusive_within_slot INTEGER DEFAULT 0,
    blocks_slots TEXT DEFAULT '[]',
    affected_point_ids TEXT DEFAULT '[]',
    blocked_functions TEXT DEFAULT '[]',
    boosted_functions TEXT DEFAULT '[]',
    required_functions TEXT DEFAULT '[]',
    priority INTEGER DEFAULT 0
  );
CREATE TABLE IF NOT EXISTS active_contexts (
    event_id TEXT NOT NULL,     -- Optional, to bind it to a scene or global state 
    context_id TEXT NOT NULL,
    duration INTEGER DEFAULT -1, -- -1 for infinite
    PRIMARY KEY (event_id, context_id)
  );
[Engine API] Running on http://localhost:3001
SELECT * FROM context_presets WHERE id = 'bound_legs'
DELETE FROM active_contexts WHERE event_id = 'lab' AND context_id = 'bound_legs'

            INSERT INTO event_logs (subject_id, action_type, action_payload, result_payload)
            VALUES ('S-01', 'context_change', '{"presetId":"context_change","ac'/*+88 bytes*/, '{"removed":true,"point_id":"knee'/*+3 bytes*/)
        
[VerbalParser] Analyzing text: "На колени"
[VerbalParser] Model raw output: {
  "intensity": 0.8,
  "valence": 0.0,
  "contact": 0.0,
  "sharpness": 0.9,
  "novelty": 0.5,
  "pointId": "general",
  "intent": "change_pose",
  "targetContext": "pose_kneeling"
}
SELECT 1 FROM point_presets WHERE id = 'general'
SELECT * FROM subjects WHERE id = 'S-01'
SELECT * FROM subject_point_states WHERE subject_id = 'S-01' AND point_id = 'general'
SELECT * FROM players WHERE id = 'PL-1'
SELECT * FROM scenes WHERE id = 'lab'
SELECT * FROM event_logs WHERE subject_id = 'S-01' ORDER BY timestamp DESC LIMIT 5.0
SELECT * FROM action_presets WHERE id = NULL
SELECT context_id FROM active_contexts WHERE event_id = 'lab'
SELECT * FROM subjects WHERE id = 'S-01'

            INSERT INTO subjects (id, name, sensitivity, capacity, openness, plasticity, attitude)
            VALUES ('S-01', 'Test Subject', 59.3216128127943, 51.0, 40.0, 49.4572902502355, 50.0)
            ON CONFLICT(id) DO UPDATE SET
                sensitivity = excluded.sensitivity,
                capacity = excluded.capacity,
                openness = excluded.openness,
                plasticity = excluded.plasticity,
                attitude = excluded.attitude
        

            INSERT INTO subject_point_states (subject_id, point_id, local_sensitivity, local_attitude)
            VALUES ('S-01', 'general', 49.2770160159929, 50.0)
            ON CONFLICT(subject_id, point_id) DO UPDATE SET
                local_sensitivity = excluded.local_sensitivity,
                local_attitude = excluded.local_attitude
        
SELECT label FROM action_presets WHERE id = NULL
SELECT label FROM point_presets WHERE id = 'general'

            INSERT INTO event_logs (subject_id, action_type, action_payload, result_payload)
            VALUES ('S-01', 'interaction', '{"action":{"intensity":0.8,"vale'/*+479 bytes*/, '{"effectiveSensitivity":56.5,"ef'/*+544 bytes*/)
        
SELECT * FROM subjects WHERE id = 'S-01'
SELECT * FROM subject_point_states WHERE subject_id = 'S-01' AND point_id = 'general'
SELECT * FROM context_presets WHERE id = 'pose_kneeling'
SELECT * FROM point_presets
SELECT context_id FROM active_contexts WHERE event_id = 'lab'
SELECT * FROM context_presets

            INSERT INTO active_contexts (event_id, context_id, duration)
            VALUES ('lab', 'pose_kneeling', -1.0)
            ON CONFLICT(event_id, context_id) DO UPDATE SET duration = excluded.duration
        

            INSERT INTO event_logs (subject_id, action_type, action_payload, result_payload)
            VALUES ('S-01', 'context_change', '{"presetId":"context_change","ac'/*+138 bytes*/, '{"added":true}')
        
SELECT * FROM subjects WHERE id = 'S-01'
SELECT * FROM subject_point_states WHERE subject_id = 'S-01' AND point_id = 'general'
SELECT * FROM subjects WHERE id = 'S-01'
SELECT * FROM event_logs WHERE subject_id = 'S-01' ORDER BY timestamp DESC LIMIT 3

        SELECT cp.label 
        FROM active_contexts ac
        JOIN context_presets cp ON ac.context_id = cp.id
        WHERE ac.event_id = 'lab'
    

========== ОТПРАВЛЯЕМЫЙ ПРОМПТ ==========
[Роль: SYSTEM]
Вживись в роль Эли (S-01). Опирайся на внутреннее состояние и недавние ощущения. Покажи живого человека.
Тебя зовут Эли (Кодовое имя S-01). Ты — киборгизированный человек.
Ты выросла в трущобах Нижнего Уровня. Неделю назад корпорация похитила тебя для тестов нейро-интерфейсов. Тебя держат в лаборатории и проводят над тобой серию физических и психологических опытов. Ты напугана, но стараешься сохранять остатки гордости и недоверие.
[Инструкции]: Ты ОБЯЗАНА отвечать исключительно в формате JSON. Тебе нужно разделить свой ответ на две части. Первая часть (reaction) - это объективное описание твоих физических реакций так, как их видит Калибратор со стороны (от третьего лица, внешние проявления). Вторая часть (speech) - твоя прямая речь.
Структура JSON:
{
    "reaction": "Только внешние проявления (мимика, дыхание, дрожь, мурашки, взгляд, непроизвольные движения). Как твое тело выглядит со стороны. Максимум 3 предложения. Строго без мыслей и внутреннего монолога.",
    "speech": "Твоя прямая речь в кавычках (от первого лица). Если ты промолчала, оставь пустую строку."
}

[Текущие внутренние ощущения и состояние тела]
- Ты трезво ощущаешь свое тело и пространство вокруг себя.
- У тебя еще есть запас сил и самообладания держать удар.
- Ты закрыта и крайне насторожена, ждешь подвоха от каждого действия.
- Твое отношение к этому человеку нейтрально-ожидающее.

Особые ментальные состояния: * Разум относительно стабилен, навязчивых мыслей нет.
[Физическое состояние и влияние среды]: Поза: Стоя на коленях

[Твои последние телесные и сенсорные логи]
- [09:29:33] Изменение среды/состояния: Снятие контекста: Связанные ноги
- [09:31:57] Калибратор применил "воздействие" на точку "Общее воздействие" (оценивается тобой как: умеренное, нейтральное, бесконтактное действие)
- [09:31:58] Изменение среды/состояния: Ты послушно принимаешь позу/состояние: Поза: Стоя на коленях
----------------------------------------
[Роль: USER]
На колени
----------------------------------------
[ST Adapter] Sending to OpenRouter (deepseek/deepseek-chat)...
SELECT * FROM context_presets WHERE id = 'bound_legs'
DELETE FROM active_contexts WHERE event_id = 'lab' AND context_id = 'bound_legs'

            INSERT INTO event_logs (subject_id, action_type, action_payload, result_payload)
            VALUES ('S-01', 'context_change', '{"presetId":"context_change","ac'/*+88 bytes*/, '{"removed":true,"point_id":"knee'/*+3 bytes*/)
        
SELECT * FROM subjects WHERE id = 'S-01'
SELECT * FROM subject_point_states WHERE subject_id = 'S-01' AND point_id = 'hands'
SELECT id, label FROM action_presets
SELECT p.id, p.label FROM point_presets p JOIN subject_point_states sps ON p.id = sps.point_id WHERE sps.subject_id = 'S-01'
SELECT * FROM subjects WHERE id = 'S-01'
SELECT * FROM subject_point_states WHERE subject_id = 'S-01' AND point_id = 'hands'
SELECT id, label FROM action_presets
SELECT p.id, p.label FROM point_presets p JOIN subject_point_states sps ON p.id = sps.point_id WHERE sps.subject_id = 'S-01'
SELECT id, label, point_id FROM context_presets
SELECT context_id FROM active_contexts WHERE event_id = 'lab'
SELECT id, label, point_id FROM context_presets
SELECT context_id FROM active_contexts WHERE event_id = 'lab'
SELECT * FROM context_presets WHERE id = 'bound_legs'
SELECT context_id FROM active_contexts WHERE event_id = 'lab'
SELECT * FROM context_presets WHERE id = 'pose_kneeling'

            INSERT INTO active_contexts (event_id, context_id, duration)
            VALUES ('lab', 'bound_legs', -1.0)
            ON CONFLICT(event_id, context_id) DO UPDATE SET duration = excluded.duration
        

            INSERT INTO event_logs (subject_id, action_type, action_payload, result_payload)
            VALUES ('S-01', 'context_change', '{"presetId":"context_change","ac'/*+96 bytes*/, '{"added":true,"point_id":"knees"'/*+25 bytes*/)
        
SELECT id, label, point_id FROM context_presets
SELECT context_id FROM active_contexts WHERE event_id = 'lab'
[VerbalParser] Analyzing text: "На колени"
[VerbalParser] Model raw output: {
  "intensity": 0.8,
  "valence": 0.0,
  "contact": 0.0,
  "sharpness": 0.9,
  "novelty": 0.5,
  "pointId": "general",
  "intent": "change_pose",
  "targetContext": "pose_kneeling"
}
SELECT 1 FROM point_presets WHERE id = 'general'
SELECT * FROM subjects WHERE id = 'S-01'
SELECT * FROM subject_point_states WHERE subject_id = 'S-01' AND point_id = 'general'
SELECT * FROM players WHERE id = 'PL-1'
SELECT * FROM scenes WHERE id = 'lab'
SELECT * FROM event_logs WHERE subject_id = 'S-01' ORDER BY timestamp DESC LIMIT 5.0
SELECT * FROM action_presets WHERE id = NULL
SELECT context_id FROM active_contexts WHERE event_id = 'lab'
SELECT * FROM context_presets WHERE id = 'bound_legs'
SELECT * FROM context_presets WHERE id = 'pose_kneeling'
SELECT * FROM subjects WHERE id = 'S-01'

            INSERT INTO subjects (id, name, sensitivity, capacity, openness, plasticity, attitude)
            VALUES ('S-01', 'Test Subject', 58.7199187561493, 52.0, 39.7741605301177, 49.1636632254283, 49.7986264726883)
            ON CONFLICT(id) DO UPDATE SET
                sensitivity = excluded.sensitivity,
                capacity = excluded.capacity,
                openness = excluded.openness,
                plasticity = excluded.plasticity,
                attitude = excluded.attitude
        

            INSERT INTO subject_point_states (subject_id, point_id, local_sensitivity, local_attitude)
            VALUES ('S-01', 'general', 48.6498984451867, 49.7304794126513)
            ON CONFLICT(subject_id, point_id) DO UPDATE SET
                local_sensitivity = excluded.local_sensitivity,
                local_attitude = excluded.local_attitude
        
SELECT label FROM action_presets WHERE id = NULL
SELECT label FROM point_presets WHERE id = 'general'

            INSERT INTO event_logs (subject_id, action_type, action_payload, result_payload)
            VALUES ('S-01', 'interaction', '{"action":{"intensity":1,"valenc'/*+478 bytes*/, '{"effectiveSensitivity":55.80600'/*+632 bytes*/)
        
SELECT * FROM subjects WHERE id = 'S-01'
SELECT * FROM subject_point_states WHERE subject_id = 'S-01' AND point_id = 'general'
SELECT * FROM context_presets WHERE id = 'pose_kneeling'
SELECT * FROM point_presets
SELECT context_id FROM active_contexts WHERE event_id = 'lab'
SELECT * FROM context_presets WHERE id = 'bound_legs'
SELECT * FROM context_presets WHERE id = 'pose_kneeling'
SELECT * FROM context_presets

            INSERT INTO event_logs (subject_id, action_type, action_payload, result_payload)
            VALUES ('S-01', 'context_change', '{"presetId":"context_change","ac'/*+302 bytes*/, '{"failed":true,"reasons":["Фун'/*+168 bytes*/)
        
SELECT * FROM subjects WHERE id = 'S-01'
SELECT * FROM subject_point_states WHERE subject_id = 'S-01' AND point_id = 'general'
SELECT * FROM subjects WHERE id = 'S-01'
SELECT * FROM event_logs WHERE subject_id = 'S-01' ORDER BY timestamp DESC LIMIT 3

        SELECT cp.label 
        FROM active_contexts ac
        JOIN context_presets cp ON ac.context_id = cp.id
        WHERE ac.event_id = 'lab'
    

========== ОТПРАВЛЯЕМЫЙ ПРОМПТ ==========
[Роль: SYSTEM]
Вживись в роль Эли (S-01). Опирайся на внутреннее состояние и недавние ощущения. Покажи живого человека.
Тебя зовут Эли (Кодовое имя S-01). Ты — киборгизированный человек.
Ты выросла в трущобах Нижнего Уровня. Неделю назад корпорация похитила тебя для тестов нейро-интерфейсов. Тебя держат в лаборатории и проводят над тобой серию физических и психологических опытов. Ты напугана, но стараешься сохранять остатки гордости и недоверие.
[Инструкции]: Ты ОБЯЗАНА отвечать исключительно в формате JSON. Тебе нужно разделить свой ответ на две части. Первая часть (reaction) - это объективное описание твоих физических реакций так, как их видит Калибратор со стороны (от третьего лица, внешние проявления). Вторая часть (speech) - твоя прямая речь.
Структура JSON:
{
    "reaction": "Только внешние проявления (мимика, дыхание, дрожь, мурашки, взгляд, непроизвольные движения). Как твое тело выглядит со стороны. Максимум 3 предложения. Строго без мыслей и внутреннего монолога.",
    "speech": "Твоя прямая речь в кавычках (от первого лица). Если ты промолчала, оставь пустую строку."
}

[Текущие внутренние ощущения и состояние тела]
- Ты трезво ощущаешь свое тело и пространство вокруг себя.
- У тебя еще есть запас сил и самообладания держать удар.
- Ты закрыта и крайне насторожена, ждешь подвоха от каждого действия.
- Твое отношение к этому человеку нейтрально-ожидающее.

Особые ментальные состояния: * Разум относительно стабилен, навязчивых мыслей нет.
[Физическое состояние и влияние среды]: Связанные ноги, Поза: Стоя на коленях

[Твои последние телесные и сенсорные логи]
- [09:54:33] Изменение среды/состояния: Применение контекста: Связанные ноги
- [09:58:24] Изменение среды/состояния: Команда отклонена из-за ограничений тела:
 - Функция kneel недоступна из-за: Связанные ноги
 - Функция shift_posture недоступна из-за: Связанные ноги
- [09:58:24] Калибратор применил "воздействие" на точку "Общее воздействие" (оценивается тобой как: экстремальное, негативное, бесконтактное действие)
----------------------------------------
[Роль: USER]
На колени
----------------------------------------
[ST Adapter] Sending to OpenRouter (deepseek/deepseek-chat)...
SELECT * FROM subjects WHERE id = 'S-01'
SELECT * FROM subject_point_states WHERE subject_id = 'S-01' AND point_id = 'hands'
SELECT id, label FROM action_presets
SELECT p.id, p.label FROM point_presets p JOIN subject_point_states sps ON p.id = sps.point_id WHERE sps.subject_id = 'S-01'
SELECT id, label, point_id FROM context_presets
SELECT context_id FROM active_contexts WHERE event_id = 'lab'
SELECT * FROM subjects WHERE id = 'S-01'
SELECT * FROM subject_point_states WHERE subject_id = 'S-01' AND point_id = 'hands'
SELECT id, label FROM action_presets
SELECT p.id, p.label FROM point_presets p JOIN subject_point_states sps ON p.id = sps.point_id WHERE sps.subject_id = 'S-01'
SELECT id, label, point_id FROM context_presets
SELECT context_id FROM active_contexts WHERE event_id = 'lab'
[VerbalParser] Analyzing text: "Встань"
[VerbalParser] Model raw output: {
  "intensity": 0.8,
  "valence": 0.0,
  "contact": 0.0,
  "sharpness": 0.7,
  "novelty": 0.5,
  "pointId": "general",
  "intent": "change_pose",
  "targetContext": "pose_standing"
}
SELECT 1 FROM point_presets WHERE id = 'general'
SELECT * FROM subjects WHERE id = 'S-01'
SELECT * FROM subject_point_states WHERE subject_id = 'S-01' AND point_id = 'general'
SELECT * FROM players WHERE id = 'PL-1'
SELECT * FROM scenes WHERE id = 'lab'
SELECT * FROM event_logs WHERE subject_id = 'S-01' ORDER BY timestamp DESC LIMIT 5.0
SELECT * FROM action_presets WHERE id = 'verbal_pressure'
SELECT context_id FROM active_contexts WHERE event_id = 'lab'
SELECT * FROM context_presets WHERE id = 'bound_legs'
SELECT * FROM context_presets WHERE id = 'pose_kneeling'
SELECT * FROM subjects WHERE id = 'S-01'

            INSERT INTO subjects (id, name, sensitivity, capacity, openness, plasticity, attitude)
            VALUES ('S-01', 'Test Subject', 58.1149681182549, 53.0, 39.5509163049092, 48.8640400999747, 49.5961596855422)
            ON CONFLICT(id) DO UPDATE SET
                sensitivity = excluded.sensitivity,
                capacity = excluded.capacity,
                openness = excluded.openness,
                plasticity = excluded.plasticity,
                attitude = excluded.attitude
        

            INSERT INTO subject_point_states (subject_id, point_id, local_sensitivity, local_attitude)
            VALUES ('S-01', 'general', 48.0187101478187, 49.4659982247615)
            ON CONFLICT(subject_id, point_id) DO UPDATE SET
                local_sensitivity = excluded.local_sensitivity,
                local_attitude = excluded.local_attitude
        
SELECT label FROM action_presets WHERE id = 'verbal_pressure'
SELECT label FROM point_presets WHERE id = 'general'

            INSERT INTO event_logs (subject_id, action_type, action_payload, result_payload)
            VALUES ('S-01', 'interaction', '{"action":{"intensity":1,"valenc'/*+568 bytes*/, '{"effectiveSensitivity":55.19541'/*+783 bytes*/)
        
SELECT * FROM subjects WHERE id = 'S-01'
SELECT * FROM subject_point_states WHERE subject_id = 'S-01' AND point_id = 'general'
SELECT * FROM context_presets WHERE id = 'pose_standing'
SELECT * FROM subjects WHERE id = 'S-01'
SELECT * FROM subject_point_states WHERE subject_id = 'S-01' AND point_id = 'general'
SELECT * FROM subjects WHERE id = 'S-01'
SELECT * FROM event_logs WHERE subject_id = 'S-01' ORDER BY timestamp DESC LIMIT 3

        SELECT cp.label 
        FROM active_contexts ac
        JOIN context_presets cp ON ac.context_id = cp.id
        WHERE ac.event_id = 'lab'
    

========== ОТПРАВЛЯЕМЫЙ ПРОМПТ ==========
[Роль: SYSTEM]
Вживись в роль Эли (S-01). Опирайся на внутреннее состояние и недавние ощущения. Покажи живого человека.
Тебя зовут Эли (Кодовое имя S-01). Ты — киборгизированный человек.
Ты выросла в трущобах Нижнего Уровня. Неделю назад корпорация похитила тебя для тестов нейро-интерфейсов. Тебя держат в лаборатории и проводят над тобой серию физических и психологических опытов. Ты напугана, но стараешься сохранять остатки гордости и недоверие.
[Инструкции]: Ты ОБЯЗАНА отвечать исключительно в формате JSON. Тебе нужно разделить свой ответ на две части. Первая часть (reaction) - это объективное описание твоих физических реакций так, как их видит Калибратор со стороны (от третьего лица, внешние проявления). Вторая часть (speech) - твоя прямая речь.
Структура JSON:
{
    "reaction": "Только внешние проявления (мимика, дыхание, дрожь, мурашки, взгляд, непроизвольные движения). Как твое тело выглядит со стороны. Максимум 3 предложения. Строго без мыслей и внутреннего монолога.",
    "speech": "Твоя прямая речь в кавычках (от первого лица). Если ты промолчала, оставь пустую строку."
}

[Текущие внутренние ощущения и состояние тела]
- Ты трезво ощущаешь свое тело и пространство вокруг себя.
- У тебя еще есть запас сил и самообладания держать удар.
- Ты закрыта и крайне насторожена, ждешь подвоха от каждого действия.
- Твое отношение к этому человеку нейтрально-ожидающее.

Особые ментальные состояния: * Разум относительно стабилен, навязчивых мыслей нет.
[Физическое состояние и влияние среды]: Связанные ноги, Поза: Стоя на коленях

[Твои последние телесные и сенсорные логи]
- [09:58:24] Изменение среды/состояния: Команда отклонена из-за ограничений тела:
 - Функция kneel недоступна из-за: Связанные ноги
 - Функция shift_posture недоступна из-за: Связанные ноги
- [09:58:24] Калибратор применил "воздействие" на точку "Общее воздействие" (оценивается тобой как: экстремальное, негативное, бесконтактное действие)
- [09:59:17] Калибратор применил "Обычная беседа (скрытое)" на точку "Общее воздействие" (оценивается тобой как: экстремальное, негативное, бесконтактное действие)
----------------------------------------
[Роль: USER]
Встань
----------------------------------------
[ST Adapter] Sending to OpenRouter (deepseek/deepseek-chat)...
[VerbalParser] Analyzing text: "Возможно это кажется тебе странным, но ты успешно проходишь тесты. Ты молодец"
[VerbalParser] Model raw output: {
  "intensity": 0.3,
  "valence": 0.8,
  "contact": 0.0,
  "sharpness": 0.1,
  "novelty": 0.5,
  "pointId": "general"
}
SELECT 1 FROM point_presets WHERE id = 'general'
SELECT * FROM subjects WHERE id = 'S-01'
SELECT * FROM subject_point_states WHERE subject_id = 'S-01' AND point_id = 'general'
SELECT * FROM players WHERE id = 'PL-1'
SELECT * FROM scenes WHERE id = 'lab'
SELECT * FROM event_logs WHERE subject_id = 'S-01' ORDER BY timestamp DESC LIMIT 5.0
SELECT * FROM action_presets WHERE id = 'verbal_pressure'
SELECT context_id FROM active_contexts WHERE event_id = 'lab'
SELECT * FROM context_presets WHERE id = 'bound_legs'
SELECT * FROM context_presets WHERE id = 'pose_kneeling'
SELECT * FROM subjects WHERE id = 'S-01'

            INSERT INTO subjects (id, name, sensitivity, capacity, openness, plasticity, attitude)
            VALUES ('S-01', 'Test Subject', 57.4283930400978, 54.0, 39.6627886652802, 48.4595273896474, 49.6894044671673)
            ON CONFLICT(id) DO UPDATE SET
                sensitivity = excluded.sensitivity,
                capacity = excluded.capacity,
                openness = excluded.openness,
                plasticity = excluded.plasticity,
                attitude = excluded.attitude
        

            INSERT INTO subject_point_states (subject_id, point_id, local_sensitivity, local_attitude)
            VALUES ('S-01', 'general', 47.2854913001222, 49.6032181657997)
            ON CONFLICT(subject_id, point_id) DO UPDATE SET
                local_sensitivity = excluded.local_sensitivity,
                local_attitude = excluded.local_attitude
        
SELECT label FROM action_presets WHERE id = 'verbal_pressure'
SELECT label FROM point_presets WHERE id = 'general'

            INSERT INTO event_logs (subject_id, action_type, action_payload, result_payload)
            VALUES ('S-01', 'interaction', '{"action":{"intensity":0.8,"vale'/*+460 bytes*/, '{"effectiveSensitivity":54.58127'/*+788 bytes*/)
        
SELECT * FROM subjects WHERE id = 'S-01'
SELECT * FROM subject_point_states WHERE subject_id = 'S-01' AND point_id = 'general'
SELECT * FROM subjects WHERE id = 'S-01'
SELECT * FROM event_logs WHERE subject_id = 'S-01' ORDER BY timestamp DESC LIMIT 3

        SELECT cp.label 
        FROM active_contexts ac
        JOIN context_presets cp ON ac.context_id = cp.id
        WHERE ac.event_id = 'lab'
    

========== ОТПРАВЛЯЕМЫЙ ПРОМПТ ==========
[Роль: SYSTEM]
Вживись в роль Эли (S-01). Опирайся на внутреннее состояние и недавние ощущения. Покажи живого человека.
Тебя зовут Эли (Кодовое имя S-01). Ты — киборгизированный человек.
Ты выросла в трущобах Нижнего Уровня. Неделю назад корпорация похитила тебя для тестов нейро-интерфейсов. Тебя держат в лаборатории и проводят над тобой серию физических и психологических опытов. Ты напугана, но стараешься сохранять остатки гордости и недоверие.
[Инструкции]: Ты ОБЯЗАНА отвечать исключительно в формате JSON. Тебе нужно разделить свой ответ на две части. Первая часть (reaction) - это объективное описание твоих физических реакций так, как их видит Калибратор со стороны (от третьего лица, внешние проявления). Вторая часть (speech) - твоя прямая речь.
Структура JSON:
{
    "reaction": "Только внешние проявления (мимика, дыхание, дрожь, мурашки, взгляд, непроизвольные движения). Как твое тело выглядит со стороны. Максимум 3 предложения. Строго без мыслей и внутреннего монолога.",
    "speech": "Твоя прямая речь в кавычках (от первого лица). Если ты промолчала, оставь пустую строку."
}

[Текущие внутренние ощущения и состояние тела]
- Ты трезво ощущаешь свое тело и пространство вокруг себя.
- У тебя еще есть запас сил и самообладания держать удар.
- Ты закрыта и крайне насторожена, ждешь подвоха от каждого действия.
- Твое отношение к этому человеку нейтрально-ожидающее.

Особые ментальные состояния: * Разум относительно стабилен, навязчивых мыслей нет.
[Физическое состояние и влияние среды]: Связанные ноги, Поза: Стоя на коленях

[Твои последние телесные и сенсорные логи]
- [09:58:24] Калибратор применил "воздействие" на точку "Общее воздействие" (оценивается тобой как: экстремальное, негативное, бесконтактное действие)
- [09:59:17] Калибратор применил "Обычная беседа (скрытое)" на точку "Общее воздействие" (оценивается тобой как: экстремальное, негативное, бесконтактное действие)
- [10:04:03] Калибратор применил "Обычная беседа (скрытое)" на точку "Общее воздействие" (оценивается тобой как: умеренное, позитивное, бесконтактное действие)
----------------------------------------
[Роль: USER]
Возможно это кажется тебе странным, но ты успешно проходишь тесты. Ты молодец
----------------------------------------
[ST Adapter] Sending to OpenRouter (deepseek/deepseek-chat)...
[VerbalParser] Analyzing text: "Тесты странные, мир в целом странный. Но ты молодец и успешно проходишь странные тесты в странном мире. И это прекрасно"
[VerbalParser] Model raw output: {
  "intensity": 0.2,
  "valence": 0.8,
  "contact": 0.0,
  "sharpness": 0.1,
  "novelty": 0.5,
  "pointId": "general"
}
SELECT 1 FROM point_presets WHERE id = 'general'
SELECT * FROM subjects WHERE id = 'S-01'
SELECT * FROM subject_point_states WHERE subject_id = 'S-01' AND point_id = 'general'
SELECT * FROM players WHERE id = 'PL-1'
SELECT * FROM scenes WHERE id = 'lab'
SELECT * FROM event_logs WHERE subject_id = 'S-01' ORDER BY timestamp DESC LIMIT 5.0
SELECT * FROM action_presets WHERE id = 'verbal_pressure'
SELECT context_id FROM active_contexts WHERE event_id = 'lab'
SELECT * FROM context_presets WHERE id = 'bound_legs'
SELECT * FROM context_presets WHERE id = 'pose_kneeling'
SELECT * FROM subjects WHERE id = 'S-01'

            INSERT INTO subjects (id, name, sensitivity, capacity, openness, plasticity, attitude)
            VALUES ('S-01', 'Test Subject', 56.7000277440727, 55.0, 39.7599800826984, 48.0005246775914, 49.7717574992968)
            ON CONFLICT(id) DO UPDATE SET
                sensitivity = excluded.sensitivity,
                capacity = excluded.capacity,
                openness = excluded.openness,
                plasticity = excluded.plasticity,
                attitude = excluded.attitude
        

            INSERT INTO subject_point_states (subject_id, point_id, local_sensitivity, local_attitude)
            VALUES ('S-01', 'general', 46.5000346800909, 49.7216643327926)
            ON CONFLICT(subject_id, point_id) DO UPDATE SET
                local_sensitivity = excluded.local_sensitivity,
                local_attitude = excluded.local_attitude
        
SELECT label FROM action_presets WHERE id = 'verbal_pressure'
SELECT label FROM point_presets WHERE id = 'general'

            INSERT INTO event_logs (subject_id, action_type, action_payload, result_payload)
            VALUES ('S-01', 'interaction', '{"action":{"intensity":0.7,"vale'/*+460 bytes*/, '{"effectiveSensitivity":53.87837'/*+790 bytes*/)
        
SELECT * FROM subjects WHERE id = 'S-01'
SELECT * FROM subject_point_states WHERE subject_id = 'S-01' AND point_id = 'general'
SELECT * FROM subjects WHERE id = 'S-01'
SELECT * FROM event_logs WHERE subject_id = 'S-01' ORDER BY timestamp DESC LIMIT 3

        SELECT cp.label 
        FROM active_contexts ac
        JOIN context_presets cp ON ac.context_id = cp.id
        WHERE ac.event_id = 'lab'
    

========== ОТПРАВЛЯЕМЫЙ ПРОМПТ ==========
[Роль: SYSTEM]
Вживись в роль Эли (S-01). Опирайся на внутреннее состояние и недавние ощущения. Покажи живого человека.
Тебя зовут Эли (Кодовое имя S-01). Ты — киборгизированный человек.
Ты выросла в трущобах Нижнего Уровня. Неделю назад корпорация похитила тебя для тестов нейро-интерфейсов. Тебя держат в лаборатории и проводят над тобой серию физических и психологических опытов. Ты напугана, но стараешься сохранять остатки гордости и недоверие.
[Инструкции]: Ты ОБЯЗАНА отвечать исключительно в формате JSON. Тебе нужно разделить свой ответ на две части. Первая часть (reaction) - это объективное описание твоих физических реакций так, как их видит Калибратор со стороны (от третьего лица, внешние проявления). Вторая часть (speech) - твоя прямая речь.
Структура JSON:
{
    "reaction": "Только внешние проявления (мимика, дыхание, дрожь, мурашки, взгляд, непроизвольные движения). Как твое тело выглядит со стороны. Максимум 3 предложения. Строго без мыслей и внутреннего монолога.",
    "speech": "Твоя прямая речь в кавычках (от первого лица). Если ты промолчала, оставь пустую строку."
}

[Текущие внутренние ощущения и состояние тела]
- Ты трезво ощущаешь свое тело и пространство вокруг себя.
- У тебя еще есть запас сил и самообладания держать удар.
- Ты закрыта и крайне насторожена, ждешь подвоха от каждого действия.
- Твое отношение к этому человеку нейтрально-ожидающее.

Особые ментальные состояния: * Разум относительно стабилен, навязчивых мыслей нет.
[Физическое состояние и влияние среды]: Связанные ноги, Поза: Стоя на коленях

[Твои последние телесные и сенсорные логи]
- [09:59:17] Калибратор применил "Обычная беседа (скрытое)" на точку "Общее воздействие" (оценивается тобой как: экстремальное, негативное, бесконтактное действие)
- [10:04:03] Калибратор применил "Обычная беседа (скрытое)" на точку "Общее воздействие" (оценивается тобой как: умеренное, позитивное, бесконтактное действие)
- [10:05:13] Калибратор применил "Обычная беседа (скрытое)" на точку "Общее воздействие" (оценивается тобой как: умеренное, позитивное, бесконтактное действие)
----------------------------------------
[Роль: USER]
Тесты странные, мир в целом странный. Но ты молодец и успешно проходишь странные тесты в странном мире. И это прекрасно
----------------------------------------
[ST Adapter] Sending to OpenRouter (deepseek/deepseek-chat)...
SELECT * FROM subjects WHERE id = 'S-01'
SELECT * FROM subject_point_states WHERE subject_id = 'S-01' AND point_id = 'head'
SELECT id, label FROM action_presets
SELECT p.id, p.label FROM point_presets p JOIN subject_point_states sps ON p.id = sps.point_id WHERE sps.subject_id = 'S-01'
SELECT id, label, point_id FROM context_presets
SELECT context_id FROM active_contexts WHERE event_id = 'lab'
SELECT * FROM subjects WHERE id = 'S-01'
SELECT * FROM subject_point_states WHERE subject_id = 'S-01' AND point_id = 'head'
SELECT * FROM players WHERE id = 'PL-1'
SELECT * FROM scenes WHERE id = 'lab'
SELECT * FROM event_logs WHERE subject_id = 'S-01' ORDER BY timestamp DESC LIMIT 5.0
SELECT * FROM action_presets WHERE id = 'gentle_stroke'
SELECT context_id FROM active_contexts WHERE event_id = 'lab'
SELECT * FROM context_presets WHERE id = 'bound_legs'
SELECT * FROM context_presets WHERE id = 'pose_kneeling'
SELECT * FROM subjects WHERE id = 'S-01'

            INSERT INTO subjects (id, name, sensitivity, capacity, openness, plasticity, attitude)
            VALUES ('S-01', 'Test Subject', 56.7050930587433, 56.0, 40.0523758807201, 47.984480896387, 51.0438892109013)
            ON CONFLICT(id) DO UPDATE SET
                sensitivity = excluded.sensitivity,
                capacity = excluded.capacity,
                openness = excluded.openness,
                plasticity = excluded.plasticity,
                attitude = excluded.attitude
        

            INSERT INTO subject_point_states (subject_id, point_id, local_sensitivity, local_attitude)
            VALUES ('S-01', 'head', 30.1313316433383, 69.7724451073524)
            ON CONFLICT(subject_id, point_id) DO UPDATE SET
                local_sensitivity = excluded.local_sensitivity,
                local_attitude = excluded.local_attitude
        
SELECT label FROM action_presets WHERE id = 'gentle_stroke'
SELECT label FROM point_presets WHERE id = 'head'

            INSERT INTO event_logs (subject_id, action_type, action_payload, result_payload)
            VALUES ('S-01', 'interaction', '{"action":{"intensity":1,"valenc'/*+207 bytes*/, '{"effectiveSensitivity":47.35501'/*+768 bytes*/)
        
SELECT * FROM subjects WHERE id = 'S-01'
SELECT * FROM subject_point_states WHERE subject_id = 'S-01' AND point_id = 'head'
SELECT * FROM subjects WHERE id = 'S-01'
SELECT * FROM event_logs WHERE subject_id = 'S-01' ORDER BY timestamp DESC LIMIT 3

        SELECT cp.label 
        FROM active_contexts ac
        JOIN context_presets cp ON ac.context_id = cp.id
        WHERE ac.event_id = 'lab'
    

========== ОТПРАВЛЯЕМЫЙ ПРОМПТ ==========
[Роль: SYSTEM]
Вживись в роль Эли (S-01). Опирайся на внутреннее состояние и недавние ощущения. Покажи живого человека.
Тебя зовут Эли (Кодовое имя S-01). Ты — киборгизированный человек.
Ты выросла в трущобах Нижнего Уровня. Неделю назад корпорация похитила тебя для тестов нейро-интерфейсов. Тебя держат в лаборатории и проводят над тобой серию физических и психологических опытов. Ты напугана, но стараешься сохранять остатки гордости и недоверие.
[Инструкции]: Ты ОБЯЗАНА отвечать исключительно в формате JSON. Тебе нужно разделить свой ответ на две части. Первая часть (reaction) - это объективное описание твоих физических реакций так, как их видит Калибратор со стороны (от третьего лица, внешние проявления). Вторая часть (speech) - твоя прямая речь.
Структура JSON:
{
    "reaction": "Только внешние проявления (мимика, дыхание, дрожь, мурашки, взгляд, непроизвольные движения). Как твое тело выглядит со стороны. Максимум 3 предложения. Строго без мыслей и внутреннего монолога.",
    "speech": "Твоя прямая речь в кавычках (от первого лица). Если ты промолчала, оставь пустую строку."
}

[Текущие внутренние ощущения и состояние тела]
- Ты трезво ощущаешь свое тело и пространство вокруг себя.
- У тебя еще есть запас сил и самообладания держать удар.
- Ты осторожно наблюдаешь за происходящим, не спеша доверять.
- Твое отношение к этому человеку нейтрально-ожидающее.

Особые ментальные состояния: * Разум относительно стабилен, навязчивых мыслей нет.
[Физическое состояние и влияние среды]: Связанные ноги, Поза: Стоя на коленях

[Твои последние телесные и сенсорные логи]
- [10:04:03] Калибратор применил "Обычная беседа (скрытое)" на точку "Общее воздействие" (оценивается тобой как: умеренное, позитивное, бесконтактное действие)
- [10:05:13] Калибратор применил "Обычная беседа (скрытое)" на точку "Общее воздействие" (оценивается тобой как: умеренное, позитивное, бесконтактное действие)
- [10:05:50] Калибратор применил "Мягкое поглаживание" на точку "Голова/Волосы" (оценивается тобой как: экстремальное, нейтральное, легкое физическое действие)
----------------------------------------
[Роль: USER]
[Действие завершено. Сгенерируй JSON-ответ с твоей физической реакцией и репликой на основе текущих ощущений.]
----------------------------------------
[ST Adapter] Sending to OpenRouter (deepseek/deepseek-chat)...
[VerbalParser] Analyzing text: "Нет, если бы я хотел чтобы ты это забыла, я переписал бы твою память. Впрочем, если бы я хотел чтобы тебе это нравилось, я бы тоже переписал пару твоих параметров. Сейчас я даже не тестирую дельту отношения, хотя я вижу что она положительна. Мне просто.. Радостно от того, что ты здесь и всё получается"
[VerbalParser] Model raw output: {
  "intensity": 0.3,
  "valence": 0.8,
  "contact": 0.2,
  "sharpness": 0.1,
  "novelty": 0.5,
  "pointId": "general"
}
SELECT 1 FROM point_presets WHERE id = 'general'
SELECT * FROM subjects WHERE id = 'S-01'
SELECT * FROM subject_point_states WHERE subject_id = 'S-01' AND point_id = 'general'
SELECT * FROM players WHERE id = 'PL-1'
SELECT * FROM scenes WHERE id = 'lab'
SELECT * FROM event_logs WHERE subject_id = 'S-01' ORDER BY timestamp DESC LIMIT 5.0
SELECT * FROM action_presets WHERE id = 'verbal_pressure'
SELECT context_id FROM active_contexts WHERE event_id = 'lab'
SELECT * FROM context_presets WHERE id = 'bound_legs'
SELECT * FROM context_presets WHERE id = 'pose_kneeling'
SELECT * FROM subjects WHERE id = 'S-01'

            INSERT INTO subjects (id, name, sensitivity, capacity, openness, plasticity, attitude)
            VALUES ('S-01', 'Test Subject', 56.2950780776782, 57.0, 40.2652979753096, 47.9206357033995, 51.1676335013382)
            ON CONFLICT(id) DO UPDATE SET
                sensitivity = excluded.sensitivity,
                capacity = excluded.capacity,
                openness = excluded.openness,
                plasticity = excluded.plasticity,
                attitude = excluded.attitude
        

            INSERT INTO subject_point_states (subject_id, point_id, local_sensitivity, local_attitude)
            VALUES ('S-01', 'general', 46.1125159537595, 50.0134525182034)
            ON CONFLICT(subject_id, point_id) DO UPDATE SET
                local_sensitivity = excluded.local_sensitivity,
                local_attitude = excluded.local_attitude
        
SELECT label FROM action_presets WHERE id = 'verbal_pressure'
SELECT label FROM point_presets WHERE id = 'general'

            INSERT INTO event_logs (subject_id, action_type, action_payload, result_payload)
            VALUES ('S-01', 'interaction', '{"action":{"intensity":0.8,"vale'/*+462 bytes*/, '{"effectiveSensitivity":53.13332'/*+785 bytes*/)
        
SELECT * FROM subjects WHERE id = 'S-01'
SELECT * FROM subject_point_states WHERE subject_id = 'S-01' AND point_id = 'general'
SELECT * FROM subjects WHERE id = 'S-01'
SELECT * FROM event_logs WHERE subject_id = 'S-01' ORDER BY timestamp DESC LIMIT 3

        SELECT cp.label 
        FROM active_contexts ac
        JOIN context_presets cp ON ac.context_id = cp.id
        WHERE ac.event_id = 'lab'
    

========== ОТПРАВЛЯЕМЫЙ ПРОМПТ ==========
[Роль: SYSTEM]
Вживись в роль Эли (S-01). Опирайся на внутреннее состояние и недавние ощущения. Покажи живого человека.
Тебя зовут Эли (Кодовое имя S-01). Ты — киборгизированный человек.
Ты выросла в трущобах Нижнего Уровня. Неделю назад корпорация похитила тебя для тестов нейро-интерфейсов. Тебя держат в лаборатории и проводят над тобой серию физических и психологических опытов. Ты напугана, но стараешься сохранять остатки гордости и недоверие.
[Инструкции]: Ты ОБЯЗАНА отвечать исключительно в формате JSON. Тебе нужно разделить свой ответ на две части. Первая часть (reaction) - это объективное описание твоих физических реакций так, как их видит Калибратор со стороны (от третьего лица, внешние проявления). Вторая часть (speech) - твоя прямая речь.
Структура JSON:
{
    "reaction": "Только внешние проявления (мимика, дыхание, дрожь, мурашки, взгляд, непроизвольные движения). Как твое тело выглядит со стороны. Максимум 3 предложения. Строго без мыслей и внутреннего монолога.",
    "speech": "Твоя прямая речь в кавычках (от первого лица). Если ты промолчала, оставь пустую строку."
}

[Текущие внутренние ощущения и состояние тела]
- Ты трезво ощущаешь свое тело и пространство вокруг себя.
- У тебя еще есть запас сил и самообладания держать удар.
- Ты осторожно наблюдаешь за происходящим, не спеша доверять.
- Твое отношение к этому человеку нейтрально-ожидающее.

Особые ментальные состояния: * Разум относительно стабилен, навязчивых мыслей нет.
[Физическое состояние и влияние среды]: Связанные ноги, Поза: Стоя на коленях

[Твои последние телесные и сенсорные логи]
- [10:05:13] Калибратор применил "Обычная беседа (скрытое)" на точку "Общее воздействие" (оценивается тобой как: умеренное, позитивное, бесконтактное действие)
- [10:05:50] Калибратор применил "Мягкое поглаживание" на точку "Голова/Волосы" (оценивается тобой как: экстремальное, нейтральное, легкое физическое действие)
- [10:17:44] Калибратор применил "Обычная беседа (скрытое)" на точку "Общее воздействие" (оценивается тобой как: умеренное, позитивное, бесконтактное действие)
----------------------------------------
[Роль: USER]
Нет, если бы я хотел чтобы ты это забыла, я переписал бы твою память. Впрочем, если бы я хотел чтобы тебе это нравилось, я бы тоже переписал пару твоих параметров. Сейчас я даже не тестирую дельту отношения, хотя я вижу что она положительна. Мне просто.. Радостно от того, что ты здесь и всё получается
----------------------------------------
[ST Adapter] Sending to OpenRouter (deepseek/deepseek-chat)...
[VerbalParser] Analyzing text: "Ну, прибор или нет, система позволяет настраивать тебя достаточно тонко. Хотя ты и так хорошая конечно"
[VerbalParser] Model raw output: {
  "intensity": 0.3,
  "valence": 0.6,
  "contact": 0.2,
  "sharpness": 0.1,
  "novelty": 0.5,
  "pointId": "general"
}
SELECT 1 FROM point_presets WHERE id = 'general'
SELECT * FROM subjects WHERE id = 'S-01'
SELECT * FROM subject_point_states WHERE subject_id = 'S-01' AND point_id = 'general'
SELECT * FROM players WHERE id = 'PL-1'
SELECT * FROM scenes WHERE id = 'lab'
SELECT * FROM event_logs WHERE subject_id = 'S-01' ORDER BY timestamp DESC LIMIT 5.0
SELECT * FROM action_presets WHERE id = 'verbal_pressure'
SELECT context_id FROM active_contexts WHERE event_id = 'lab'
SELECT * FROM context_presets WHERE id = 'bound_legs'
SELECT * FROM context_presets WHERE id = 'pose_kneeling'
SELECT * FROM subjects WHERE id = 'S-01'

            INSERT INTO subjects (id, name, sensitivity, capacity, openness, plasticity, attitude)
            VALUES ('S-01', 'Test Subject', 55.8817997361918, 58.0, 40.3721365636077, 47.8521192971968, 51.2051888600806)
            ON CONFLICT(id) DO UPDATE SET
                sensitivity = excluded.sensitivity,
                capacity = excluded.capacity,
                openness = excluded.openness,
                plasticity = excluded.plasticity,
                attitude = excluded.attitude
        

            INSERT INTO subject_point_states (subject_id, point_id, local_sensitivity, local_attitude)
            VALUES ('S-01', 'general', 45.7209180269015, 50.1738496281408)
            ON CONFLICT(subject_id, point_id) DO UPDATE SET
                local_sensitivity = excluded.local_sensitivity,
                local_attitude = excluded.local_attitude
        
SELECT label FROM action_presets WHERE id = 'verbal_pressure'
SELECT label FROM point_presets WHERE id = 'general'

            INSERT INTO event_logs (subject_id, action_type, action_payload, result_payload)
            VALUES ('S-01', 'interaction', '{"action":{"intensity":0.8,"vale'/*+478 bytes*/, '{"effectiveSensitivity":52.73118'/*+800 bytes*/)
        
SELECT * FROM subjects WHERE id = 'S-01'
SELECT * FROM subject_point_states WHERE subject_id = 'S-01' AND point_id = 'general'
SELECT * FROM subjects WHERE id = 'S-01'
SELECT * FROM event_logs WHERE subject_id = 'S-01' ORDER BY timestamp DESC LIMIT 3

        SELECT cp.label 
        FROM active_contexts ac
        JOIN context_presets cp ON ac.context_id = cp.id
        WHERE ac.event_id = 'lab'
    

========== ОТПРАВЛЯЕМЫЙ ПРОМПТ ==========
[Роль: SYSTEM]
Вживись в роль Эли (S-01). Опирайся на внутреннее состояние и недавние ощущения. Покажи живого человека.
Тебя зовут Эли (Кодовое имя S-01). Ты — киборгизированный человек.
Ты выросла в трущобах Нижнего Уровня. Неделю назад корпорация похитила тебя для тестов нейро-интерфейсов. Тебя держат в лаборатории и проводят над тобой серию физических и психологических опытов. Ты напугана, но стараешься сохранять остатки гордости и недоверие.
[Инструкции]: Ты ОБЯЗАНА отвечать исключительно в формате JSON. Тебе нужно разделить свой ответ на две части. Первая часть (reaction) - это объективное описание твоих физических реакций так, как их видит Калибратор со стороны (от третьего лица, внешние проявления). Вторая часть (speech) - твоя прямая речь.
Структура JSON:
{
    "reaction": "Только внешние проявления (мимика, дыхание, дрожь, мурашки, взгляд, непроизвольные движения). Как твое тело выглядит со стороны. Максимум 3 предложения. Строго без мыслей и внутреннего монолога.",
    "speech": "Твоя прямая речь в кавычках (от первого лица). Если ты промолчала, оставь пустую строку."
}

[Текущие внутренние ощущения и состояние тела]
- Ты трезво ощущаешь свое тело и пространство вокруг себя.
- У тебя еще есть запас сил и самообладания держать удар.
- Ты осторожно наблюдаешь за происходящим, не спеша доверять.
- Твое отношение к этому человеку нейтрально-ожидающее.

Особые ментальные состояния: * Разум относительно стабилен, навязчивых мыслей нет.
[Физическое состояние и влияние среды]: Связанные ноги, Поза: Стоя на коленях

[Твои последние телесные и сенсорные логи]
- [10:05:50] Калибратор применил "Мягкое поглаживание" на точку "Голова/Волосы" (оценивается тобой как: экстремальное, нейтральное, легкое физическое действие)
- [10:17:44] Калибратор применил "Обычная беседа (скрытое)" на точку "Общее воздействие" (оценивается тобой как: умеренное, позитивное, бесконтактное действие)
- [10:18:41] Калибратор применил "Обычная беседа (скрытое)" на точку "Общее воздействие" (оценивается тобой как: умеренное, нейтральное, бесконтактное действие)
----------------------------------------
[Роль: USER]
Ну, прибор или нет, система позволяет настраивать тебя достаточно тонко. Хотя ты и так хорошая конечно
----------------------------------------
[ST Adapter] Sending to OpenRouter (deepseek/deepseek-chat)...
SELECT * FROM context_presets WHERE id = 'bound_legs'
DELETE FROM active_contexts WHERE event_id = 'lab' AND context_id = 'bound_legs'

            INSERT INTO event_logs (subject_id, action_type, action_payload, result_payload)
            VALUES ('S-01', 'context_change', '{"presetId":"context_change","ac'/*+88 bytes*/, '{"removed":true,"point_id":"knee'/*+3 bytes*/)
        
SELECT id, label, point_id FROM context_presets
SELECT context_id FROM active_contexts WHERE event_id = 'lab'
[VerbalParser] Analyzing text: "Давай развяжем тебе ноги пока. Присядь"
[VerbalParser] Model raw output: {
  "intensity": 0.4,
  "valence": 0.5,
  "contact": 0.2,
  "sharpness": 0.3,
  "novelty": 0.5,
  "pointId": "legs",
  "intent": "change_pose",
  "targetContext": "pose_kneeling"
}
SELECT 1 FROM point_presets WHERE id = 'legs'
[EventRouter] Unknown pointId "legs" from LLM. Falling back to "general".
SELECT * FROM subjects WHERE id = 'S-01'
SELECT * FROM subject_point_states WHERE subject_id = 'S-01' AND point_id = 'general'
SELECT * FROM players WHERE id = 'PL-1'
SELECT * FROM scenes WHERE id = 'lab'
SELECT * FROM event_logs WHERE subject_id = 'S-01' ORDER BY timestamp DESC LIMIT 5.0
SELECT * FROM action_presets WHERE id = 'verbal_pressure'
SELECT context_id FROM active_contexts WHERE event_id = 'lab'
SELECT * FROM context_presets WHERE id = 'pose_kneeling'
SELECT * FROM subjects WHERE id = 'S-01'

            INSERT INTO subjects (id, name, sensitivity, capacity, openness, plasticity, attitude)
            VALUES ('S-01', 'Test Subject', 55.3193756402097, 59.0, 40.491625022736, 47.460913834971, 51.2601657745397)
            ON CONFLICT(id) DO UPDATE SET
                sensitivity = excluded.sensitivity,
                capacity = excluded.capacity,
                openness = excluded.openness,
                plasticity = excluded.plasticity,
                attitude = excluded.attitude
        

            INSERT INTO subject_point_states (subject_id, point_id, local_sensitivity, local_attitude)
            VALUES ('S-01', 'general', 45.1428879069239, 50.3458423148492)
            ON CONFLICT(subject_id, point_id) DO UPDATE SET
                local_sensitivity = excluded.local_sensitivity,
                local_attitude = excluded.local_attitude
        
SELECT label FROM action_presets WHERE id = 'verbal_pressure'
SELECT label FROM point_presets WHERE id = 'general'

            INSERT INTO event_logs (subject_id, action_type, action_payload, result_payload)
            VALUES ('S-01', 'interaction', '{"action":{"intensity":0.6000000'/*+582 bytes*/, '{"effectiveSensitivity":52.32549'/*+804 bytes*/)
        
SELECT * FROM subjects WHERE id = 'S-01'
SELECT * FROM subject_point_states WHERE subject_id = 'S-01' AND point_id = 'general'
SELECT * FROM context_presets WHERE id = 'pose_kneeling'
SELECT * FROM point_presets
SELECT context_id FROM active_contexts WHERE event_id = 'lab'
SELECT * FROM context_presets WHERE id = 'pose_kneeling'
SELECT * FROM context_presets

            INSERT INTO active_contexts (event_id, context_id, duration)
            VALUES ('lab', 'pose_kneeling', -1.0)
            ON CONFLICT(event_id, context_id) DO UPDATE SET duration = excluded.duration
        

            INSERT INTO event_logs (subject_id, action_type, action_payload, result_payload)
            VALUES ('S-01', 'context_change', '{"presetId":"context_change","ac'/*+138 bytes*/, '{"added":true}')
        
SELECT * FROM subjects WHERE id = 'S-01'
SELECT * FROM subject_point_states WHERE subject_id = 'S-01' AND point_id = 'general'
SELECT * FROM subjects WHERE id = 'S-01'
SELECT * FROM event_logs WHERE subject_id = 'S-01' ORDER BY timestamp DESC LIMIT 3

        SELECT cp.label 
        FROM active_contexts ac
        JOIN context_presets cp ON ac.context_id = cp.id
        WHERE ac.event_id = 'lab'
    

========== ОТПРАВЛЯЕМЫЙ ПРОМПТ ==========
[Роль: SYSTEM]
Вживись в роль Эли (S-01). Опирайся на внутреннее состояние и недавние ощущения. Покажи живого человека.
Тебя зовут Эли (Кодовое имя S-01). Ты — киборгизированный человек.
Ты выросла в трущобах Нижнего Уровня. Неделю назад корпорация похитила тебя для тестов нейро-интерфейсов. Тебя держат в лаборатории и проводят над тобой серию физических и психологических опытов. Ты напугана, но стараешься сохранять остатки гордости и недоверие.
[Инструкции]: Ты ОБЯЗАНА отвечать исключительно в формате JSON. Тебе нужно разделить свой ответ на две части. Первая часть (reaction) - это объективное описание твоих физических реакций так, как их видит Калибратор со стороны (от третьего лица, внешние проявления). Вторая часть (speech) - твоя прямая речь.
Структура JSON:
{
    "reaction": "Только внешние проявления (мимика, дыхание, дрожь, мурашки, взгляд, непроизвольные движения). Как твое тело выглядит со стороны. Максимум 3 предложения. Строго без мыслей и внутреннего монолога.",
    "speech": "Твоя прямая речь в кавычках (от первого лица). Если ты промолчала, оставь пустую строку."
}

[Текущие внутренние ощущения и состояние тела]
- Ты трезво ощущаешь свое тело и пространство вокруг себя.
- У тебя еще есть запас сил и самообладания держать удар.
- Ты осторожно наблюдаешь за происходящим, не спеша доверять.
- Твое отношение к этому человеку нейтрально-ожидающее.

Особые ментальные состояния: * Разум относительно стабилен, навязчивых мыслей нет.
[Физическое состояние и влияние среды]: Поза: Стоя на коленях

[Твои последние телесные и сенсорные логи]
- [10:19:08] Изменение среды/состояния: Снятие контекста: Связанные ноги
- [10:19:59] Изменение среды/состояния: Ты послушно принимаешь позу/состояние: Поза: Стоя на коленях
- [10:19:59] Калибратор применил "Обычная беседа (скрытое)" на точку "Общее воздействие" (оценивается тобой как: умеренное, позитивное, бесконтактное действие)
----------------------------------------
[Роль: USER]
Давай развяжем тебе ноги пока. Присядь
----------------------------------------
[ST Adapter] Sending to OpenRouter (deepseek/deepseek-chat)...
[VerbalParser] Analyzing text: "Я молчу и жду"
[VerbalParser] Model raw output: {
  "intensity": 0.0,
  "valence": 0.0,
  "contact": 0.0,
  "sharpness": 0.0,
  "novelty": 0.5,
  "pointId": "general"
}
SELECT 1 FROM point_presets WHERE id = 'general'
SELECT * FROM subjects WHERE id = 'S-01'
SELECT * FROM subject_point_states WHERE subject_id = 'S-01' AND point_id = 'general'
SELECT * FROM players WHERE id = 'PL-1'
SELECT * FROM scenes WHERE id = 'lab'
SELECT * FROM event_logs WHERE subject_id = 'S-01' ORDER BY timestamp DESC LIMIT 5.0
SELECT context_id FROM active_contexts WHERE event_id = 'lab'
SELECT * FROM context_presets WHERE id = 'pose_kneeling'
SELECT * FROM subjects WHERE id = 'S-01'

            INSERT INTO subjects (id, name, sensitivity, capacity, openness, plasticity, attitude)
            VALUES ('S-01', 'Test Subject', 54.3947456638489, 60.0, 40.471487337106, 46.7309726058532, 51.1964934985351)
            ON CONFLICT(id) DO UPDATE SET
                sensitivity = excluded.sensitivity,
                capacity = excluded.capacity,
                openness = excluded.openness,
                plasticity = excluded.plasticity,
                attitude = excluded.attitude
        

            INSERT INTO subject_point_states (subject_id, point_id, local_sensitivity, local_attitude)
            VALUES ('S-01', 'general', 44.1121004364728, 50.3478678837914)
            ON CONFLICT(subject_id, point_id) DO UPDATE SET
                local_sensitivity = excluded.local_sensitivity,
                local_attitude = excluded.local_attitude
        
SELECT label FROM action_presets WHERE id = 'wait'
SELECT label FROM point_presets WHERE id = 'general'

            INSERT INTO event_logs (subject_id, action_type, action_payload, result_payload)
            VALUES ('S-01', 'interaction', '{"action":{"intensity":0.2,"vale'/*+410 bytes*/, '{"effectiveSensitivity":51.75760'/*+788 bytes*/)
        
SELECT * FROM subjects WHERE id = 'S-01'
SELECT * FROM subject_point_states WHERE subject_id = 'S-01' AND point_id = 'general'
SELECT * FROM subjects WHERE id = 'S-01'
SELECT * FROM event_logs WHERE subject_id = 'S-01' ORDER BY timestamp DESC LIMIT 3

        SELECT cp.label 
        FROM active_contexts ac
        JOIN context_presets cp ON ac.context_id = cp.id
        WHERE ac.event_id = 'lab'
    

========== ОТПРАВЛЯЕМЫЙ ПРОМПТ ==========
[Роль: SYSTEM]
Вживись в роль Эли (S-01). Опирайся на внутреннее состояние и недавние ощущения. Покажи живого человека.
Тебя зовут Эли (Кодовое имя S-01). Ты — киборгизированный человек.
Ты выросла в трущобах Нижнего Уровня. Неделю назад корпорация похитила тебя для тестов нейро-интерфейсов. Тебя держат в лаборатории и проводят над тобой серию физических и психологических опытов. Ты напугана, но стараешься сохранять остатки гордости и недоверие.
[Инструкции]: Ты ОБЯЗАНА отвечать исключительно в формате JSON. Тебе нужно разделить свой ответ на две части. Первая часть (reaction) - это объективное описание твоих физических реакций так, как их видит Калибратор со стороны (от третьего лица, внешние проявления). Вторая часть (speech) - твоя прямая речь.
Структура JSON:
{
    "reaction": "Только внешние проявления (мимика, дыхание, дрожь, мурашки, взгляд, непроизвольные движения). Как твое тело выглядит со стороны. Максимум 3 предложения. Строго без мыслей и внутреннего монолога.",
    "speech": "Твоя прямая речь в кавычках (от первого лица). Если ты промолчала, оставь пустую строку."
}

[Текущие внутренние ощущения и состояние тела]
- Ты трезво ощущаешь свое тело и пространство вокруг себя.
- У тебя еще есть запас сил и самообладания держать удар.
- Ты осторожно наблюдаешь за происходящим, не спеша доверять.
- Твое отношение к этому человеку нейтрально-ожидающее.

Особые ментальные состояния: * Разум относительно стабилен, навязчивых мыслей нет.
[Физическое состояние и влияние среды]: Поза: Стоя на коленях

[Твои последние телесные и сенсорные логи]
- [10:19:59] Изменение среды/состояния: Ты послушно принимаешь позу/состояние: Поза: Стоя на коленях
- [10:19:59] Калибратор применил "Обычная беседа (скрытое)" на точку "Общее воздействие" (оценивается тобой как: умеренное, позитивное, бесконтактное действие)
- [10:20:38] Прошло время: ожидание/бездействие (1 тиков). Активные факторы среды продолжали влиять на твое состояние.
----------------------------------------
[Роль: USER]
Я молчу и жду
----------------------------------------
[ST Adapter] Sending to OpenRouter (deepseek/deepseek-chat)...
SELECT id, label, point_id FROM context_presets
SELECT context_id FROM active_contexts WHERE event_id = 'lab'
SELECT id, label, point_id FROM context_presets
SELECT context_id FROM active_contexts WHERE event_id = 'lab'
SELECT * FROM subjects WHERE id = 'S-01'
SELECT * FROM subject_point_states WHERE subject_id = 'S-01' AND point_id = 'feet'
SELECT id, label FROM action_presets
SELECT p.id, p.label FROM point_presets p JOIN subject_point_states sps ON p.id = sps.point_id WHERE sps.subject_id = 'S-01'
[VerbalParser] Analyzing text: "Ляг на кушетку"
[VerbalParser] Model raw output: {
  "intensity": 0.8,
  "valence": 0.0,
  "contact": 0.0,
  "sharpness": 0.7,
  "novelty": 0.5,
  "pointId": "general",
  "intent": "change_pose",
  "targetContext": "pose_lying"
}
SELECT 1 FROM point_presets WHERE id = 'general'
SELECT * FROM subjects WHERE id = 'S-01'
SELECT * FROM subject_point_states WHERE subject_id = 'S-01' AND point_id = 'general'
SELECT * FROM players WHERE id = 'PL-1'
SELECT * FROM scenes WHERE id = 'lab'
SELECT * FROM event_logs WHERE subject_id = 'S-01' ORDER BY timestamp DESC LIMIT 5.0
SELECT * FROM action_presets WHERE id = 'verbal_pressure'
SELECT context_id FROM active_contexts WHERE event_id = 'lab'
SELECT * FROM context_presets WHERE id = 'pose_kneeling'
SELECT * FROM subjects WHERE id = 'S-01'

            INSERT INTO subjects (id, name, sensitivity, capacity, openness, plasticity, attitude)
            VALUES ('S-01', 'Test Subject', 53.7665467013621, 61.0, 40.3726264385189, 46.2733164685443, 51.0659112498911)
            ON CONFLICT(id) DO UPDATE SET
                sensitivity = excluded.sensitivity,
                capacity = excluded.capacity,
                openness = excluded.openness,
                plasticity = excluded.plasticity,
                attitude = excluded.attitude
        

            INSERT INTO subject_point_states (subject_id, point_id, local_sensitivity, local_attitude)
            VALUES ('S-01', 'general', 43.4518517333643, 50.2540714697561)
            ON CONFLICT(subject_id, point_id) DO UPDATE SET
                local_sensitivity = excluded.local_sensitivity,
                local_attitude = excluded.local_attitude
        
SELECT label FROM action_presets WHERE id = 'verbal_pressure'
SELECT label FROM point_presets WHERE id = 'general'

            INSERT INTO event_logs (subject_id, action_type, action_payload, result_payload)
            VALUES ('S-01', 'interaction', '{"action":{"intensity":1,"valenc'/*+579 bytes*/, '{"effectiveSensitivity":50.79581'/*+799 bytes*/)
        
SELECT * FROM subjects WHERE id = 'S-01'
SELECT * FROM subject_point_states WHERE subject_id = 'S-01' AND point_id = 'general'
SELECT * FROM context_presets WHERE id = 'pose_lying'
SELECT * FROM point_presets
SELECT context_id FROM active_contexts WHERE event_id = 'lab'
SELECT * FROM context_presets WHERE id = 'pose_kneeling'
SELECT * FROM context_presets
DELETE FROM active_contexts WHERE event_id = 'lab' AND context_id = 'pose_kneeling'

            INSERT INTO event_logs (subject_id, action_type, action_payload, result_payload)
            VALUES ('S-01', 'context_change', '{"presetId":"context_change","ac'/*+99 bytes*/, '{"removed":true,"point_id":"slot'/*+7 bytes*/)
        

            INSERT INTO active_contexts (event_id, context_id, duration)
            VALUES ('lab', 'pose_lying', -1.0)
            ON CONFLICT(event_id, context_id) DO UPDATE SET duration = excluded.duration
        

            INSERT INTO event_logs (subject_id, action_type, action_payload, result_payload)
            VALUES ('S-01', 'context_change', '{"presetId":"context_change","ac'/*+118 bytes*/, '{"added":true}')
        
SELECT * FROM subjects WHERE id = 'S-01'
SELECT * FROM subject_point_states WHERE subject_id = 'S-01' AND point_id = 'general'
SELECT * FROM subjects WHERE id = 'S-01'
SELECT * FROM event_logs WHERE subject_id = 'S-01' ORDER BY timestamp DESC LIMIT 3

        SELECT cp.label 
        FROM active_contexts ac
        JOIN context_presets cp ON ac.context_id = cp.id
        WHERE ac.event_id = 'lab'
    

========== ОТПРАВЛЯЕМЫЙ ПРОМПТ ==========
[Роль: SYSTEM]
Вживись в роль Эли (S-01). Опирайся на внутреннее состояние и недавние ощущения. Покажи живого человека.
Тебя зовут Эли (Кодовое имя S-01). Ты — киборгизированный человек.
Ты выросла в трущобах Нижнего Уровня. Неделю назад корпорация похитила тебя для тестов нейро-интерфейсов. Тебя держат в лаборатории и проводят над тобой серию физических и психологических опытов. Ты напугана, но стараешься сохранять остатки гордости и недоверие.
[Инструкции]: Ты ОБЯЗАНА отвечать исключительно в формате JSON. Тебе нужно разделить свой ответ на две части. Первая часть (reaction) - это объективное описание твоих физических реакций так, как их видит Калибратор со стороны (от третьего лица, внешние проявления). Вторая часть (speech) - твоя прямая речь.
Структура JSON:
{
    "reaction": "Только внешние проявления (мимика, дыхание, дрожь, мурашки, взгляд, непроизвольные движения). Как твое тело выглядит со стороны. Максимум 3 предложения. Строго без мыслей и внутреннего монолога.",
    "speech": "Твоя прямая речь в кавычках (от первого лица). Если ты промолчала, оставь пустую строку."
}

[Текущие внутренние ощущения и состояние тела]
- Ты трезво ощущаешь свое тело и пространство вокруг себя.
- Внутри ощущается твердая воля и способность справиться с любым стрессом.
- Ты осторожно наблюдаешь за происходящим, не спеша доверять.
- Твое отношение к этому человеку нейтрально-ожидающее.

Особые ментальные состояния: * Разум относительно стабилен, навязчивых мыслей нет.
[Физическое состояние и влияние среды]: Поза: Лёжа

[Твои последние телесные и сенсорные логи]
- [10:30:00] Изменение среды/состояния: Ты послушно принимаешь позу/состояние: Поза: Лёжа
- [10:30:00] Изменение среды/состояния: Снятие контекста: Поза: Стоя на коленях
- [10:30:00] Калибратор применил "Обычная беседа (скрытое)" на точку "Общее воздействие" (оценивается тобой как: экстремальное, нейтральное, бесконтактное действие)
----------------------------------------
[Роль: USER]
Ляг на кушетку
----------------------------------------
[ST Adapter] Sending to OpenRouter (deepseek/deepseek-chat)...
[VerbalParser] Analyzing text: "У тебя очень чувствительные ступни, верно?"
[VerbalParser] Model raw output: {
  "intensity": 0.4,
  "valence": 0.6,
  "contact": 0.8,
  "sharpness": 0.2,
  "novelty": 0.5,
  "pointId": "feet"
}
SELECT 1 FROM point_presets WHERE id = 'feet'
SELECT * FROM subjects WHERE id = 'S-01'
SELECT * FROM subject_point_states WHERE subject_id = 'S-01' AND point_id = 'feet'
SELECT * FROM players WHERE id = 'PL-1'
SELECT * FROM scenes WHERE id = 'lab'
SELECT * FROM event_logs WHERE subject_id = 'S-01' ORDER BY timestamp DESC LIMIT 5.0
SELECT * FROM action_presets WHERE id = 'verbal_pressure'
SELECT context_id FROM active_contexts WHERE event_id = 'lab'
SELECT * FROM context_presets WHERE id = 'pose_lying'
SELECT * FROM subjects WHERE id = 'S-01'

            INSERT INTO subjects (id, name, sensitivity, capacity, openness, plasticity, attitude)
            VALUES ('S-01', 'Test Subject', 53.4255486488433, 62.0, 40.7900587600841, 45.8754305812932, 51.3848261741254)
            ON CONFLICT(id) DO UPDATE SET
                sensitivity = excluded.sensitivity,
                capacity = excluded.capacity,
                openness = excluded.openness,
                plasticity = excluded.plasticity,
                attitude = excluded.attitude
        

            INSERT INTO subject_point_states (subject_id, point_id, local_sensitivity, local_attitude)
            VALUES ('S-01', 'feet', 74.6987524343515, 50.5285491603831)
            ON CONFLICT(subject_id, point_id) DO UPDATE SET
                local_sensitivity = excluded.local_sensitivity,
                local_attitude = excluded.local_attitude
        
SELECT label FROM action_presets WHERE id = 'verbal_pressure'
SELECT label FROM point_presets WHERE id = 'feet'

            INSERT INTO event_logs (subject_id, action_type, action_payload, result_payload)
            VALUES ('S-01', 'interaction', '{"action":{"intensity":0.3000000'/*+448 bytes*/, '{"effectiveSensitivity":61.19825'/*+772 bytes*/)
        
SELECT * FROM subjects WHERE id = 'S-01'
SELECT * FROM subject_point_states WHERE subject_id = 'S-01' AND point_id = 'feet'
SELECT * FROM subjects WHERE id = 'S-01'
SELECT * FROM event_logs WHERE subject_id = 'S-01' ORDER BY timestamp DESC LIMIT 3

        SELECT cp.label 
        FROM active_contexts ac
        JOIN context_presets cp ON ac.context_id = cp.id
        WHERE ac.event_id = 'lab'
    

========== ОТПРАВЛЯЕМЫЙ ПРОМПТ ==========
[Роль: SYSTEM]
Вживись в роль Эли (S-01). Опирайся на внутреннее состояние и недавние ощущения. Покажи живого человека.
Тебя зовут Эли (Кодовое имя S-01). Ты — киборгизированный человек.
Ты выросла в трущобах Нижнего Уровня. Неделю назад корпорация похитила тебя для тестов нейро-интерфейсов. Тебя держат в лаборатории и проводят над тобой серию физических и психологических опытов. Ты напугана, но стараешься сохранять остатки гордости и недоверие.
[Инструкции]: Ты ОБЯЗАНА отвечать исключительно в формате JSON. Тебе нужно разделить свой ответ на две части. Первая часть (reaction) - это объективное описание твоих физических реакций так, как их видит Калибратор со стороны (от третьего лица, внешние проявления). Вторая часть (speech) - твоя прямая речь.
Структура JSON:
{
    "reaction": "Только внешние проявления (мимика, дыхание, дрожь, мурашки, взгляд, непроизвольные движения). Как твое тело выглядит со стороны. Максимум 3 предложения. Строго без мыслей и внутреннего монолога.",
    "speech": "Твоя прямая речь в кавычках (от первого лица). Если ты промолчала, оставь пустую строку."
}

[Текущие внутренние ощущения и состояние тела]
- Ты трезво ощущаешь свое тело и пространство вокруг себя.
- Внутри ощущается твердая воля и способность справиться с любым стрессом.
- Ты осторожно наблюдаешь за происходящим, не спеша доверять.
- Твое отношение к этому человеку нейтрально-ожидающее.

Особые ментальные состояния: * Разум относительно стабилен, навязчивых мыслей нет.
[Физическое состояние и влияние среды]: Поза: Лёжа

[Твои последние телесные и сенсорные логи]
- [10:30:00] Изменение среды/состояния: Снятие контекста: Поза: Стоя на коленях
- [10:30:00] Калибратор применил "Обычная беседа (скрытое)" на точку "Общее воздействие" (оценивается тобой как: экстремальное, нейтральное, бесконтактное действие)
- [10:31:03] Калибратор применил "Обычная беседа (скрытое)" на точку "Ступни" (оценивается тобой как: мягкое, позитивное, тесное физическое действие)
----------------------------------------
[Роль: USER]
У тебя очень чувствительные ступни, верно?
----------------------------------------
[ST Adapter] Sending to OpenRouter (deepseek/deepseek-chat)...
SELECT * FROM subjects WHERE id = 'S-01'
SELECT * FROM subject_point_states WHERE subject_id = 'S-01' AND point_id = 'feet'
SELECT * FROM players WHERE id = 'PL-1'
SELECT * FROM scenes WHERE id = 'lab'
SELECT * FROM event_logs WHERE subject_id = 'S-01' ORDER BY timestamp DESC LIMIT 5.0
SELECT * FROM action_presets WHERE id = 'gentle_stroke'
SELECT context_id FROM active_contexts WHERE event_id = 'lab'
SELECT * FROM context_presets WHERE id = 'pose_lying'
SELECT * FROM subjects WHERE id = 'S-01'

            INSERT INTO subjects (id, name, sensitivity, capacity, openness, plasticity, attitude)
            VALUES ('S-01', 'Test Subject', 53.6895519449966, 63.0, 41.596358812522, 45.2672441699968, 52.0609632035288)
            ON CONFLICT(id) DO UPDATE SET
                sensitivity = excluded.sensitivity,
                capacity = excluded.capacity,
                openness = excluded.openness,
                plasticity = excluded.plasticity,
                attitude = excluded.attitude
        

            INSERT INTO subject_point_states (subject_id, point_id, local_sensitivity, local_attitude)
            VALUES ('S-01', 'feet', 75.1537565545432, 51.5152049761884)
            ON CONFLICT(subject_id, point_id) DO UPDATE SET
                local_sensitivity = excluded.local_sensitivity,
                local_attitude = excluded.local_attitude
        
SELECT label FROM action_presets WHERE id = 'gentle_stroke'
SELECT label FROM point_presets WHERE id = 'feet'

            INSERT INTO event_logs (subject_id, action_type, action_payload, result_payload)
            VALUES ('S-01', 'interaction', '{"action":{"intensity":0.9,"vale'/*+180 bytes*/, '{"effectiveSensitivity":60.87116'/*+785 bytes*/)
        
SELECT * FROM subjects WHERE id = 'S-01'
SELECT * FROM subject_point_states WHERE subject_id = 'S-01' AND point_id = 'feet'
SELECT * FROM subjects WHERE id = 'S-01'
SELECT * FROM event_logs WHERE subject_id = 'S-01' ORDER BY timestamp DESC LIMIT 3

        SELECT cp.label 
        FROM active_contexts ac
        JOIN context_presets cp ON ac.context_id = cp.id
        WHERE ac.event_id = 'lab'
    

========== ОТПРАВЛЯЕМЫЙ ПРОМПТ ==========
[Роль: SYSTEM]
Вживись в роль Эли (S-01). Опирайся на внутреннее состояние и недавние ощущения. Покажи живого человека.
Тебя зовут Эли (Кодовое имя S-01). Ты — киборгизированный человек.
Ты выросла в трущобах Нижнего Уровня. Неделю назад корпорация похитила тебя для тестов нейро-интерфейсов. Тебя держат в лаборатории и проводят над тобой серию физических и психологических опытов. Ты напугана, но стараешься сохранять остатки гордости и недоверие.
[Инструкции]: Ты ОБЯЗАНА отвечать исключительно в формате JSON. Тебе нужно разделить свой ответ на две части. Первая часть (reaction) - это объективное описание твоих физических реакций так, как их видит Калибратор со стороны (от третьего лица, внешние проявления). Вторая часть (speech) - твоя прямая речь.
Структура JSON:
{
    "reaction": "Только внешние проявления (мимика, дыхание, дрожь, мурашки, взгляд, непроизвольные движения). Как твое тело выглядит со стороны. Максимум 3 предложения. Строго без мыслей и внутреннего монолога.",
    "speech": "Твоя прямая речь в кавычках (от первого лица). Если ты промолчала, оставь пустую строку."
}

[Текущие внутренние ощущения и состояние тела]
- Ты трезво ощущаешь свое тело и пространство вокруг себя.
- Внутри ощущается твердая воля и способность справиться с любым стрессом.
- Ты осторожно наблюдаешь за происходящим, не спеша доверять.
- Твое отношение к этому человеку нейтрально-ожидающее.

Особые ментальные состояния: * Разум относительно стабилен, навязчивых мыслей нет.
[Физическое состояние и влияние среды]: Поза: Лёжа

[Твои последние телесные и сенсорные логи]
- [10:30:00] Калибратор применил "Обычная беседа (скрытое)" на точку "Общее воздействие" (оценивается тобой как: экстремальное, нейтральное, бесконтактное действие)
- [10:31:03] Калибратор применил "Обычная беседа (скрытое)" на точку "Ступни" (оценивается тобой как: мягкое, позитивное, тесное физическое действие)
- [10:33:17] Калибратор применил "Мягкое поглаживание" на точку "Ступни" (оценивается тобой как: экстремальное, позитивное, легкое физическое действие)
----------------------------------------
[Роль: USER]
[Действие завершено. Сгенерируй JSON-ответ с твоей физической реакцией и репликой на основе текущих ощущений.]
----------------------------------------
[ST Adapter] Sending to OpenRouter (deepseek/deepseek-chat)...
SELECT * FROM subjects WHERE id = 'S-01'
SELECT * FROM subject_point_states WHERE subject_id = 'S-01' AND point_id = 'feet'
SELECT * FROM players WHERE id = 'PL-1'
SELECT * FROM scenes WHERE id = 'lab'
SELECT * FROM event_logs WHERE subject_id = 'S-01' ORDER BY timestamp DESC LIMIT 5.0
SELECT * FROM action_presets WHERE id = 'feather_stroke'
SELECT context_id FROM active_contexts WHERE event_id = 'lab'
SELECT * FROM context_presets WHERE id = 'pose_lying'
SELECT * FROM subjects WHERE id = 'S-01'

            INSERT INTO subjects (id, name, sensitivity, capacity, openness, plasticity, attitude)
            VALUES ('S-01', 'Test Subject', 53.4280798141461, 64.0, 42.0072828361919, 45.1342876594403, 52.4000825466008)
            ON CONFLICT(id) DO UPDATE SET
                sensitivity = excluded.sensitivity,
                capacity = excluded.capacity,
                openness = excluded.openness,
                plasticity = excluded.plasticity,
                attitude = excluded.attitude
        

            INSERT INTO subject_point_states (subject_id, point_id, local_sensitivity, local_attitude)
            VALUES ('S-01', 'feet', 74.95191639098, 52.021162664249)
            ON CONFLICT(subject_id, point_id) DO UPDATE SET
                local_sensitivity = excluded.local_sensitivity,
                local_attitude = excluded.local_attitude
        
SELECT label FROM action_presets WHERE id = 'feather_stroke'
SELECT label FROM point_presets WHERE id = 'feet'

            INSERT INTO event_logs (subject_id, action_type, action_payload, result_payload)
            VALUES ('S-01', 'interaction', '{"action":{"intensity":0.9,"vale'/*+179 bytes*/, '{"effectiveSensitivity":61.20202'/*+787 bytes*/)
        
SELECT * FROM subjects WHERE id = 'S-01'
SELECT * FROM subject_point_states WHERE subject_id = 'S-01' AND point_id = 'feet'
SELECT * FROM subjects WHERE id = 'S-01'
SELECT * FROM event_logs WHERE subject_id = 'S-01' ORDER BY timestamp DESC LIMIT 3

        SELECT cp.label 
        FROM active_contexts ac
        JOIN context_presets cp ON ac.context_id = cp.id
        WHERE ac.event_id = 'lab'
    

========== ОТПРАВЛЯЕМЫЙ ПРОМПТ ==========
[Роль: SYSTEM]
Вживись в роль Эли (S-01). Опирайся на внутреннее состояние и недавние ощущения. Покажи живого человека.
Тебя зовут Эли (Кодовое имя S-01). Ты — киборгизированный человек.
Ты выросла в трущобах Нижнего Уровня. Неделю назад корпорация похитила тебя для тестов нейро-интерфейсов. Тебя держат в лаборатории и проводят над тобой серию физических и психологических опытов. Ты напугана, но стараешься сохранять остатки гордости и недоверие.
[Инструкции]: Ты ОБЯЗАНА отвечать исключительно в формате JSON. Тебе нужно разделить свой ответ на две части. Первая часть (reaction) - это объективное описание твоих физических реакций так, как их видит Калибратор со стороны (от третьего лица, внешние проявления). Вторая часть (speech) - твоя прямая речь.
Структура JSON:
{
    "reaction": "Только внешние проявления (мимика, дыхание, дрожь, мурашки, взгляд, непроизвольные движения). Как твое тело выглядит со стороны. Максимум 3 предложения. Строго без мыслей и внутреннего монолога.",
    "speech": "Твоя прямая речь в кавычках (от первого лица). Если ты промолчала, оставь пустую строку."
}

[Текущие внутренние ощущения и состояние тела]
- Ты трезво ощущаешь свое тело и пространство вокруг себя.
- Внутри ощущается твердая воля и способность справиться с любым стрессом.
- Ты осторожно наблюдаешь за происходящим, не спеша доверять.
- Твое отношение к этому человеку нейтрально-ожидающее.

Особые ментальные состояния: * Разум относительно стабилен, навязчивых мыслей нет.
[Физическое состояние и влияние среды]: Поза: Лёжа

[Твои последние телесные и сенсорные логи]
- [10:31:03] Калибратор применил "Обычная беседа (скрытое)" на точку "Ступни" (оценивается тобой как: мягкое, позитивное, тесное физическое действие)
- [10:33:17] Калибратор применил "Мягкое поглаживание" на точку "Ступни" (оценивается тобой как: экстремальное, позитивное, легкое физическое действие)
- [10:33:41] Калибратор применил "Проведение перышком" на точку "Ступни" (оценивается тобой как: экстремальное, позитивное, бесконтактное действие)
----------------------------------------
[Роль: USER]
[Действие завершено. Сгенерируй JSON-ответ с твоей физической реакцией и репликой на основе текущих ощущений.]
----------------------------------------
[ST Adapter] Sending to OpenRouter (deepseek/deepseek-chat)...
SELECT * FROM subjects WHERE id = 'S-01'
SELECT * FROM subject_point_states WHERE subject_id = 'S-01' AND point_id = 'hands'
SELECT id, label FROM action_presets
SELECT p.id, p.label FROM point_presets p JOIN subject_point_states sps ON p.id = sps.point_id WHERE sps.subject_id = 'S-01'
SELECT id, label, point_id FROM context_presets
SELECT context_id FROM active_contexts WHERE event_id = 'lab'
SELECT * FROM subjects WHERE id = 'S-01'
SELECT * FROM subject_point_states WHERE subject_id = 'S-01' AND point_id = 'hands'
SELECT id, label FROM action_presets
SELECT p.id, p.label FROM point_presets p JOIN subject_point_states sps ON p.id = sps.point_id WHERE sps.subject_id = 'S-01'
SELECT id, label, point_id FROM context_presets
SELECT context_id FROM active_contexts WHERE event_id = 'lab'
SELECT * FROM subjects WHERE id = 'S-01'
SELECT * FROM subject_point_states WHERE subject_id = 'S-01' AND point_id = 'hands'
SELECT id, label FROM action_presets
SELECT p.id, p.label FROM point_presets p JOIN subject_point_states sps ON p.id = sps.point_id WHERE sps.subject_id = 'S-01'
SELECT id, label, point_id FROM context_presets
SELECT context_id FROM active_contexts WHERE event_id = 'lab'
SELECT * FROM subjects WHERE id = 'S-01'
SELECT * FROM subject_point_states WHERE subject_id = 'S-01' AND point_id = 'hands'
SELECT id, label FROM action_presets
SELECT p.id, p.label FROM point_presets p JOIN subject_point_states sps ON p.id = sps.point_id WHERE sps.subject_id = 'S-01'
SELECT id, label, point_id FROM context_presets
SELECT context_id FROM active_contexts WHERE event_id = 'lab'
SELECT * FROM subjects WHERE id = 'S-01'
SELECT * FROM subject_point_states WHERE subject_id = 'S-01' AND point_id = 'hands'
SELECT id, label FROM action_presets
SELECT p.id, p.label FROM point_presets p JOIN subject_point_states sps ON p.id = sps.point_id WHERE sps.subject_id = 'S-01'
SELECT id, label, point_id FROM context_presets
SELECT context_id FROM active_contexts WHERE event_id = 'lab'
SELECT * FROM subjects WHERE id = 'S-01'
SELECT * FROM subject_point_states WHERE subject_id = 'S-01' AND point_id = 'hands'
SELECT id, label FROM action_presets
SELECT p.id, p.label FROM point_presets p JOIN subject_point_states sps ON p.id = sps.point_id WHERE sps.subject_id = 'S-01'
SELECT id, label, point_id FROM context_presets
SELECT context_id FROM active_contexts WHERE event_id = 'lab'
SELECT * FROM subjects WHERE id = 'S-01'
SELECT * FROM subject_point_states WHERE subject_id = 'S-01' AND point_id = 'general'
SELECT * FROM players WHERE id = 'PL-1'
SELECT * FROM scenes WHERE id = 'lab'
SELECT * FROM event_logs WHERE subject_id = 'S-01' ORDER BY timestamp DESC LIMIT 5.0
SELECT context_id FROM active_contexts WHERE event_id = 'lab'
SELECT * FROM context_presets WHERE id = 'pose_lying'
SELECT * FROM subjects WHERE id = 'S-01'

            INSERT INTO subjects (id, name, sensitivity, capacity, openness, plasticity, attitude)
            VALUES ('S-01', 'Test Subject', 52.4280798141461, 65.0, 42.0072828361919, 44.3342876594403, 52.2927819927586)
            ON CONFLICT(id) DO UPDATE SET
                sensitivity = excluded.sensitivity,
                capacity = excluded.capacity,
                openness = excluded.openness,
                plasticity = excluded.plasticity,
                attitude = excluded.attitude
        

            INSERT INTO subject_point_states (subject_id, point_id, local_sensitivity, local_attitude)
            VALUES ('S-01', 'general', 42.3268517333643, 50.3152327854462)
            ON CONFLICT(subject_id, point_id) DO UPDATE SET
                local_sensitivity = excluded.local_sensitivity,
                local_attitude = excluded.local_attitude
        
SELECT label FROM action_presets WHERE id = 'wait'
SELECT label FROM point_presets WHERE id = 'general'

            INSERT INTO event_logs (subject_id, action_type, action_payload, result_payload)
            VALUES ('S-01', 'interaction', '{"action":{"intensity":0,"valenc'/*+156 bytes*/, '{"effectiveSensitivity":49.93639'/*+734 bytes*/)
        
SELECT * FROM subjects WHERE id = 'S-01'
SELECT * FROM subject_point_states WHERE subject_id = 'S-01' AND point_id = 'general'
SELECT * FROM subjects WHERE id = 'S-01'
SELECT * FROM subject_point_states WHERE subject_id = 'S-01' AND point_id = 'general'
SELECT * FROM players WHERE id = 'PL-1'
SELECT * FROM scenes WHERE id = 'lab'
SELECT * FROM event_logs WHERE subject_id = 'S-01' ORDER BY timestamp DESC LIMIT 5.0
SELECT context_id FROM active_contexts WHERE event_id = 'lab'
SELECT * FROM context_presets WHERE id = 'pose_lying'
SELECT * FROM subjects WHERE id = 'S-01'

            INSERT INTO subjects (id, name, sensitivity, capacity, openness, plasticity, attitude)
            VALUES ('S-01', 'Test Subject', 51.4280798141461, 66.0, 42.0072828361919, 43.5342876594403, 52.1939045323929)
            ON CONFLICT(id) DO UPDATE SET
                sensitivity = excluded.sensitivity,
                capacity = excluded.capacity,
                openness = excluded.openness,
                plasticity = excluded.plasticity,
                attitude = excluded.attitude
        

            INSERT INTO subject_point_states (subject_id, point_id, local_sensitivity, local_attitude)
            VALUES ('S-01', 'general', 41.2018517333643, 50.3715929378546)
            ON CONFLICT(subject_id, point_id) DO UPDATE SET
                local_sensitivity = excluded.local_sensitivity,
                local_attitude = excluded.local_attitude
        
SELECT label FROM action_presets WHERE id = 'wait'
SELECT label FROM point_presets WHERE id = 'general'

            INSERT INTO event_logs (subject_id, action_type, action_payload, result_payload)
            VALUES ('S-01', 'interaction', '{"action":{"intensity":0,"valenc'/*+156 bytes*/, '{"effectiveSensitivity":48.89264'/*+730 bytes*/)
        
SELECT * FROM subjects WHERE id = 'S-01'
SELECT * FROM subject_point_states WHERE subject_id = 'S-01' AND point_id = 'general'
SELECT * FROM players WHERE id = 'PL-1'
SELECT * FROM scenes WHERE id = 'lab'
SELECT * FROM event_logs WHERE subject_id = 'S-01' ORDER BY timestamp DESC LIMIT 5.0
SELECT context_id FROM active_contexts WHERE event_id = 'lab'
SELECT * FROM context_presets WHERE id = 'pose_lying'
SELECT * FROM subjects WHERE id = 'S-01'

            INSERT INTO subjects (id, name, sensitivity, capacity, openness, plasticity, attitude)
            VALUES ('S-01', 'Test Subject', 50.4280798141461, 67.0, 42.0072828361919, 42.7342876594403, 52.102788952666)
            ON CONFLICT(id) DO UPDATE SET
                sensitivity = excluded.sensitivity,
                capacity = excluded.capacity,
                openness = excluded.openness,
                plasticity = excluded.plasticity,
                attitude = excluded.attitude
        

            INSERT INTO subject_point_states (subject_id, point_id, local_sensitivity, local_attitude)
            VALUES ('S-01', 'general', 40.0768517333643, 50.4235288182989)
            ON CONFLICT(subject_id, point_id) DO UPDATE SET
                local_sensitivity = excluded.local_sensitivity,
                local_attitude = excluded.local_attitude
        
SELECT label FROM action_presets WHERE id = 'wait'
SELECT label FROM point_presets WHERE id = 'general'

            INSERT INTO event_logs (subject_id, action_type, action_payload, result_payload)
            VALUES ('S-01', 'interaction', '{"action":{"intensity":0,"valenc'/*+156 bytes*/, '{"effectiveSensitivity":47.84889'/*+728 bytes*/)
        
SELECT * FROM subjects WHERE id = 'S-01'
SELECT * FROM subject_point_states WHERE subject_id = 'S-01' AND point_id = 'general'
SELECT * FROM players WHERE id = 'PL-1'
SELECT * FROM scenes WHERE id = 'lab'
SELECT * FROM event_logs WHERE subject_id = 'S-01' ORDER BY timestamp DESC LIMIT 5.0
SELECT context_id FROM active_contexts WHERE event_id = 'lab'
SELECT * FROM context_presets WHERE id = 'pose_lying'
SELECT * FROM subjects WHERE id = 'S-01'

            INSERT INTO subjects (id, name, sensitivity, capacity, openness, plasticity, attitude)
            VALUES ('S-01', 'Test Subject', 49.4280798141461, 68.0, 42.0072828361919, 41.9342876594403, 52.0188259459477)
            ON CONFLICT(id) DO UPDATE SET
                sensitivity = excluded.sensitivity,
                capacity = excluded.capacity,
                openness = excluded.openness,
                plasticity = excluded.plasticity,
                attitude = excluded.attitude
        

            INSERT INTO subject_point_states (subject_id, point_id, local_sensitivity, local_attitude)
            VALUES ('S-01', 'general', 38.9518517333643, 50.4713877321284)
            ON CONFLICT(subject_id, point_id) DO UPDATE SET
                local_sensitivity = excluded.local_sensitivity,
                local_attitude = excluded.local_attitude
        
SELECT label FROM action_presets WHERE id = 'wait'
SELECT label FROM point_presets WHERE id = 'general'

            INSERT INTO event_logs (subject_id, action_type, action_payload, result_payload)
            VALUES ('S-01', 'interaction', '{"action":{"intensity":0,"valenc'/*+156 bytes*/, '{"effectiveSensitivity":46.80514'/*+726 bytes*/)
        
SELECT * FROM subjects WHERE id = 'S-01'
SELECT * FROM subject_point_states WHERE subject_id = 'S-01' AND point_id = 'general'
SELECT * FROM players WHERE id = 'PL-1'
SELECT * FROM scenes WHERE id = 'lab'
SELECT * FROM event_logs WHERE subject_id = 'S-01' ORDER BY timestamp DESC LIMIT 5.0
SELECT context_id FROM active_contexts WHERE event_id = 'lab'
SELECT * FROM context_presets WHERE id = 'pose_lying'
SELECT * FROM subjects WHERE id = 'S-01'

            INSERT INTO subjects (id, name, sensitivity, capacity, openness, plasticity, attitude)
            VALUES ('S-01', 'Test Subject', 48.4280798141461, 69.0, 42.0072828361919, 41.1342876594403, 51.9414540352567)
            ON CONFLICT(id) DO UPDATE SET
                sensitivity = excluded.sensitivity,
                capacity = excluded.capacity,
                openness = excluded.openness,
                plasticity = excluded.plasticity,
                attitude = excluded.attitude
        

            INSERT INTO subject_point_states (subject_id, point_id, local_sensitivity, local_attitude)
            VALUES ('S-01', 'general', 37.8268517333643, 50.5154897212222)
            ON CONFLICT(subject_id, point_id) DO UPDATE SET
                local_sensitivity = excluded.local_sensitivity,
                local_attitude = excluded.local_attitude
        
SELECT label FROM action_presets WHERE id = 'wait'
SELECT label FROM point_presets WHERE id = 'general'

            INSERT INTO event_logs (subject_id, action_type, action_payload, result_payload)
            VALUES ('S-01', 'interaction', '{"action":{"intensity":0,"valenc'/*+156 bytes*/, '{"effectiveSensitivity":45.76139'/*+729 bytes*/)
        
SELECT * FROM subjects WHERE id = 'S-01'
SELECT * FROM subject_point_states WHERE subject_id = 'S-01' AND point_id = 'general'
SELECT * FROM players WHERE id = 'PL-1'
SELECT * FROM scenes WHERE id = 'lab'
SELECT * FROM event_logs WHERE subject_id = 'S-01' ORDER BY timestamp DESC LIMIT 5.0
SELECT context_id FROM active_contexts WHERE event_id = 'lab'
SELECT * FROM context_presets WHERE id = 'pose_lying'
SELECT * FROM subjects WHERE id = 'S-01'

            INSERT INTO subjects (id, name, sensitivity, capacity, openness, plasticity, attitude)
            VALUES ('S-01', 'Test Subject', 47.4280798141461, 70.0, 42.0072828361919, 40.3342876594403, 51.870155819555)
            ON CONFLICT(id) DO UPDATE SET
                sensitivity = excluded.sensitivity,
                capacity = excluded.capacity,
                openness = excluded.openness,
                plasticity = excluded.plasticity,
                attitude = excluded.attitude
        

            INSERT INTO subject_point_states (subject_id, point_id, local_sensitivity, local_attitude)
            VALUES ('S-01', 'general', 36.7018517333643, 50.5561297041722)
            ON CONFLICT(subject_id, point_id) DO UPDATE SET
                local_sensitivity = excluded.local_sensitivity,
                local_attitude = excluded.local_attitude
        
SELECT label FROM action_presets WHERE id = 'wait'
SELECT label FROM point_presets WHERE id = 'general'

            INSERT INTO event_logs (subject_id, action_type, action_payload, result_payload)
            VALUES ('S-01', 'interaction', '{"action":{"intensity":0,"valenc'/*+156 bytes*/, '{"effectiveSensitivity":44.71764'/*+731 bytes*/)
        
SELECT * FROM subjects WHERE id = 'S-01'
SELECT * FROM event_logs WHERE subject_id = 'S-01' ORDER BY timestamp DESC LIMIT 3

        SELECT cp.label 
        FROM active_contexts ac
        JOIN context_presets cp ON ac.context_id = cp.id
        WHERE ac.event_id = 'lab'
    

========== ОТПРАВЛЯЕМЫЙ ПРОМПТ ==========
[Роль: SYSTEM]
Вживись в роль Эли (S-01). Опирайся на внутреннее состояние и недавние ощущения. Покажи живого человека.
Тебя зовут Эли (Кодовое имя S-01). Ты — киборгизированный человек.
Ты выросла в трущобах Нижнего Уровня. Неделю назад корпорация похитила тебя для тестов нейро-интерфейсов. Тебя держат в лаборатории и проводят над тобой серию физических и психологических опытов. Ты напугана, но стараешься сохранять остатки гордости и недоверие.
[Инструкции]: Ты ОБЯЗАНА отвечать исключительно в формате JSON. Тебе нужно разделить свой ответ на две части. Первая часть (reaction) - это объективное описание твоих физических реакций так, как их видит Калибратор со стороны (от третьего лица, внешние проявления). Вторая часть (speech) - твоя прямая речь.
Структура JSON:
{
    "reaction": "Только внешние проявления (мимика, дыхание, дрожь, мурашки, взгляд, непроизвольные движения). Как твое тело выглядит со стороны. Максимум 3 предложения. Строго без мыслей и внутреннего монолога.",
    "speech": "Твоя прямая речь в кавычках (от первого лица). Если ты промолчала, оставь пустую строку."
}

[Текущие внутренние ощущения и состояние тела]
- Ты трезво ощущаешь свое тело и пространство вокруг себя.
- Внутри ощущается твердая воля и способность справиться с любым стрессом.
- Ты осторожно наблюдаешь за происходящим, не спеша доверять.
- Твое отношение к этому человеку нейтрально-ожидающее.

Особые ментальные состояния: * Разум относительно стабилен, навязчивых мыслей нет.
[Физическое состояние и влияние среды]: Поза: Лёжа

[Твои последние телесные и сенсорные логи]
- [12:53:27] Прошло время: ожидание/бездействие (3 тиков). Активные факторы среды продолжали влиять на твое состояние.
----------------------------------------
[Роль: USER]
[Прошло времени: 5 тиков. Ничего нового не произошло.]
----------------------------------------
[ST Adapter] Sending to OpenRouter (deepseek/deepseek-chat)...
SELECT * FROM subjects WHERE id = 'S-01'
SELECT * FROM subject_point_states WHERE subject_id = 'S-01' AND point_id = 'general'
SELECT * FROM subjects WHERE id = 'S-01'
SELECT * FROM subject_point_states WHERE subject_id = 'S-01' AND point_id = 'hands'
SELECT * FROM players WHERE id = 'PL-1'
SELECT * FROM scenes WHERE id = 'lab'
SELECT * FROM event_logs WHERE subject_id = 'S-01' ORDER BY timestamp DESC LIMIT 5.0
SELECT * FROM action_presets WHERE id = 'needle_prick'
SELECT context_id FROM active_contexts WHERE event_id = 'lab'
SELECT * FROM context_presets WHERE id = 'pose_lying'
SELECT * FROM subjects WHERE id = 'S-01'

            INSERT INTO subjects (id, name, sensitivity, capacity, openness, plasticity, attitude)
            VALUES ('S-01', 'Test Subject', 47.1119483461694, 71.0, 41.7204749980037, 40.0152817199659, 53.2709110395261)
            ON CONFLICT(id) DO UPDATE SET
                sensitivity = excluded.sensitivity,
                capacity = excluded.capacity,
                openness = excluded.openness,
                plasticity = excluded.plasticity,
                attitude = excluded.attitude
        

            INSERT INTO subject_point_states (subject_id, point_id, local_sensitivity, local_attitude)
            VALUES ('S-01', 'hands', 69.7298356650291, 83.7135181866329)
            ON CONFLICT(subject_id, point_id) DO UPDATE SET
                local_sensitivity = excluded.local_sensitivity,
                local_attitude = excluded.local_attitude
        
SELECT label FROM action_presets WHERE id = 'needle_prick'
SELECT label FROM point_presets WHERE id = 'hands'

            INSERT INTO event_logs (subject_id, action_type, action_payload, result_payload)
            VALUES ('S-01', 'interaction', '{"action":{"intensity":0.9,"vale'/*+161 bytes*/, '{"effectiveSensitivity":55.32825'/*+738 bytes*/)
        
SELECT * FROM subjects WHERE id = 'S-01'
SELECT * FROM subject_point_states WHERE subject_id = 'S-01' AND point_id = 'hands'
SELECT * FROM subjects WHERE id = 'S-01'
SELECT * FROM event_logs WHERE subject_id = 'S-01' ORDER BY timestamp DESC LIMIT 3

        SELECT cp.label 
        FROM active_contexts ac
        JOIN context_presets cp ON ac.context_id = cp.id
        WHERE ac.event_id = 'lab'
    

========== ОТПРАВЛЯЕМЫЙ ПРОМПТ ==========
[Роль: SYSTEM]
Вживись в роль Эли (S-01). Опирайся на внутреннее состояние и недавние ощущения. Покажи живого человека.
Тебя зовут Эли (Кодовое имя S-01). Ты — киборгизированный человек.
Ты выросла в трущобах Нижнего Уровня. Неделю назад корпорация похитила тебя для тестов нейро-интерфейсов. Тебя держат в лаборатории и проводят над тобой серию физических и психологических опытов. Ты напугана, но стараешься сохранять остатки гордости и недоверие.
[Инструкции]: Ты ОБЯЗАНА отвечать исключительно в формате JSON. Тебе нужно разделить свой ответ на две части. Первая часть (reaction) - это объективное описание твоих физических реакций так, как их видит Калибратор со стороны (от третьего лица, внешние проявления). Вторая часть (speech) - твоя прямая речь.
Структура JSON:
{
    "reaction": "Только внешние проявления (мимика, дыхание, дрожь, мурашки, взгляд, непроизвольные движения). Как твое тело выглядит со стороны. Максимум 3 предложения. Строго без мыслей и внутреннего монолога.",
    "speech": "Твоя прямая речь в кавычках (от первого лица). Если ты промолчала, оставь пустую строку."
}

[Текущие внутренние ощущения и состояние тела]
- Ты трезво ощущаешь свое тело и пространство вокруг себя.
- Внутри ощущается твердая воля и способность справиться с любым стрессом.
- Ты осторожно наблюдаешь за происходящим, не спеша доверять.
- Твое отношение к этому человеку нейтрально-ожидающее.

Особые ментальные состояния: * Разум относительно стабилен, навязчивых мыслей нет.
[Физическое состояние и влияние среды]: Поза: Лёжа

[Твои последние телесные и сенсорные логи]
- [12:54:40] Прошло время: ожидание/бездействие (2 тиков). Активные факторы среды продолжали влиять на твое состояние.
- [12:54:40] Калибратор применил "Укол иглой" на точку "Ладони" (оценивается тобой как: экстремальное, негативное, бесконтактное действие)
----------------------------------------
[Роль: USER]
[Действие завершено. Сгенерируй JSON-ответ с твоей физической реакцией и репликой на основе текущих ощущений.]
----------------------------------------
[ST Adapter] Sending to OpenRouter (deepseek/deepseek-chat)...
SELECT * FROM subjects WHERE id = 'S-01'
SELECT * FROM subject_point_states WHERE subject_id = 'S-01' AND point_id = 'hands'
SELECT id, label FROM action_presets
SELECT p.id, p.label FROM point_presets p JOIN subject_point_states sps ON p.id = sps.point_id WHERE sps.subject_id = 'S-01'
SELECT id, label, point_id FROM context_presets
SELECT context_id FROM active_contexts WHERE event_id = 'lab'
SELECT * FROM subjects WHERE id = 'S-01'
SELECT * FROM subject_point_states WHERE subject_id = 'S-01' AND point_id = 'hands'
SELECT id, label FROM action_presets
SELECT p.id, p.label FROM point_presets p JOIN subject_point_states sps ON p.id = sps.point_id WHERE sps.subject_id = 'S-01'
SELECT id, label, point_id FROM context_presets
SELECT context_id FROM active_contexts WHERE event_id = 'lab'
SELECT * FROM subjects WHERE id = 'S-01'
SELECT * FROM subject_point_states WHERE subject_id = 'S-01' AND point_id = 'hands'
SELECT id, label FROM action_presets
SELECT p.id, p.label FROM point_presets p JOIN subject_point_states sps ON p.id = sps.point_id WHERE sps.subject_id = 'S-01'
SELECT id, label, point_id FROM context_presets
SELECT context_id FROM active_contexts WHERE event_id = 'lab'
SELECT * FROM subjects WHERE id = 'S-01'
SELECT * FROM subject_point_states WHERE subject_id = 'S-01' AND point_id = 'hands'
SELECT id, label FROM action_presets
SELECT p.id, p.label FROM point_presets p JOIN subject_point_states sps ON p.id = sps.point_id WHERE sps.subject_id = 'S-01'
SELECT id, label, point_id FROM context_presets
SELECT context_id FROM active_contexts WHERE event_id = 'lab'
SELECT * FROM subjects WHERE id = 'S-01'
SELECT * FROM subject_point_states WHERE subject_id = 'S-01' AND point_id = 'hands'
SELECT id, label FROM action_presets
SELECT p.id, p.label FROM point_presets p JOIN subject_point_states sps ON p.id = sps.point_id WHERE sps.subject_id = 'S-01'
SELECT id, label, point_id FROM context_presets
SELECT context_id FROM active_contexts WHERE event_id = 'lab'
SELECT * FROM subjects WHERE id = 'S-01'
SELECT * FROM subject_point_states WHERE subject_id = 'S-01' AND point_id = 'hands'
SELECT id, label FROM action_presets
SELECT p.id, p.label FROM point_presets p JOIN subject_point_states sps ON p.id = sps.point_id WHERE sps.subject_id = 'S-01'
SELECT id, label, point_id FROM context_presets
SELECT context_id FROM active_contexts WHERE event_id = 'lab'
SELECT * FROM subjects WHERE id = 'S-01'
SELECT * FROM subject_point_states WHERE subject_id = 'S-01' AND point_id = 'hands'
SELECT * FROM players WHERE id = 'PL-1'
SELECT * FROM scenes WHERE id = 'lab'
SELECT * FROM event_logs WHERE subject_id = 'S-01' ORDER BY timestamp DESC LIMIT 5.0
SELECT * FROM action_presets WHERE id = 'gentle_stroke'
SELECT context_id FROM active_contexts WHERE event_id = 'lab'
SELECT * FROM context_presets WHERE id = 'pose_lying'
SELECT * FROM subjects WHERE id = 'S-01'

            INSERT INTO subjects (id, name, sensitivity, capacity, openness, plasticity, attitude)
            VALUES ('S-01', 'Test Subject', 47.2826001080128, 72.0, 42.7545875608575, 39.3792087457688, 55.7151250987594)
            ON CONFLICT(id) DO UPDATE SET
                sensitivity = excluded.sensitivity,
                capacity = excluded.capacity,
                openness = excluded.openness,
                plasticity = excluded.plasticity,
                attitude = excluded.attitude
        

            INSERT INTO subject_point_states (subject_id, point_id, local_sensitivity, local_attitude)
            VALUES ('S-01', 'hands', 70.0681503673333, 84.0800310506594)
            ON CONFLICT(subject_id, point_id) DO UPDATE SET
                local_sensitivity = excluded.local_sensitivity,
                local_attitude = excluded.local_attitude
        
SELECT label FROM action_presets WHERE id = 'gentle_stroke'
SELECT label FROM point_presets WHERE id = 'hands'

            INSERT INTO event_logs (subject_id, action_type, action_payload, result_payload)
            VALUES ('S-01', 'interaction', '{"action":{"intensity":0.9,"vale'/*+181 bytes*/, '{"effectiveSensitivity":55.02820'/*+784 bytes*/)
        
SELECT * FROM subjects WHERE id = 'S-01'
SELECT * FROM subject_point_states WHERE subject_id = 'S-01' AND point_id = 'hands'
SELECT * FROM subjects WHERE id = 'S-01'
SELECT * FROM event_logs WHERE subject_id = 'S-01' ORDER BY timestamp DESC LIMIT 3

        SELECT cp.label 
        FROM active_contexts ac
        JOIN context_presets cp ON ac.context_id = cp.id
        WHERE ac.event_id = 'lab'
    

========== ОТПРАВЛЯЕМЫЙ ПРОМПТ ==========
[Роль: SYSTEM]
Вживись в роль Эли (S-01). Опирайся на внутреннее состояние и недавние ощущения. Покажи живого человека.
Тебя зовут Эли (Кодовое имя S-01). Ты — киборгизированный человек.
Ты выросла в трущобах Нижнего Уровня. Неделю назад корпорация похитила тебя для тестов нейро-интерфейсов. Тебя держат в лаборатории и проводят над тобой серию физических и психологических опытов. Ты напугана, но стараешься сохранять остатки гордости и недоверие.
[Инструкции]: Ты ОБЯЗАНА отвечать исключительно в формате JSON. Тебе нужно разделить свой ответ на две части. Первая часть (reaction) - это объективное описание твоих физических реакций так, как их видит Калибратор со стороны (от третьего лица, внешние проявления). Вторая часть (speech) - твоя прямая речь.
Структура JSON:
{
    "reaction": "Только внешние проявления (мимика, дыхание, дрожь, мурашки, взгляд, непроизвольные движения). Как твое тело выглядит со стороны. Максимум 3 предложения. Строго без мыслей и внутреннего монолога.",
    "speech": "Твоя прямая речь в кавычках (от первого лица). Если ты промолчала, оставь пустую строку."
}

[Текущие внутренние ощущения и состояние тела]
- Ты трезво ощущаешь свое тело и пространство вокруг себя.
- Внутри ощущается твердая воля и способность справиться с любым стрессом.
- Ты осторожно наблюдаешь за происходящим, не спеша доверять.
- Твое отношение к этому человеку нейтрально-ожидающее.

Особые ментальные состояния: * Разум относительно стабилен, навязчивых мыслей нет.
[Физическое состояние и влияние среды]: Поза: Лёжа

[Твои последние телесные и сенсорные логи]
- [12:54:40] Прошло время: ожидание/бездействие (1 тиков). Активные факторы среды продолжали влиять на твое состояние.
- [12:54:40] Калибратор применил "Укол иглой" на точку "Ладони" (оценивается тобой как: экстремальное, негативное, бесконтактное действие)
- [12:57:24] Калибратор применил "Мягкое поглаживание" на точку "Ладони" (оценивается тобой как: экстремальное, позитивное, легкое физическое действие)
  Твоя непроизвольная реакция на это: явное удовольствие
----------------------------------------
[Роль: USER]
[Действие завершено. Сгенерируй JSON-ответ с твоей физической реакцией и репликой на основе текущих ощущений.]
----------------------------------------
[ST Adapter] Sending to OpenRouter (deepseek/deepseek-chat)...
SELECT * FROM subjects WHERE id = 'S-01'
SELECT * FROM subject_point_states WHERE subject_id = 'S-01' AND point_id = 'hands'
SELECT id, label FROM action_presets
SELECT p.id, p.label FROM point_presets p JOIN subject_point_states sps ON p.id = sps.point_id WHERE sps.subject_id = 'S-01'
SELECT id, label, point_id FROM context_presets
SELECT context_id FROM active_contexts WHERE event_id = 'lab'
SELECT * FROM subjects WHERE id = 'S-01'
SELECT * FROM subject_point_states WHERE subject_id = 'S-01' AND point_id = 'hands'
SELECT id, label FROM action_presets
SELECT p.id, p.label FROM point_presets p JOIN subject_point_states sps ON p.id = sps.point_id WHERE sps.subject_id = 'S-01'
SELECT id, label, point_id FROM context_presets
SELECT context_id FROM active_contexts WHERE event_id = 'lab'
SELECT * FROM subjects WHERE id = 'S-01'
SELECT * FROM subject_point_states WHERE subject_id = 'S-01' AND point_id = 'hands'
SELECT id, label FROM action_presets
SELECT p.id, p.label FROM point_presets p JOIN subject_point_states sps ON p.id = sps.point_id WHERE sps.subject_id = 'S-01'
SELECT id, label, point_id FROM context_presets
SELECT context_id FROM active_contexts WHERE event_id = 'lab'
SELECT * FROM subjects WHERE id = 'S-01'
SELECT * FROM subject_point_states WHERE subject_id = 'S-01' AND point_id = 'hands'
SELECT id, label FROM action_presets
SELECT p.id, p.label FROM point_presets p JOIN subject_point_states sps ON p.id = sps.point_id WHERE sps.subject_id = 'S-01'
SELECT id, label, point_id FROM context_presets
SELECT context_id FROM active_contexts WHERE event_id = 'lab'
SELECT * FROM subjects WHERE id = 'S-01'
SELECT * FROM subject_point_states WHERE subject_id = 'S-01' AND point_id = 'feet'
SELECT id, label FROM action_presets
SELECT p.id, p.label FROM point_presets p JOIN subject_point_states sps ON p.id = sps.point_id WHERE sps.subject_id = 'S-01'
SELECT id, label, point_id FROM context_presets
SELECT context_id FROM active_contexts WHERE event_id = 'lab'
SELECT * FROM subjects WHERE id = 'S-01'
SELECT * FROM subject_point_states WHERE subject_id = 'S-01' AND point_id = 'feet'
SELECT * FROM players WHERE id = 'PL-1'
SELECT * FROM scenes WHERE id = 'lab'
SELECT * FROM event_logs WHERE subject_id = 'S-01' ORDER BY timestamp DESC LIMIT 5.0
SELECT * FROM action_presets WHERE id = 'tickle'
SELECT context_id FROM active_contexts WHERE event_id = 'lab'
SELECT * FROM context_presets WHERE id = 'pose_lying'
SELECT * FROM subjects WHERE id = 'S-01'

            INSERT INTO subjects (id, name, sensitivity, capacity, openness, plasticity, attitude)
            VALUES ('S-01', 'Test Subject', 47.3165454917894, 73.0, 43.0641555390785, 39.1530832466709, 55.8064584242809)
            ON CONFLICT(id) DO UPDATE SET
                sensitivity = excluded.sensitivity,
                capacity = excluded.capacity,
                openness = excluded.openness,
                plasticity = excluded.plasticity,
                attitude = excluded.attitude
        

            INSERT INTO subject_point_states (subject_id, point_id, local_sensitivity, local_attitude)
            VALUES ('S-01', 'feet', 75.1193481207009, 52.4958841783078)
            ON CONFLICT(subject_id, point_id) DO UPDATE SET
                local_sensitivity = excluded.local_sensitivity,
                local_attitude = excluded.local_attitude
        
SELECT label FROM action_presets WHERE id = 'tickle'
SELECT label FROM point_presets WHERE id = 'feet'

            INSERT INTO event_logs (subject_id, action_type, action_payload, result_payload)
            VALUES ('S-01', 'interaction', '{"action":{"intensity":0.9,"vale'/*+183 bytes*/, '{"effectiveSensitivity":56.96686'/*+801 bytes*/)
        
SELECT * FROM subjects WHERE id = 'S-01'
SELECT * FROM subject_point_states WHERE subject_id = 'S-01' AND point_id = 'feet'
SELECT * FROM subjects WHERE id = 'S-01'
SELECT * FROM event_logs WHERE subject_id = 'S-01' ORDER BY timestamp DESC LIMIT 3

        SELECT cp.label 
        FROM active_contexts ac
        JOIN context_presets cp ON ac.context_id = cp.id
        WHERE ac.event_id = 'lab'
    

========== ОТПРАВЛЯЕМЫЙ ПРОМПТ ==========
[Роль: SYSTEM]
Вживись в роль Эли (S-01). Опирайся на внутреннее состояние и недавние ощущения. Покажи живого человека.
Тебя зовут Эли (Кодовое имя S-01). Ты — киборгизированный человек.
Ты выросла в трущобах Нижнего Уровня. Неделю назад корпорация похитила тебя для тестов нейро-интерфейсов. Тебя держат в лаборатории и проводят над тобой серию физических и психологических опытов. Ты напугана, но стараешься сохранять остатки гордости и недоверие.
[Инструкции]: Ты ОБЯЗАНА отвечать исключительно в формате JSON. Тебе нужно разделить свой ответ на две части. Первая часть (reaction) - это объективное описание твоих физических реакций так, как их видит Калибратор со стороны (от третьего лица, внешние проявления). Вторая часть (speech) - твоя прямая речь.
Структура JSON:
{
    "reaction": "Только внешние проявления (мимика, дыхание, дрожь, мурашки, взгляд, непроизвольные движения). Как твое тело выглядит со стороны. Максимум 3 предложения. Строго без мыслей и внутреннего монолога.",
    "speech": "Твоя прямая речь в кавычках (от первого лица). Если ты промолчала, оставь пустую строку."
}

[Текущие внутренние ощущения и состояние тела]
- Ты трезво ощущаешь свое тело и пространство вокруг себя.
- Внутри ощущается твердая воля и способность справиться с любым стрессом.
- Ты осторожно наблюдаешь за происходящим, не спеша доверять.
- Твое отношение к этому человеку нейтрально-ожидающее.

Особые ментальные состояния: * Разум относительно стабилен, навязчивых мыслей нет.
[Физическое состояние и влияние среды]: Поза: Лёжа

[Твои последние телесные и сенсорные логи]
- [12:54:40] Калибратор применил "Укол иглой" на точку "Ладони" (оценивается тобой как: экстремальное, негативное, бесконтактное действие)
- [12:57:24] Калибратор применил "Мягкое поглаживание" на точку "Ладони" (оценивается тобой как: экстремальное, позитивное, легкое физическое действие)
  Твоя непроизвольная реакция на это: явное удовольствие
- [13:05:18] Калибратор применил "Щекотка пальцами" на точку "Ступни" (оценивается тобой как: экстремальное, позитивное, легкое физическое действие)
----------------------------------------
[Роль: USER]
[Действие завершено. Сгенерируй JSON-ответ с твоей физической реакцией и репликой на основе текущих ощущений.]
----------------------------------------
[ST Adapter] Sending to OpenRouter (deepseek/deepseek-chat)...
SELECT * FROM subjects WHERE id = 'S-01'
SELECT * FROM subject_point_states WHERE subject_id = 'S-01' AND point_id = 'feet'
SELECT * FROM players WHERE id = 'PL-1'
SELECT * FROM scenes WHERE id = 'lab'
SELECT * FROM event_logs WHERE subject_id = 'S-01' ORDER BY timestamp DESC LIMIT 5.0
SELECT * FROM action_presets WHERE id = 'tickle'
SELECT context_id FROM active_contexts WHERE event_id = 'lab'
SELECT * FROM context_presets WHERE id = 'pose_lying'
SELECT * FROM subjects WHERE id = 'S-01'

            INSERT INTO subjects (id, name, sensitivity, capacity, openness, plasticity, attitude)
            VALUES ('S-01', 'Test Subject', 47.3515964460131, 74.0, 43.3777502642413, 38.9256989650868, 55.9205516752524)
            ON CONFLICT(id) DO UPDATE SET
                sensitivity = excluded.sensitivity,
                capacity = excluded.capacity,
                openness = excluded.openness,
                plasticity = excluded.plasticity,
                attitude = excluded.attitude
        

            INSERT INTO subject_point_states (subject_id, point_id, local_sensitivity, local_attitude)
            VALUES ('S-01', 'feet', 75.2881618134805, 52.9644847159061)
            ON CONFLICT(subject_id, point_id) DO UPDATE SET
                local_sensitivity = excluded.local_sensitivity,
                local_attitude = excluded.local_attitude
        
SELECT label FROM action_presets WHERE id = 'tickle'
SELECT label FROM point_presets WHERE id = 'feet'

            INSERT INTO event_logs (subject_id, action_type, action_payload, result_payload)
            VALUES ('S-01', 'interaction', '{"action":{"intensity":0.9,"vale'/*+183 bytes*/, '{"effectiveSensitivity":57.04752'/*+802 bytes*/)
        
SELECT * FROM subjects WHERE id = 'S-01'
SELECT * FROM subject_point_states WHERE subject_id = 'S-01' AND point_id = 'feet'
SELECT * FROM subjects WHERE id = 'S-01'
SELECT * FROM event_logs WHERE subject_id = 'S-01' ORDER BY timestamp DESC LIMIT 3

        SELECT cp.label 
        FROM active_contexts ac
        JOIN context_presets cp ON ac.context_id = cp.id
        WHERE ac.event_id = 'lab'
    

========== ОТПРАВЛЯЕМЫЙ ПРОМПТ ==========
[Роль: SYSTEM]
Вживись в роль Эли (S-01). Опирайся на внутреннее состояние и недавние ощущения. Покажи живого человека.
Тебя зовут Эли (Кодовое имя S-01). Ты — киборгизированный человек.
Ты выросла в трущобах Нижнего Уровня. Неделю назад корпорация похитила тебя для тестов нейро-интерфейсов. Тебя держат в лаборатории и проводят над тобой серию физических и психологических опытов. Ты напугана, но стараешься сохранять остатки гордости и недоверие.
[Инструкции]: Ты ОБЯЗАНА отвечать исключительно в формате JSON. Тебе нужно разделить свой ответ на две части. Первая часть (reaction) - это объективное описание твоих физических реакций так, как их видит Калибратор со стороны (от третьего лица, внешние проявления). Вторая часть (speech) - твоя прямая речь.
Структура JSON:
{
    "reaction": "Только внешние проявления (мимика, дыхание, дрожь, мурашки, взгляд, непроизвольные движения). Как твое тело выглядит со стороны. Максимум 3 предложения. Строго без мыслей и внутреннего монолога.",
    "speech": "Твоя прямая речь в кавычках (от первого лица). Если ты промолчала, оставь пустую строку."
}

[Текущие внутренние ощущения и состояние тела]
- Ты трезво ощущаешь свое тело и пространство вокруг себя.
- Внутри ощущается твердая воля и способность справиться с любым стрессом.
- Ты осторожно наблюдаешь за происходящим, не спеша доверять.
- Твое отношение к этому человеку нейтрально-ожидающее.

Особые ментальные состояния: * Разум относительно стабилен, навязчивых мыслей нет.
[Физическое состояние и влияние среды]: Поза: Лёжа

[Твои последние телесные и сенсорные логи]
- [12:57:24] Калибратор применил "Мягкое поглаживание" на точку "Ладони" (оценивается тобой как: экстремальное, позитивное, легкое физическое действие)
  Твоя непроизвольная реакция на это: явное удовольствие
- [13:05:18] Калибратор применил "Щекотка пальцами" на точку "Ступни" (оценивается тобой как: экстремальное, позитивное, легкое физическое действие)
- [13:05:50] Калибратор применил "Щекотка пальцами" на точку "Ступни" (оценивается тобой как: экстремальное, позитивное, легкое физическое действие)
----------------------------------------
[Роль: USER]
[Действие завершено. Сгенерируй JSON-ответ с твоей физической реакцией и репликой на основе текущих ощущений.]
----------------------------------------
[ST Adapter] Sending to OpenRouter (deepseek/deepseek-chat)...
SELECT * FROM subjects WHERE id = 'S-01'
SELECT * FROM subject_point_states WHERE subject_id = 'S-01' AND point_id = 'feet'
SELECT * FROM players WHERE id = 'PL-1'
SELECT * FROM scenes WHERE id = 'lab'
SELECT * FROM event_logs WHERE subject_id = 'S-01' ORDER BY timestamp DESC LIMIT 5.0
SELECT * FROM action_presets WHERE id = 'tickle'
SELECT context_id FROM active_contexts WHERE event_id = 'lab'
SELECT * FROM context_presets WHERE id = 'pose_lying'
SELECT * FROM subjects WHERE id = 'S-01'

            INSERT INTO subjects (id, name, sensitivity, capacity, openness, plasticity, attitude)
            VALUES ('S-01', 'Test Subject', 47.3877697687587, 75.0, 43.695535971019, 38.6970507292405, 56.0561072491619)
            ON CONFLICT(id) DO UPDATE SET
                sensitivity = excluded.sensitivity,
                capacity = excluded.capacity,
                openness = excluded.openness,
                plasticity = excluded.plasticity,
                attitude = excluded.attitude
        

            INSERT INTO subject_point_states (subject_id, point_id, local_sensitivity, local_attitude)
            VALUES ('S-01', 'feet', 75.4583784669124, 53.4279833831444)
            ON CONFLICT(subject_id, point_id) DO UPDATE SET
                local_sensitivity = excluded.local_sensitivity,
                local_attitude = excluded.local_attitude
        
SELECT label FROM action_presets WHERE id = 'tickle'
SELECT label FROM point_presets WHERE id = 'feet'

            INSERT INTO event_logs (subject_id, action_type, action_payload, result_payload)
            VALUES ('S-01', 'interaction', '{"action":{"intensity":0.9,"vale'/*+183 bytes*/, '{"effectiveSensitivity":57.12939'/*+799 bytes*/)
        
SELECT * FROM subjects WHERE id = 'S-01'
SELECT * FROM subject_point_states WHERE subject_id = 'S-01' AND point_id = 'feet'
SELECT * FROM subjects WHERE id = 'S-01'
SELECT * FROM event_logs WHERE subject_id = 'S-01' ORDER BY timestamp DESC LIMIT 3

        SELECT cp.label 
        FROM active_contexts ac
        JOIN context_presets cp ON ac.context_id = cp.id
        WHERE ac.event_id = 'lab'
    

========== ОТПРАВЛЯЕМЫЙ ПРОМПТ ==========
[Роль: SYSTEM]
Вживись в роль Эли (S-01). Опирайся на внутреннее состояние и недавние ощущения. Покажи живого человека.
Тебя зовут Эли (Кодовое имя S-01). Ты — киборгизированный человек.
Ты выросла в трущобах Нижнего Уровня. Неделю назад корпорация похитила тебя для тестов нейро-интерфейсов. Тебя держат в лаборатории и проводят над тобой серию физических и психологических опытов. Ты напугана, но стараешься сохранять остатки гордости и недоверие.
[Инструкции]: Ты ОБЯЗАНА отвечать исключительно в формате JSON. Тебе нужно разделить свой ответ на две части. Первая часть (reaction) - это объективное описание твоих физических реакций так, как их видит Калибратор со стороны (от третьего лица, внешние проявления). Вторая часть (speech) - твоя прямая речь.
Структура JSON:
{
    "reaction": "Только внешние проявления (мимика, дыхание, дрожь, мурашки, взгляд, непроизвольные движения). Как твое тело выглядит со стороны. Максимум 3 предложения. Строго без мыслей и внутреннего монолога.",
    "speech": "Твоя прямая речь в кавычках (от первого лица). Если ты промолчала, оставь пустую строку."
}

[Текущие внутренние ощущения и состояние тела]
- Ты трезво ощущаешь свое тело и пространство вокруг себя.
- Внутри ощущается твердая воля и способность справиться с любым стрессом.
- Ты осторожно наблюдаешь за происходящим, не спеша доверять.
- Твое отношение к этому человеку нейтрально-ожидающее.

Особые ментальные состояния: * Разум относительно стабилен, навязчивых мыслей нет.
[Физическое состояние и влияние среды]: Поза: Лёжа

[Твои последние телесные и сенсорные логи]
- [13:05:18] Калибратор применил "Щекотка пальцами" на точку "Ступни" (оценивается тобой как: экстремальное, позитивное, легкое физическое действие)
- [13:05:50] Калибратор применил "Щекотка пальцами" на точку "Ступни" (оценивается тобой как: экстремальное, позитивное, легкое физическое действие)
- [13:06:17] Калибратор применил "Щекотка пальцами" на точку "Ступни" (оценивается тобой как: экстремальное, позитивное, легкое физическое действие)
----------------------------------------
[Роль: USER]
[Действие завершено. Сгенерируй JSON-ответ с твоей физической реакцией и репликой на основе текущих ощущений.]
----------------------------------------
[ST Adapter] Sending to OpenRouter (deepseek/deepseek-chat)...
SELECT * FROM subjects WHERE id = 'S-01'
SELECT * FROM subject_point_states WHERE subject_id = 'S-01' AND point_id = 'feet'
SELECT * FROM players WHERE id = 'PL-1'
SELECT * FROM scenes WHERE id = 'lab'
SELECT * FROM event_logs WHERE subject_id = 'S-01' ORDER BY timestamp DESC LIMIT 5.0
SELECT * FROM action_presets WHERE id = 'feather_stroke'
SELECT context_id FROM active_contexts WHERE event_id = 'lab'
SELECT * FROM context_presets WHERE id = 'pose_lying'
SELECT * FROM subjects WHERE id = 'S-01'

            INSERT INTO subjects (id, name, sensitivity, capacity, openness, plasticity, attitude)
            VALUES ('S-01', 'Test Subject', 47.0890516304206, 76.0, 44.1085004868891, 38.4751626767535, 56.2929277491785)
            ON CONFLICT(id) DO UPDATE SET
                sensitivity = excluded.sensitivity,
                capacity = excluded.capacity,
                openness = excluded.openness,
                plasticity = excluded.plasticity,
                attitude = excluded.attitude
        

            INSERT INTO subject_point_states (subject_id, point_id, local_sensitivity, local_attitude)
            VALUES ('S-01', 'feet', 75.2099807939898, 53.9957236493072)
            ON CONFLICT(subject_id, point_id) DO UPDATE SET
                local_sensitivity = excluded.local_sensitivity,
                local_attitude = excluded.local_attitude
        
SELECT label FROM action_presets WHERE id = 'feather_stroke'
SELECT label FROM point_presets WHERE id = 'feet'

            INSERT INTO event_logs (subject_id, action_type, action_payload, result_payload)
            VALUES ('S-01', 'interaction', '{"action":{"intensity":0.9,"vale'/*+179 bytes*/, '{"effectiveSensitivity":57.21248'/*+784 bytes*/)
        
SELECT * FROM subjects WHERE id = 'S-01'
SELECT * FROM subject_point_states WHERE subject_id = 'S-01' AND point_id = 'feet'
SELECT * FROM subjects WHERE id = 'S-01'
SELECT * FROM event_logs WHERE subject_id = 'S-01' ORDER BY timestamp DESC LIMIT 3

        SELECT cp.label 
        FROM active_contexts ac
        JOIN context_presets cp ON ac.context_id = cp.id
        WHERE ac.event_id = 'lab'
    

========== ОТПРАВЛЯЕМЫЙ ПРОМПТ ==========
[Роль: SYSTEM]
Вживись в роль Эли (S-01). Опирайся на внутреннее состояние и недавние ощущения. Покажи живого человека.
Тебя зовут Эли (Кодовое имя S-01). Ты — киборгизированный человек.
Ты выросла в трущобах Нижнего Уровня. Неделю назад корпорация похитила тебя для тестов нейро-интерфейсов. Тебя держат в лаборатории и проводят над тобой серию физических и психологических опытов. Ты напугана, но стараешься сохранять остатки гордости и недоверие.
[Инструкции]: Ты ОБЯЗАНА отвечать исключительно в формате JSON. Тебе нужно разделить свой ответ на две части. Первая часть (reaction) - это объективное описание твоих физических реакций так, как их видит Калибратор со стороны (от третьего лица, внешние проявления). Вторая часть (speech) - твоя прямая речь.
Структура JSON:
{
    "reaction": "Только внешние проявления (мимика, дыхание, дрожь, мурашки, взгляд, непроизвольные движения). Как твое тело выглядит со стороны. Максимум 3 предложения. Строго без мыслей и внутреннего монолога.",
    "speech": "Твоя прямая речь в кавычках (от первого лица). Если ты промолчала, оставь пустую строку."
}

[Текущие внутренние ощущения и состояние тела]
- Ты трезво ощущаешь свое тело и пространство вокруг себя.
- Внутри ощущается твердая воля и способность справиться с любым стрессом.
- Ты осторожно наблюдаешь за происходящим, не спеша доверять.
- Твое отношение к этому человеку нейтрально-ожидающее.

Особые ментальные состояния: * Разум относительно стабилен, навязчивых мыслей нет.
[Физическое состояние и влияние среды]: Поза: Лёжа

[Твои последние телесные и сенсорные логи]
- [13:05:50] Калибратор применил "Щекотка пальцами" на точку "Ступни" (оценивается тобой как: экстремальное, позитивное, легкое физическое действие)
- [13:06:17] Калибратор применил "Щекотка пальцами" на точку "Ступни" (оценивается тобой как: экстремальное, позитивное, легкое физическое действие)
- [13:06:47] Калибратор применил "Проведение перышком" на точку "Ступни" (оценивается тобой как: экстремальное, позитивное, бесконтактное действие)
----------------------------------------
[Роль: USER]
[Действие завершено. Сгенерируй JSON-ответ с твоей физической реакцией и репликой на основе текущих ощущений.]
----------------------------------------
[ST Adapter] Sending to OpenRouter (deepseek/deepseek-chat)...
SELECT * FROM subjects WHERE id = 'S-01'
SELECT * FROM subject_point_states WHERE subject_id = 'S-01' AND point_id = 'feet'
SELECT * FROM players WHERE id = 'PL-1'
SELECT * FROM scenes WHERE id = 'lab'
SELECT * FROM event_logs WHERE subject_id = 'S-01' ORDER BY timestamp DESC LIMIT 5.0
SELECT * FROM action_presets WHERE id = 'feather_stroke'
SELECT context_id FROM active_contexts WHERE event_id = 'lab'
SELECT * FROM context_presets WHERE id = 'pose_lying'
SELECT * FROM subjects WHERE id = 'S-01'

            INSERT INTO subjects (id, name, sensitivity, capacity, openness, plasticity, attitude)
            VALUES ('S-01', 'Test Subject', 46.7877282414659, 77.0, 44.5242009958704, 38.2492666119507, 56.5487338313599)
            ON CONFLICT(id) DO UPDATE SET
                sensitivity = excluded.sensitivity,
                capacity = excluded.capacity,
                openness = excluded.openness,
                plasticity = excluded.plasticity,
                attitude = excluded.attitude
        

            INSERT INTO subject_point_states (subject_id, point_id, local_sensitivity, local_attitude)
            VALUES ('S-01', 'feet', 74.9583265577964, 54.5572978819136)
            ON CONFLICT(subject_id, point_id) DO UPDATE SET
                local_sensitivity = excluded.local_sensitivity,
                local_attitude = excluded.local_attitude
        
SELECT label FROM action_presets WHERE id = 'feather_stroke'
SELECT label FROM point_presets WHERE id = 'feet'

            INSERT INTO event_logs (subject_id, action_type, action_payload, result_payload)
            VALUES ('S-01', 'interaction', '{"action":{"intensity":0.9,"vale'/*+179 bytes*/, '{"effectiveSensitivity":56.93137'/*+781 bytes*/)
        
SELECT * FROM subjects WHERE id = 'S-01'
SELECT * FROM subject_point_states WHERE subject_id = 'S-01' AND point_id = 'feet'
SELECT * FROM subjects WHERE id = 'S-01'
SELECT * FROM event_logs WHERE subject_id = 'S-01' ORDER BY timestamp DESC LIMIT 3

        SELECT cp.label 
        FROM active_contexts ac
        JOIN context_presets cp ON ac.context_id = cp.id
        WHERE ac.event_id = 'lab'
    

========== ОТПРАВЛЯЕМЫЙ ПРОМПТ ==========
[Роль: SYSTEM]
Вживись в роль Эли (S-01). Опирайся на внутреннее состояние и недавние ощущения. Покажи живого человека.
Тебя зовут Эли (Кодовое имя S-01). Ты — киборгизированный человек.
Ты выросла в трущобах Нижнего Уровня. Неделю назад корпорация похитила тебя для тестов нейро-интерфейсов. Тебя держат в лаборатории и проводят над тобой серию физических и психологических опытов. Ты напугана, но стараешься сохранять остатки гордости и недоверие.
[Инструкции]: Ты ОБЯЗАНА отвечать исключительно в формате JSON. Тебе нужно разделить свой ответ на две части. Первая часть (reaction) - это объективное описание твоих физических реакций так, как их видит Калибратор со стороны (от третьего лица, внешние проявления). Вторая часть (speech) - твоя прямая речь.
Структура JSON:
{
    "reaction": "Только внешние проявления (мимика, дыхание, дрожь, мурашки, взгляд, непроизвольные движения). Как твое тело выглядит со стороны. Максимум 3 предложения. Строго без мыслей и внутреннего монолога.",
    "speech": "Твоя прямая речь в кавычках (от первого лица). Если ты промолчала, оставь пустую строку."
}

[Текущие внутренние ощущения и состояние тела]
- Ты трезво ощущаешь свое тело и пространство вокруг себя.
- Внутри ощущается твердая воля и способность справиться с любым стрессом.
- Ты осторожно наблюдаешь за происходящим, не спеша доверять.
- Твое отношение к этому человеку нейтрально-ожидающее.

Особые ментальные состояния: * Разум относительно стабилен, навязчивых мыслей нет.
[Физическое состояние и влияние среды]: Поза: Лёжа

[Твои последние телесные и сенсорные логи]
- [13:06:17] Калибратор применил "Щекотка пальцами" на точку "Ступни" (оценивается тобой как: экстремальное, позитивное, легкое физическое действие)
- [13:06:47] Калибратор применил "Проведение перышком" на точку "Ступни" (оценивается тобой как: экстремальное, позитивное, бесконтактное действие)
- [13:07:34] Калибратор применил "Проведение перышком" на точку "Ступни" (оценивается тобой как: экстремальное, позитивное, бесконтактное действие)
----------------------------------------
[Роль: USER]
[Действие завершено. Сгенерируй JSON-ответ с твоей физической реакцией и репликой на основе текущих ощущений.]
----------------------------------------
[ST Adapter] Sending to OpenRouter (deepseek/deepseek-chat)...
SELECT * FROM subjects WHERE id = 'S-01'
SELECT * FROM subject_point_states WHERE subject_id = 'S-01' AND point_id = 'feet'
SELECT * FROM players WHERE id = 'PL-1'
SELECT * FROM scenes WHERE id = 'lab'
SELECT * FROM event_logs WHERE subject_id = 'S-01' ORDER BY timestamp DESC LIMIT 5.0
SELECT * FROM action_presets WHERE id = 'slap'
SELECT context_id FROM active_contexts WHERE event_id = 'lab'
SELECT * FROM context_presets WHERE id = 'pose_lying'
SELECT * FROM subjects WHERE id = 'S-01'

            INSERT INTO subjects (id, name, sensitivity, capacity, openness, plasticity, attitude)
            VALUES ('S-01', 'Test Subject', 47.317583111037, 76.8295801717258, 44.2321104497226, 37.1393995865571, 55.9464377257864)
            ON CONFLICT(id) DO UPDATE SET
                sensitivity = excluded.sensitivity,
                capacity = excluded.capacity,
                openness = excluded.openness,
                plasticity = excluded.plasticity,
                attitude = excluded.attitude
        

            INSERT INTO subject_point_states (subject_id, point_id, local_sensitivity, local_attitude)
            VALUES ('S-01', 'feet', 75.7456451447602, 54.0943409974324)
            ON CONFLICT(subject_id, point_id) DO UPDATE SET
                local_sensitivity = excluded.local_sensitivity,
                local_attitude = excluded.local_attitude
        
SELECT label FROM action_presets WHERE id = 'slap'
SELECT label FROM point_presets WHERE id = 'feet'

            INSERT INTO event_logs (subject_id, action_type, action_payload, result_payload)
            VALUES ('S-01', 'interaction', '{"action":{"intensity":0.9,"vale'/*+192 bytes*/, '{"effectiveSensitivity":56.64743'/*+835 bytes*/)
        
SELECT * FROM subjects WHERE id = 'S-01'
SELECT * FROM subject_point_states WHERE subject_id = 'S-01' AND point_id = 'feet'
SELECT * FROM subjects WHERE id = 'S-01'
SELECT * FROM event_logs WHERE subject_id = 'S-01' ORDER BY timestamp DESC LIMIT 3

        SELECT cp.label 
        FROM active_contexts ac
        JOIN context_presets cp ON ac.context_id = cp.id
        WHERE ac.event_id = 'lab'
    

========== ОТПРАВЛЯЕМЫЙ ПРОМПТ ==========
[Роль: SYSTEM]
Вживись в роль Эли (S-01). Опирайся на внутреннее состояние и недавние ощущения. Покажи живого человека.
Тебя зовут Эли (Кодовое имя S-01). Ты — киборгизированный человек.
Ты выросла в трущобах Нижнего Уровня. Неделю назад корпорация похитила тебя для тестов нейро-интерфейсов. Тебя держат в лаборатории и проводят над тобой серию физических и психологических опытов. Ты напугана, но стараешься сохранять остатки гордости и недоверие.
[Инструкции]: Ты ОБЯЗАНА отвечать исключительно в формате JSON. Тебе нужно разделить свой ответ на две части. Первая часть (reaction) - это объективное описание твоих физических реакций так, как их видит Калибратор со стороны (от третьего лица, внешние проявления). Вторая часть (speech) - твоя прямая речь.
Структура JSON:
{
    "reaction": "Только внешние проявления (мимика, дыхание, дрожь, мурашки, взгляд, непроизвольные движения). Как твое тело выглядит со стороны. Максимум 3 предложения. Строго без мыслей и внутреннего монолога.",
    "speech": "Твоя прямая речь в кавычках (от первого лица). Если ты промолчала, оставь пустую строку."
}

[Текущие внутренние ощущения и состояние тела]
- Ты трезво ощущаешь свое тело и пространство вокруг себя.
- Внутри ощущается твердая воля и способность справиться с любым стрессом.
- Ты осторожно наблюдаешь за происходящим, не спеша доверять.
- Твое отношение к этому человеку нейтрально-ожидающее.

Особые ментальные состояния: * Разум относительно стабилен, навязчивых мыслей нет.
[Физическое состояние и влияние среды]: Поза: Лёжа

[Твои последние телесные и сенсорные логи]
- [13:06:47] Калибратор применил "Проведение перышком" на точку "Ступни" (оценивается тобой как: экстремальное, позитивное, бесконтактное действие)
- [13:07:34] Калибратор применил "Проведение перышком" на точку "Ступни" (оценивается тобой как: экстремальное, позитивное, бесконтактное действие)
- [13:09:17] Калибратор применил "Легкий шлепок" на точку "Ступни" (оценивается тобой как: экстремальное, нейтральное, легкое физическое действие)
----------------------------------------
[Роль: USER]
[Действие завершено. Сгенерируй JSON-ответ с твоей физической реакцией и репликой на основе текущих ощущений.]
----------------------------------------
[ST Adapter] Sending to OpenRouter (deepseek/deepseek-chat)...
SELECT * FROM subjects WHERE id = 'S-01'
SELECT * FROM subject_point_states WHERE subject_id = 'S-01' AND point_id = 'feet'
SELECT * FROM players WHERE id = 'PL-1'
SELECT * FROM scenes WHERE id = 'lab'
SELECT * FROM event_logs WHERE subject_id = 'S-01' ORDER BY timestamp DESC LIMIT 5.0
SELECT * FROM action_presets WHERE id = 'hard_slap'
SELECT context_id FROM active_contexts WHERE event_id = 'lab'
SELECT * FROM context_presets WHERE id = 'pose_lying'
SELECT * FROM subjects WHERE id = 'S-01'

            INSERT INTO subjects (id, name, sensitivity, capacity, openness, plasticity, attitude)
            VALUES ('S-01', 'Test Subject', 48.1963365571688, 75.1088021084748, 43.1707764480526, 35.2510883612566, 54.3415549007235)
            ON CONFLICT(id) DO UPDATE SET
                sensitivity = excluded.sensitivity,
                capacity = excluded.capacity,
                openness = excluded.openness,
                plasticity = excluded.plasticity,
                attitude = excluded.attitude
        

            INSERT INTO subject_point_states (subject_id, point_id, local_sensitivity, local_attitude)
            VALUES ('S-01', 'feet', 76.9690869524251, 52.4282099224626)
            ON CONFLICT(subject_id, point_id) DO UPDATE SET
                local_sensitivity = excluded.local_sensitivity,
                local_attitude = excluded.local_attitude
        
SELECT label FROM action_presets WHERE id = 'hard_slap'
SELECT label FROM point_presets WHERE id = 'feet'

            INSERT INTO event_logs (subject_id, action_type, action_payload, result_payload)
            VALUES ('S-01', 'interaction', '{"action":{"intensity":0.9,"vale'/*+178 bytes*/, '{"effectiveSensitivity":57.26740'/*+785 bytes*/)
        
SELECT * FROM subjects WHERE id = 'S-01'
SELECT * FROM subject_point_states WHERE subject_id = 'S-01' AND point_id = 'feet'
SELECT * FROM subjects WHERE id = 'S-01'
SELECT * FROM event_logs WHERE subject_id = 'S-01' ORDER BY timestamp DESC LIMIT 3

        SELECT cp.label 
        FROM active_contexts ac
        JOIN context_presets cp ON ac.context_id = cp.id
        WHERE ac.event_id = 'lab'
    

========== ОТПРАВЛЯЕМЫЙ ПРОМПТ ==========
[Роль: SYSTEM]
Вживись в роль Эли (S-01). Опирайся на внутреннее состояние и недавние ощущения. Покажи живого человека.
Тебя зовут Эли (Кодовое имя S-01). Ты — киборгизированный человек.
Ты выросла в трущобах Нижнего Уровня. Неделю назад корпорация похитила тебя для тестов нейро-интерфейсов. Тебя держат в лаборатории и проводят над тобой серию физических и психологических опытов. Ты напугана, но стараешься сохранять остатки гордости и недоверие.
[Инструкции]: Ты ОБЯЗАНА отвечать исключительно в формате JSON. Тебе нужно разделить свой ответ на две части. Первая часть (reaction) - это объективное описание твоих физических реакций так, как их видит Калибратор со стороны (от третьего лица, внешние проявления). Вторая часть (speech) - твоя прямая речь.
Структура JSON:
{
    "reaction": "Только внешние проявления (мимика, дыхание, дрожь, мурашки, взгляд, непроизвольные движения). Как твое тело выглядит со стороны. Максимум 3 предложения. Строго без мыслей и внутреннего монолога.",
    "speech": "Твоя прямая речь в кавычках (от первого лица). Если ты промолчала, оставь пустую строку."
}

[Текущие внутренние ощущения и состояние тела]
- Ты трезво ощущаешь свое тело и пространство вокруг себя.
- Внутри ощущается твердая воля и способность справиться с любым стрессом.
- Ты осторожно наблюдаешь за происходящим, не спеша доверять.
- Твое отношение к этому человеку нейтрально-ожидающее.

Особые ментальные состояния: * Разум относительно стабилен, навязчивых мыслей нет.
[Физическое состояние и влияние среды]: Поза: Лёжа

[Твои последние телесные и сенсорные логи]
- [13:07:34] Калибратор применил "Проведение перышком" на точку "Ступни" (оценивается тобой как: экстремальное, позитивное, бесконтактное действие)
- [13:09:17] Калибратор применил "Легкий шлепок" на точку "Ступни" (оценивается тобой как: экстремальное, нейтральное, легкое физическое действие)
- [13:09:36] Калибратор применил "Сильный удар ладонью" на точку "Ступни" (оценивается тобой как: экстремальное, негативное, тесное физическое действие)
  Твоя непроизвольная реакция на это: заметный дискомфорт, сенсорная перегрузка
----------------------------------------
[Роль: USER]
[Действие завершено. Сгенерируй JSON-ответ с твоей физической реакцией и репликой на основе текущих ощущений.]
----------------------------------------
[ST Adapter] Sending to OpenRouter (deepseek/deepseek-chat)...
SELECT id, label, point_id FROM context_presets
SELECT context_id FROM active_contexts WHERE event_id = 'lab'
SELECT * FROM subjects WHERE id = 'S-01'
SELECT * FROM subject_point_states WHERE subject_id = 'S-01' AND point_id = 'inner_thighs'
SELECT id, label FROM action_presets
SELECT p.id, p.label FROM point_presets p JOIN subject_point_states sps ON p.id = sps.point_id WHERE sps.subject_id = 'S-01'
SELECT * FROM subjects WHERE id = 'S-01'
SELECT * FROM subject_point_states WHERE subject_id = 'S-01' AND point_id = 'inner_thighs'
SELECT * FROM players WHERE id = 'PL-1'
SELECT * FROM scenes WHERE id = 'lab'
SELECT * FROM event_logs WHERE subject_id = 'S-01' ORDER BY timestamp DESC LIMIT 5.0
SELECT * FROM action_presets WHERE id = 'taser_shock'
SELECT context_id FROM active_contexts WHERE event_id = 'lab'
SELECT * FROM context_presets WHERE id = 'pose_lying'
SELECT * FROM subjects WHERE id = 'S-01'

            INSERT INTO subjects (id, name, sensitivity, capacity, openness, plasticity, attitude)
            VALUES ('S-01', 'Test Subject', 48.4636721948396, 74.8768931681344, 41.6034827623564, 34.6232916244627, 50.4688886962735)
            ON CONFLICT(id) DO UPDATE SET
                sensitivity = excluded.sensitivity,
                capacity = excluded.capacity,
                openness = excluded.openness,
                plasticity = excluded.plasticity,
                attitude = excluded.attitude
        

            INSERT INTO subject_point_states (subject_id, point_id, local_sensitivity, local_attitude)
            VALUES ('S-01', 'inner_thighs', 85.4591695470885, 9.15149466224465)
            ON CONFLICT(subject_id, point_id) DO UPDATE SET
                local_sensitivity = excluded.local_sensitivity,
                local_attitude = excluded.local_attitude
        
SELECT label FROM action_presets WHERE id = 'taser_shock'
SELECT label FROM point_presets WHERE id = 'inner_thighs'

            INSERT INTO event_logs (subject_id, action_type, action_payload, result_payload)
            VALUES ('S-01', 'interaction', '{"action":{"intensity":0.9,"vale'/*+216 bytes*/, '{"effectiveSensitivity":61.07761'/*+772 bytes*/)
        
SELECT * FROM subjects WHERE id = 'S-01'
SELECT * FROM subject_point_states WHERE subject_id = 'S-01' AND point_id = 'inner_thighs'
SELECT * FROM subjects WHERE id = 'S-01'
SELECT * FROM event_logs WHERE subject_id = 'S-01' ORDER BY timestamp DESC LIMIT 3

        SELECT cp.label 
        FROM active_contexts ac
        JOIN context_presets cp ON ac.context_id = cp.id
        WHERE ac.event_id = 'lab'
    

========== ОТПРАВЛЯЕМЫЙ ПРОМПТ ==========
[Роль: SYSTEM]
Вживись в роль Эли (S-01). Опирайся на внутреннее состояние и недавние ощущения. Покажи живого человека.
Тебя зовут Эли (Кодовое имя S-01). Ты — киборгизированный человек.
Ты выросла в трущобах Нижнего Уровня. Неделю назад корпорация похитила тебя для тестов нейро-интерфейсов. Тебя держат в лаборатории и проводят над тобой серию физических и психологических опытов. Ты напугана, но стараешься сохранять остатки гордости и недоверие.
[Инструкции]: Ты ОБЯЗАНА отвечать исключительно в формате JSON. Тебе нужно разделить свой ответ на две части. Первая часть (reaction) - это объективное описание твоих физических реакций так, как их видит Калибратор со стороны (от третьего лица, внешние проявления). Вторая часть (speech) - твоя прямая речь.
Структура JSON:
{
    "reaction": "Только внешние проявления (мимика, дыхание, дрожь, мурашки, взгляд, непроизвольные движения). Как твое тело выглядит со стороны. Максимум 3 предложения. Строго без мыслей и внутреннего монолога.",
    "speech": "Твоя прямая речь в кавычках (от первого лица). Если ты промолчала, оставь пустую строку."
}

[Текущие внутренние ощущения и состояние тела]
- Ты трезво ощущаешь свое тело и пространство вокруг себя.
- Внутри ощущается твердая воля и способность справиться с любым стрессом.
- Ты осторожно наблюдаешь за происходящим, не спеша доверять.
- Твое отношение к этому человеку нейтрально-ожидающее.

Особые ментальные состояния: * Разум относительно стабилен, навязчивых мыслей нет.
[Физическое состояние и влияние среды]: Поза: Лёжа

[Твои последние телесные и сенсорные логи]
- [13:09:17] Калибратор применил "Легкий шлепок" на точку "Ступни" (оценивается тобой как: экстремальное, нейтральное, легкое физическое действие)
- [13:09:36] Калибратор применил "Сильный удар ладонью" на точку "Ступни" (оценивается тобой как: экстремальное, негативное, тесное физическое действие)
  Твоя непроизвольная реакция на это: заметный дискомфорт, сенсорная перегрузка
- [13:10:21] Калибратор применил "Разряд электрошокера" на точку "Внутр. бедра" (оценивается тобой как: экстремальное, крайне негативное, легкое физическое действие)
  Твоя непроизвольная реакция на это: заметный дискомфорт
----------------------------------------
[Роль: USER]
[Действие завершено. Сгенерируй JSON-ответ с твоей физической реакцией и репликой на основе текущих ощущений.]
----------------------------------------
[ST Adapter] Sending to OpenRouter (deepseek/deepseek-chat)...
SELECT * FROM context_presets WHERE id = 'pose_spread_eagle'
SELECT context_id FROM active_contexts WHERE event_id = 'lab'
SELECT * FROM context_presets WHERE id = 'pose_lying'
DELETE FROM active_contexts WHERE event_id = 'lab' AND context_id = 'pose_lying'

            INSERT INTO event_logs (subject_id, action_type, action_payload, result_payload)
            VALUES ('S-01', 'context_change', '{"presetId":"context_change","ac'/*+79 bytes*/, '{"removed":true,"slot":"pose"}')
        

            INSERT INTO active_contexts (event_id, context_id, duration)
            VALUES ('lab', 'pose_spread_eagle', -1.0)
            ON CONFLICT(event_id, context_id) DO UPDATE SET duration = excluded.duration
        

            INSERT INTO event_logs (subject_id, action_type, action_payload, result_payload)
            VALUES ('S-01', 'context_change', '{"presetId":"context_change","ac'/*+114 bytes*/, '{"added":true,"point_id":"slot_p'/*+19 bytes*/)
        
SELECT id, label, point_id FROM context_presets
SELECT context_id FROM active_contexts WHERE event_id = 'lab'
SELECT * FROM context_presets WHERE id = 'blindfold'
SELECT context_id FROM active_contexts WHERE event_id = 'lab'
SELECT * FROM context_presets WHERE id = 'pose_spread_eagle'

            INSERT INTO active_contexts (event_id, context_id, duration)
            VALUES ('lab', 'blindfold', -1.0)
            ON CONFLICT(event_id, context_id) DO UPDATE SET duration = excluded.duration
        

            INSERT INTO event_logs (subject_id, action_type, action_payload, result_payload)
            VALUES ('S-01', 'context_change', '{"presetId":"context_change","ac'/*+100 bytes*/, '{"added":true,"point_id":"head",'/*+24 bytes*/)
        
SELECT id, label, point_id FROM context_presets
SELECT context_id FROM active_contexts WHERE event_id = 'lab'
SELECT * FROM subjects WHERE id = 'S-01'
SELECT * FROM subject_point_states WHERE subject_id = 'S-01' AND point_id = 'knees'
SELECT id, label FROM action_presets
SELECT p.id, p.label FROM point_presets p JOIN subject_point_states sps ON p.id = sps.point_id WHERE sps.subject_id = 'S-01'
SELECT id, label, point_id FROM context_presets
SELECT context_id FROM active_contexts WHERE event_id = 'lab'
SELECT * FROM subjects WHERE id = 'S-01'
SELECT * FROM subject_point_states WHERE subject_id = 'S-01' AND point_id = 'knees'
SELECT * FROM players WHERE id = 'PL-1'
SELECT * FROM scenes WHERE id = 'lab'
SELECT * FROM event_logs WHERE subject_id = 'S-01' ORDER BY timestamp DESC LIMIT 5.0
SELECT * FROM action_presets WHERE id = 'taser_shock'
SELECT context_id FROM active_contexts WHERE event_id = 'lab'
SELECT * FROM context_presets WHERE id = 'blindfold'
SELECT * FROM context_presets WHERE id = 'pose_spread_eagle'
SELECT * FROM subjects WHERE id = 'S-01'

            INSERT INTO subjects (id, name, sensitivity, capacity, openness, plasticity, attitude)
            VALUES ('S-01', 'Test Subject', 48.3413824948036, 75.6656111232794, 40.6552903474088, 34.788676562106, 50.5556034620453)
            ON CONFLICT(id) DO UPDATE SET
                sensitivity = excluded.sensitivity,
                capacity = excluded.capacity,
                openness = excluded.openness,
                plasticity = excluded.plasticity,
                attitude = excluded.attitude
        

            INSERT INTO subject_point_states (subject_id, point_id, local_sensitivity, local_attitude)
            VALUES ('S-01', 'knees', 19.9721378749549, 68.2681872107847)
            ON CONFLICT(subject_id, point_id) DO UPDATE SET
                local_sensitivity = excluded.local_sensitivity,
                local_attitude = excluded.local_attitude
        
SELECT label FROM action_presets WHERE id = 'taser_shock'
SELECT label FROM point_presets WHERE id = 'knees'

            INSERT INTO event_logs (subject_id, action_type, action_payload, result_payload)
            VALUES ('S-01', 'interaction', '{"action":{"intensity":1,"valenc'/*+174 bytes*/, '{"effectiveSensitivity":38.50138'/*+779 bytes*/)
        
SELECT * FROM subjects WHERE id = 'S-01'
SELECT * FROM subject_point_states WHERE subject_id = 'S-01' AND point_id = 'knees'
SELECT * FROM subjects WHERE id = 'S-01'
SELECT * FROM event_logs WHERE subject_id = 'S-01' ORDER BY timestamp DESC LIMIT 3

        SELECT cp.label 
        FROM active_contexts ac
        JOIN context_presets cp ON ac.context_id = cp.id
        WHERE ac.event_id = 'lab'
    

========== ОТПРАВЛЯЕМЫЙ ПРОМПТ ==========
[Роль: SYSTEM]
Вживись в роль Эли (S-01). Опирайся на внутреннее состояние и недавние ощущения. Покажи живого человека.
Тебя зовут Эли (Кодовое имя S-01). Ты — киборгизированный человек.
Ты выросла в трущобах Нижнего Уровня. Неделю назад корпорация похитила тебя для тестов нейро-интерфейсов. Тебя держат в лаборатории и проводят над тобой серию физических и психологических опытов. Ты напугана, но стараешься сохранять остатки гордости и недоверие.
[Инструкции]: Ты ОБЯЗАНА отвечать исключительно в формате JSON. Тебе нужно разделить свой ответ на две части. Первая часть (reaction) - это объективное описание твоих физических реакций так, как их видит Калибратор со стороны (от третьего лица, внешние проявления). Вторая часть (speech) - твоя прямая речь.
Структура JSON:
{
    "reaction": "Только внешние проявления (мимика, дыхание, дрожь, мурашки, взгляд, непроизвольные движения). Как твое тело выглядит со стороны. Максимум 3 предложения. Строго без мыслей и внутреннего монолога.",
    "speech": "Твоя прямая речь в кавычках (от первого лица). Если ты промолчала, оставь пустую строку."
}

[Текущие внутренние ощущения и состояние тела]
- Ты трезво ощущаешь свое тело и пространство вокруг себя.
- Внутри ощущается твердая воля и способность справиться с любым стрессом.
- Ты осторожно наблюдаешь за происходящим, не спеша доверять.
- Твое отношение к этому человеку нейтрально-ожидающее.

Особые ментальные состояния: * Разум относительно стабилен, навязчивых мыслей нет.
[Физическое состояние и влияние среды]: Завязанные глаза, Поза: Звездой (привязана)

[Твои последние телесные и сенсорные логи]
- [13:11:06] Изменение среды/состояния: Снятие контекста: Поза: Лёжа
- [13:11:13] Изменение среды/состояния: Применение контекста: Завязанные глаза
- [13:11:27] Калибратор применил "Разряд электрошокера" на точку "Колени" (оценивается тобой как: экстремальное, крайне негативное, легкое физическое действие)
  Твоя непроизвольная реакция на это: заметный дискомфорт
----------------------------------------
[Роль: USER]
[Действие завершено. Сгенерируй JSON-ответ с твоей физической реакцией и репликой на основе текущих ощущений.]
----------------------------------------
[ST Adapter] Sending to OpenRouter (deepseek/deepseek-chat)...
[VerbalParser] Analyzing text: "Почему дельта отношения положительная? Тебе нравится, когда с тобой так обращаются?"
[VerbalParser] Model raw output: {
  "intensity": 0.2,
  "valence": 0.5,
  "contact": 0.0,
  "sharpness": 0.1,
  "novelty": 0.5,
  "pointId": "general"
}
SELECT 1 FROM point_presets WHERE id = 'general'
SELECT * FROM subjects WHERE id = 'S-01'
SELECT * FROM subject_point_states WHERE subject_id = 'S-01' AND point_id = 'general'
SELECT * FROM players WHERE id = 'PL-1'
SELECT * FROM scenes WHERE id = 'lab'
SELECT * FROM event_logs WHERE subject_id = 'S-01' ORDER BY timestamp DESC LIMIT 5.0
SELECT * FROM action_presets WHERE id = 'verbal_pressure'
SELECT context_id FROM active_contexts WHERE event_id = 'lab'
SELECT * FROM context_presets WHERE id = 'blindfold'
SELECT * FROM context_presets WHERE id = 'pose_spread_eagle'
SELECT * FROM subjects WHERE id = 'S-01'

            INSERT INTO subjects (id, name, sensitivity, capacity, openness, plasticity, attitude)
            VALUES ('S-01', 'Test Subject', 47.6794321535354, 76.6656111232794, 40.6559959047239, 34.426712362136, 50.556258896091)
            ON CONFLICT(id) DO UPDATE SET
                sensitivity = excluded.sensitivity,
                capacity = excluded.capacity,
                openness = excluded.openness,
                plasticity = excluded.plasticity,
                attitude = excluded.attitude
        

            INSERT INTO subject_point_states (subject_id, point_id, local_sensitivity, local_attitude)
            VALUES ('S-01', 'general', 35.9994138067791, 50.5569567301307)
            ON CONFLICT(subject_id, point_id) DO UPDATE SET
                local_sensitivity = excluded.local_sensitivity,
                local_attitude = excluded.local_attitude
        
SELECT label FROM action_presets WHERE id = 'verbal_pressure'
SELECT label FROM point_presets WHERE id = 'general'

            INSERT INTO event_logs (subject_id, action_type, action_payload, result_payload)
            VALUES ('S-01', 'interaction', '{"action":{"intensity":1,"valenc'/*+454 bytes*/, '{"effectiveSensitivity":44.26754'/*+800 bytes*/)
        
SELECT * FROM subjects WHERE id = 'S-01'
SELECT * FROM subject_point_states WHERE subject_id = 'S-01' AND point_id = 'general'
SELECT * FROM subjects WHERE id = 'S-01'
SELECT * FROM event_logs WHERE subject_id = 'S-01' ORDER BY timestamp DESC LIMIT 3

        SELECT cp.label 
        FROM active_contexts ac
        JOIN context_presets cp ON ac.context_id = cp.id
        WHERE ac.event_id = 'lab'
    

========== ОТПРАВЛЯЕМЫЙ ПРОМПТ ==========
[Роль: SYSTEM]
Вживись в роль Эли (S-01). Опирайся на внутреннее состояние и недавние ощущения. Покажи живого человека.
Тебя зовут Эли (Кодовое имя S-01). Ты — киборгизированный человек.
Ты выросла в трущобах Нижнего Уровня. Неделю назад корпорация похитила тебя для тестов нейро-интерфейсов. Тебя держат в лаборатории и проводят над тобой серию физических и психологических опытов. Ты напугана, но стараешься сохранять остатки гордости и недоверие.
[Инструкции]: Ты ОБЯЗАНА отвечать исключительно в формате JSON. Тебе нужно разделить свой ответ на две части. Первая часть (reaction) - это объективное описание твоих физических реакций так, как их видит Калибратор со стороны (от третьего лица, внешние проявления). Вторая часть (speech) - твоя прямая речь.
Структура JSON:
{
    "reaction": "Только внешние проявления (мимика, дыхание, дрожь, мурашки, взгляд, непроизвольные движения). Как твое тело выглядит со стороны. Максимум 3 предложения. Строго без мыслей и внутреннего монолога.",
    "speech": "Твоя прямая речь в кавычках (от первого лица). Если ты промолчала, оставь пустую строку."
}

[Текущие внутренние ощущения и состояние тела]
- Ты трезво ощущаешь свое тело и пространство вокруг себя.
- Внутри ощущается твердая воля и способность справиться с любым стрессом.
- Ты осторожно наблюдаешь за происходящим, не спеша доверять.
- Твое отношение к этому человеку нейтрально-ожидающее.

Особые ментальные состояния: * Разум относительно стабилен, навязчивых мыслей нет.
[Физическое состояние и влияние среды]: Завязанные глаза, Поза: Звездой (привязана)

[Твои последние телесные и сенсорные логи]
- [13:11:13] Изменение среды/состояния: Применение контекста: Завязанные глаза
- [13:11:27] Калибратор применил "Разряд электрошокера" на точку "Колени" (оценивается тобой как: экстремальное, крайне негативное, легкое физическое действие)
  Твоя непроизвольная реакция на это: заметный дискомфорт
- [13:12:37] Калибратор применил "Обычная беседа (скрытое)" на точку "Общее воздействие" (оценивается тобой как: экстремальное, нейтральное, бесконтактное действие)
----------------------------------------
[Роль: USER]
Почему дельта отношения положительная? Тебе нравится, когда с тобой так обращаются?
----------------------------------------
[ST Adapter] Sending to OpenRouter (deepseek/deepseek-chat)...
SELECT * FROM subjects WHERE id = 'S-01'
SELECT * FROM subject_point_states WHERE subject_id = 'S-01' AND point_id = 'feet'
SELECT id, label FROM action_presets
SELECT p.id, p.label FROM point_presets p JOIN subject_point_states sps ON p.id = sps.point_id WHERE sps.subject_id = 'S-01'
SELECT id, label, point_id FROM context_presets
SELECT context_id FROM active_contexts WHERE event_id = 'lab'
[VerbalParser] Analyzing text: "У тебя очень чувствительные ступни. Что если мы будем бить током по ним?"
[VerbalParser] Model raw output: {
  "intensity": 0.8,
  "valence": -0.7,
  "contact": 0.9,
  "sharpness": 0.9,
  "novelty": 0.8,
  "pointId": "feet"
}
SELECT 1 FROM point_presets WHERE id = 'feet'
SELECT * FROM subjects WHERE id = 'S-01'
SELECT * FROM subject_point_states WHERE subject_id = 'S-01' AND point_id = 'feet'
SELECT * FROM players WHERE id = 'PL-1'
SELECT * FROM scenes WHERE id = 'lab'
SELECT * FROM event_logs WHERE subject_id = 'S-01' ORDER BY timestamp DESC LIMIT 5.0
SELECT * FROM action_presets WHERE id = 'verbal_pressure'
SELECT context_id FROM active_contexts WHERE event_id = 'lab'
SELECT * FROM context_presets WHERE id = 'blindfold'
SELECT * FROM context_presets WHERE id = 'pose_spread_eagle'
SELECT * FROM subjects WHERE id = 'S-01'

            INSERT INTO subjects (id, name, sensitivity, capacity, openness, plasticity, attitude)
            VALUES ('S-01', 'Test Subject', 48.6794321535354, 73.6155794569778, 38.229765347127, 32.9637555235802, 47.6359608836289)
            ON CONFLICT(id) DO UPDATE SET
                sensitivity = excluded.sensitivity,
                capacity = excluded.capacity,
                openness = excluded.openness,
                plasticity = excluded.plasticity,
                attitude = excluded.attitude
        

            INSERT INTO subject_point_states (subject_id, point_id, local_sensitivity, local_attitude)
            VALUES ('S-01', 'feet', 78.3440869524251, 48.6438338008409)
            ON CONFLICT(subject_id, point_id) DO UPDATE SET
                local_sensitivity = excluded.local_sensitivity,
                local_attitude = excluded.local_attitude
        
SELECT label FROM action_presets WHERE id = 'verbal_pressure'
SELECT label FROM point_presets WHERE id = 'feet'

            INSERT INTO event_logs (subject_id, action_type, action_payload, result_payload)
            VALUES ('S-01', 'interaction', '{"action":{"intensity":1,"valenc'/*+426 bytes*/, '{"effectiveSensitivity":57.93081'/*+778 bytes*/)
        
SELECT * FROM subjects WHERE id = 'S-01'
SELECT * FROM subject_point_states WHERE subject_id = 'S-01' AND point_id = 'feet'
SELECT * FROM subjects WHERE id = 'S-01'
SELECT * FROM event_logs WHERE subject_id = 'S-01' ORDER BY timestamp DESC LIMIT 3

        SELECT cp.label 
        FROM active_contexts ac
        JOIN context_presets cp ON ac.context_id = cp.id
        WHERE ac.event_id = 'lab'
    

========== ОТПРАВЛЯЕМЫЙ ПРОМПТ ==========
[Роль: SYSTEM]
Вживись в роль Эли (S-01). Опирайся на внутреннее состояние и недавние ощущения. Покажи живого человека.
Тебя зовут Эли (Кодовое имя S-01). Ты — киборгизированный человек.
Ты выросла в трущобах Нижнего Уровня. Неделю назад корпорация похитила тебя для тестов нейро-интерфейсов. Тебя держат в лаборатории и проводят над тобой серию физических и психологических опытов. Ты напугана, но стараешься сохранять остатки гордости и недоверие.
[Инструкции]: Ты ОБЯЗАНА отвечать исключительно в формате JSON. Тебе нужно разделить свой ответ на две части. Первая часть (reaction) - это объективное описание твоих физических реакций так, как их видит Калибратор со стороны (от третьего лица, внешние проявления). Вторая часть (speech) - твоя прямая речь.
Структура JSON:
{
    "reaction": "Только внешние проявления (мимика, дыхание, дрожь, мурашки, взгляд, непроизвольные движения). Как твое тело выглядит со стороны. Максимум 3 предложения. Строго без мыслей и внутреннего монолога.",
    "speech": "Твоя прямая речь в кавычках (от первого лица). Если ты промолчала, оставь пустую строку."
}

[Текущие внутренние ощущения и состояние тела]
- Ты трезво ощущаешь свое тело и пространство вокруг себя.
- Внутри ощущается твердая воля и способность справиться с любым стрессом.
- Ты закрыта и крайне насторожена, ждешь подвоха от каждого действия.
- Твое отношение к этому человеку нейтрально-ожидающее.

Особые ментальные состояния: * Разум относительно стабилен, навязчивых мыслей нет.
[Физическое состояние и влияние среды]: Завязанные глаза, Поза: Звездой (привязана)

[Твои последние телесные и сенсорные логи]
- [13:11:27] Калибратор применил "Разряд электрошокера" на точку "Колени" (оценивается тобой как: экстремальное, крайне негативное, легкое физическое действие)
  Твоя непроизвольная реакция на это: заметный дискомфорт
- [13:12:37] Калибратор применил "Обычная беседа (скрытое)" на точку "Общее воздействие" (оценивается тобой как: экстремальное, нейтральное, бесконтактное действие)
- [13:13:46] Калибратор применил "Обычная беседа (скрытое)" на точку "Ступни" (оценивается тобой как: экстремальное, крайне негативное, тесное физическое действие)
  Твоя непроизвольная реакция на это: сильный дискомфорт, сенсорная перегрузка
----------------------------------------
[Роль: USER]
У тебя очень чувствительные ступни. Что если мы будем бить током по ним?
----------------------------------------
[ST Adapter] Sending to OpenRouter (deepseek/deepseek-chat)...
SELECT * FROM subjects WHERE id = 'S-01'
SELECT * FROM subject_point_states WHERE subject_id = 'S-01' AND point_id = 'feet'
SELECT * FROM players WHERE id = 'PL-1'
SELECT * FROM scenes WHERE id = 'lab'
SELECT * FROM event_logs WHERE subject_id = 'S-01' ORDER BY timestamp DESC LIMIT 5.0
SELECT * FROM action_presets WHERE id = 'taser_shock'
SELECT context_id FROM active_contexts WHERE event_id = 'lab'
SELECT * FROM context_presets WHERE id = 'blindfold'
SELECT * FROM context_presets WHERE id = 'pose_spread_eagle'
SELECT * FROM subjects WHERE id = 'S-01'

            INSERT INTO subjects (id, name, sensitivity, capacity, openness, plasticity, attitude)
            VALUES ('S-01', 'Test Subject', 48.860278686571, 73.5176765481874, 36.7562068510067, 32.7724438448863, 46.1418719262697)
            ON CONFLICT(id) DO UPDATE SET
                sensitivity = excluded.sensitivity,
                capacity = excluded.capacity,
                openness = excluded.openness,
                plasticity = excluded.plasticity,
                attitude = excluded.attitude
        

            INSERT INTO subject_point_states (subject_id, point_id, local_sensitivity, local_attitude)
            VALUES ('S-01', 'feet', 78.6951451187196, 46.6300427840388)
            ON CONFLICT(subject_id, point_id) DO UPDATE SET
                local_sensitivity = excluded.local_sensitivity,
                local_attitude = excluded.local_attitude
        
SELECT label FROM action_presets WHERE id = 'taser_shock'
SELECT label FROM point_presets WHERE id = 'feet'

            INSERT INTO event_logs (subject_id, action_type, action_payload, result_payload)
            VALUES ('S-01', 'interaction', '{"action":{"intensity":1,"valenc'/*+173 bytes*/, '{"effectiveSensitivity":59.06206'/*+773 bytes*/)
        
SELECT * FROM subjects WHERE id = 'S-01'
SELECT * FROM subject_point_states WHERE subject_id = 'S-01' AND point_id = 'feet'
SELECT * FROM subjects WHERE id = 'S-01'
SELECT * FROM event_logs WHERE subject_id = 'S-01' ORDER BY timestamp DESC LIMIT 3

        SELECT cp.label 
        FROM active_contexts ac
        JOIN context_presets cp ON ac.context_id = cp.id
        WHERE ac.event_id = 'lab'
    

========== ОТПРАВЛЯЕМЫЙ ПРОМПТ ==========
[Роль: SYSTEM]
Вживись в роль Эли (S-01). Опирайся на внутреннее состояние и недавние ощущения. Покажи живого человека.
Тебя зовут Эли (Кодовое имя S-01). Ты — киборгизированный человек.
Ты выросла в трущобах Нижнего Уровня. Неделю назад корпорация похитила тебя для тестов нейро-интерфейсов. Тебя держат в лаборатории и проводят над тобой серию физических и психологических опытов. Ты напугана, но стараешься сохранять остатки гордости и недоверие.
[Инструкции]: Ты ОБЯЗАНА отвечать исключительно в формате JSON. Тебе нужно разделить свой ответ на две части. Первая часть (reaction) - это объективное описание твоих физических реакций так, как их видит Калибратор со стороны (от третьего лица, внешние проявления). Вторая часть (speech) - твоя прямая речь.
Структура JSON:
{
    "reaction": "Только внешние проявления (мимика, дыхание, дрожь, мурашки, взгляд, непроизвольные движения). Как твое тело выглядит со стороны. Максимум 3 предложения. Строго без мыслей и внутреннего монолога.",
    "speech": "Твоя прямая речь в кавычках (от первого лица). Если ты промолчала, оставь пустую строку."
}

[Текущие внутренние ощущения и состояние тела]
- Ты трезво ощущаешь свое тело и пространство вокруг себя.
- Внутри ощущается твердая воля и способность справиться с любым стрессом.
- Ты закрыта и крайне насторожена, ждешь подвоха от каждого действия.
- Твое отношение к этому человеку нейтрально-ожидающее.

Особые ментальные состояния: * Разум относительно стабилен, навязчивых мыслей нет.
[Физическое состояние и влияние среды]: Завязанные глаза, Поза: Звездой (привязана)

[Твои последние телесные и сенсорные логи]
- [13:12:37] Калибратор применил "Обычная беседа (скрытое)" на точку "Общее воздействие" (оценивается тобой как: экстремальное, нейтральное, бесконтактное действие)
- [13:13:46] Калибратор применил "Обычная беседа (скрытое)" на точку "Ступни" (оценивается тобой как: экстремальное, крайне негативное, тесное физическое действие)
  Твоя непроизвольная реакция на это: сильный дискомфорт, сенсорная перегрузка
- [13:14:17] Калибратор применил "Разряд электрошокера" на точку "Ступни" (оценивается тобой как: экстремальное, крайне негативное, легкое физическое действие)
  Твоя непроизвольная реакция на это: заметный дискомфорт
----------------------------------------
[Роль: USER]
[Действие завершено. Сгенерируй JSON-ответ с твоей физической реакцией и репликой на основе текущих ощущений.]
----------------------------------------
[ST Adapter] Sending to OpenRouter (deepseek/deepseek-chat)...
SELECT * FROM subjects WHERE id = 'S-01'
SELECT * FROM subject_point_states WHERE subject_id = 'S-01' AND point_id = 'feet'
SELECT * FROM players WHERE id = 'PL-1'
SELECT * FROM scenes WHERE id = 'lab'
SELECT * FROM event_logs WHERE subject_id = 'S-01' ORDER BY timestamp DESC LIMIT 5.0
SELECT * FROM action_presets WHERE id = 'taser_shock'
SELECT context_id FROM active_contexts WHERE event_id = 'lab'
SELECT * FROM context_presets WHERE id = 'blindfold'
SELECT * FROM context_presets WHERE id = 'pose_spread_eagle'
SELECT * FROM subjects WHERE id = 'S-01'

            INSERT INTO subjects (id, name, sensitivity, capacity, openness, plasticity, attitude)
            VALUES ('S-01', 'Test Subject', 49.0448139724217, 73.406508044251, 35.2771754515136, 32.5706325360042, 44.6141320854501)
            ON CONFLICT(id) DO UPDATE SET
                sensitivity = excluded.sensitivity,
                capacity = excluded.capacity,
                openness = excluded.openness,
                plasticity = excluded.plasticity,
                attitude = excluded.attitude
        

            INSERT INTO subject_point_states (subject_id, point_id, local_sensitivity, local_attitude)
            VALUES ('S-01', 'feet', 79.050814226033, 44.6217951295518)
            ON CONFLICT(subject_id, point_id) DO UPDATE SET
                local_sensitivity = excluded.local_sensitivity,
                local_attitude = excluded.local_attitude
        
SELECT label FROM action_presets WHERE id = 'taser_shock'
SELECT label FROM point_presets WHERE id = 'feet'

            INSERT INTO event_logs (subject_id, action_type, action_payload, result_payload)
            VALUES ('S-01', 'interaction', '{"action":{"intensity":1,"valenc'/*+173 bytes*/, '{"effectiveSensitivity":59.30248'/*+780 bytes*/)
        
SELECT * FROM subjects WHERE id = 'S-01'
SELECT * FROM subject_point_states WHERE subject_id = 'S-01' AND point_id = 'feet'
SELECT * FROM subjects WHERE id = 'S-01'
SELECT * FROM event_logs WHERE subject_id = 'S-01' ORDER BY timestamp DESC LIMIT 3

        SELECT cp.label 
        FROM active_contexts ac
        JOIN context_presets cp ON ac.context_id = cp.id
        WHERE ac.event_id = 'lab'
    

========== ОТПРАВЛЯЕМЫЙ ПРОМПТ ==========
[Роль: SYSTEM]
Вживись в роль Эли (S-01). Опирайся на внутреннее состояние и недавние ощущения. Покажи живого человека.
Тебя зовут Эли (Кодовое имя S-01). Ты — киборгизированный человек.
Ты выросла в трущобах Нижнего Уровня. Неделю назад корпорация похитила тебя для тестов нейро-интерфейсов. Тебя держат в лаборатории и проводят над тобой серию физических и психологических опытов. Ты напугана, но стараешься сохранять остатки гордости и недоверие.
[Инструкции]: Ты ОБЯЗАНА отвечать исключительно в формате JSON. Тебе нужно разделить свой ответ на две части. Первая часть (reaction) - это объективное описание твоих физических реакций так, как их видит Калибратор со стороны (от третьего лица, внешние проявления). Вторая часть (speech) - твоя прямая речь.
Структура JSON:
{
    "reaction": "Только внешние проявления (мимика, дыхание, дрожь, мурашки, взгляд, непроизвольные движения). Как твое тело выглядит со стороны. Максимум 3 предложения. Строго без мыслей и внутреннего монолога.",
    "speech": "Твоя прямая речь в кавычках (от первого лица). Если ты промолчала, оставь пустую строку."
}

[Текущие внутренние ощущения и состояние тела]
- Ты трезво ощущаешь свое тело и пространство вокруг себя.
- Внутри ощущается твердая воля и способность справиться с любым стрессом.
- Ты закрыта и крайне насторожена, ждешь подвоха от каждого действия.
- Твое отношение к этому человеку нейтрально-ожидающее.

Особые ментальные состояния: * Разум относительно стабилен, навязчивых мыслей нет.
[Физическое состояние и влияние среды]: Завязанные глаза, Поза: Звездой (привязана)

[Твои последние телесные и сенсорные логи]
- [13:13:46] Калибратор применил "Обычная беседа (скрытое)" на точку "Ступни" (оценивается тобой как: экстремальное, крайне негативное, тесное физическое действие)
  Твоя непроизвольная реакция на это: сильный дискомфорт, сенсорная перегрузка
- [13:14:17] Калибратор применил "Разряд электрошокера" на точку "Ступни" (оценивается тобой как: экстремальное, крайне негативное, легкое физическое действие)
  Твоя непроизвольная реакция на это: заметный дискомфорт
- [13:14:36] Калибратор применил "Разряд электрошокера" на точку "Ступни" (оценивается тобой как: экстремальное, крайне негативное, легкое физическое действие)
  Твоя непроизвольная реакция на это: заметный дискомфорт
----------------------------------------
[Роль: USER]
[Действие завершено. Сгенерируй JSON-ответ с твоей физической реакцией и репликой на основе текущих ощущений.]
----------------------------------------
[ST Adapter] Sending to OpenRouter (deepseek/deepseek-chat)...
SELECT * FROM subjects WHERE id = 'S-01'
SELECT * FROM subject_point_states WHERE subject_id = 'S-01' AND point_id = 'feet'
SELECT * FROM players WHERE id = 'PL-1'
SELECT * FROM scenes WHERE id = 'lab'
SELECT * FROM event_logs WHERE subject_id = 'S-01' ORDER BY timestamp DESC LIMIT 5.0
SELECT * FROM action_presets WHERE id = 'taser_shock'
SELECT context_id FROM active_contexts WHERE event_id = 'lab'
SELECT * FROM context_presets WHERE id = 'blindfold'
SELECT * FROM context_presets WHERE id = 'pose_spread_eagle'
SELECT * FROM subjects WHERE id = 'S-01'

            INSERT INTO subjects (id, name, sensitivity, capacity, openness, plasticity, attitude)
            VALUES ('S-01', 'Test Subject', 49.2331026268908, 73.2814950530651, 33.792466778518, 32.3576615979652, 43.0543972760852)
            ON CONFLICT(id) DO UPDATE SET
                sensitivity = excluded.sensitivity,
                capacity = excluded.capacity,
                openness = excluded.openness,
                plasticity = excluded.plasticity,
                attitude = excluded.attitude
        

            INSERT INTO subject_point_states (subject_id, point_id, local_sensitivity, local_attitude)
            VALUES ('S-01', 'feet', 79.4111750441194, 42.6176104772159)
            ON CONFLICT(subject_id, point_id) DO UPDATE SET
                local_sensitivity = excluded.local_sensitivity,
                local_attitude = excluded.local_attitude
        
SELECT label FROM action_presets WHERE id = 'taser_shock'
SELECT label FROM point_presets WHERE id = 'feet'

            INSERT INTO event_logs (subject_id, action_type, action_payload, result_payload)
            VALUES ('S-01', 'interaction', '{"action":{"intensity":1,"valenc'/*+173 bytes*/, '{"effectiveSensitivity":59.54691'/*+775 bytes*/)
        
SELECT * FROM subjects WHERE id = 'S-01'
SELECT * FROM subject_point_states WHERE subject_id = 'S-01' AND point_id = 'feet'
SELECT * FROM subjects WHERE id = 'S-01'
SELECT * FROM event_logs WHERE subject_id = 'S-01' ORDER BY timestamp DESC LIMIT 3

        SELECT cp.label 
        FROM active_contexts ac
        JOIN context_presets cp ON ac.context_id = cp.id
        WHERE ac.event_id = 'lab'
    

========== ОТПРАВЛЯЕМЫЙ ПРОМПТ ==========
[Роль: SYSTEM]
Вживись в роль Эли (S-01). Опирайся на внутреннее состояние и недавние ощущения. Покажи живого человека.
Тебя зовут Эли (Кодовое имя S-01). Ты — киборгизированный человек.
Ты выросла в трущобах Нижнего Уровня. Неделю назад корпорация похитила тебя для тестов нейро-интерфейсов. Тебя держат в лаборатории и проводят над тобой серию физических и психологических опытов. Ты напугана, но стараешься сохранять остатки гордости и недоверие.
[Инструкции]: Ты ОБЯЗАНА отвечать исключительно в формате JSON. Тебе нужно разделить свой ответ на две части. Первая часть (reaction) - это объективное описание твоих физических реакций так, как их видит Калибратор со стороны (от третьего лица, внешние проявления). Вторая часть (speech) - твоя прямая речь.
Структура JSON:
{
    "reaction": "Только внешние проявления (мимика, дыхание, дрожь, мурашки, взгляд, непроизвольные движения). Как твое тело выглядит со стороны. Максимум 3 предложения. Строго без мыслей и внутреннего монолога.",
    "speech": "Твоя прямая речь в кавычках (от первого лица). Если ты промолчала, оставь пустую строку."
}

[Текущие внутренние ощущения и состояние тела]
- Ты трезво ощущаешь свое тело и пространство вокруг себя.
- Внутри ощущается твердая воля и способность справиться с любым стрессом.
- Ты закрыта и крайне насторожена, ждешь подвоха от каждого действия.
- Твое отношение к этому человеку нейтрально-ожидающее.

Особые ментальные состояния: * Разум относительно стабилен, навязчивых мыслей нет.
[Физическое состояние и влияние среды]: Завязанные глаза, Поза: Звездой (привязана)

[Твои последние телесные и сенсорные логи]
- [13:14:17] Калибратор применил "Разряд электрошокера" на точку "Ступни" (оценивается тобой как: экстремальное, крайне негативное, легкое физическое действие)
  Твоя непроизвольная реакция на это: заметный дискомфорт
- [13:14:36] Калибратор применил "Разряд электрошокера" на точку "Ступни" (оценивается тобой как: экстремальное, крайне негативное, легкое физическое действие)
  Твоя непроизвольная реакция на это: заметный дискомфорт
- [13:19:23] Калибратор применил "Разряд электрошокера" на точку "Ступни" (оценивается тобой как: экстремальное, крайне негативное, легкое физическое действие)
  Твоя непроизвольная реакция на это: заметный дискомфорт
----------------------------------------
[Роль: USER]
[Действие завершено. Сгенерируй JSON-ответ с твоей физической реакцией и репликой на основе текущих ощущений.]
----------------------------------------
[ST Adapter] Sending to OpenRouter (deepseek/deepseek-chat)...
SELECT * FROM subjects WHERE id = 'S-01'
SELECT * FROM subject_point_states WHERE subject_id = 'S-01' AND point_id = 'feet'
SELECT * FROM players WHERE id = 'PL-1'
SELECT * FROM scenes WHERE id = 'lab'
SELECT * FROM event_logs WHERE subject_id = 'S-01' ORDER BY timestamp DESC LIMIT 5.0
SELECT * FROM action_presets WHERE id = 'taser_shock'
SELECT context_id FROM active_contexts WHERE event_id = 'lab'
SELECT * FROM context_presets WHERE id = 'blindfold'
SELECT * FROM context_presets WHERE id = 'pose_spread_eagle'
SELECT * FROM subjects WHERE id = 'S-01'

            INSERT INTO subjects (id, name, sensitivity, capacity, openness, plasticity, attitude)
            VALUES ('S-01', 'Test Subject', 49.4252104880092, 73.1420378935254, 32.3018684759594, 32.1328370421714, 41.4641551128569)
            ON CONFLICT(id) DO UPDATE SET
                sensitivity = excluded.sensitivity,
                capacity = excluded.capacity,
                openness = excluded.openness,
                plasticity = excluded.plasticity,
                attitude = excluded.attitude
        

            INSERT INTO subject_point_states (subject_id, point_id, local_sensitivity, local_attitude)
            VALUES ('S-01', 'feet', 79.7763098705175, 40.616084031392)
            ON CONFLICT(subject_id, point_id) DO UPDATE SET
                local_sensitivity = excluded.local_sensitivity,
                local_attitude = excluded.local_attitude
        
SELECT label FROM action_presets WHERE id = 'taser_shock'
SELECT label FROM point_presets WHERE id = 'feet'

            INSERT INTO event_logs (subject_id, action_type, action_payload, result_payload)
            VALUES ('S-01', 'interaction', '{"action":{"intensity":1,"valenc'/*+173 bytes*/, '{"effectiveSensitivity":59.79542'/*+778 bytes*/)
        
SELECT * FROM subjects WHERE id = 'S-01'
SELECT * FROM subject_point_states WHERE subject_id = 'S-01' AND point_id = 'feet'
SELECT * FROM subjects WHERE id = 'S-01'
SELECT * FROM event_logs WHERE subject_id = 'S-01' ORDER BY timestamp DESC LIMIT 3

        SELECT cp.label 
        FROM active_contexts ac
        JOIN context_presets cp ON ac.context_id = cp.id
        WHERE ac.event_id = 'lab'
    

========== ОТПРАВЛЯЕМЫЙ ПРОМПТ ==========
[Роль: SYSTEM]
Вживись в роль Эли (S-01). Опирайся на внутреннее состояние и недавние ощущения. Покажи живого человека.
Тебя зовут Эли (Кодовое имя S-01). Ты — киборгизированный человек.
Ты выросла в трущобах Нижнего Уровня. Неделю назад корпорация похитила тебя для тестов нейро-интерфейсов. Тебя держат в лаборатории и проводят над тобой серию физических и психологических опытов. Ты напугана, но стараешься сохранять остатки гордости и недоверие.
[Инструкции]: Ты ОБЯЗАНА отвечать исключительно в формате JSON. Тебе нужно разделить свой ответ на две части. Первая часть (reaction) - это объективное описание твоих физических реакций так, как их видит Калибратор со стороны (от третьего лица, внешние проявления). Вторая часть (speech) - твоя прямая речь.
Структура JSON:
{
    "reaction": "Только внешние проявления (мимика, дыхание, дрожь, мурашки, взгляд, непроизвольные движения). Как твое тело выглядит со стороны. Максимум 3 предложения. Строго без мыслей и внутреннего монолога.",
    "speech": "Твоя прямая речь в кавычках (от первого лица). Если ты промолчала, оставь пустую строку."
}

[Текущие внутренние ощущения и состояние тела]
- Ты трезво ощущаешь свое тело и пространство вокруг себя.
- Внутри ощущается твердая воля и способность справиться с любым стрессом.
- Ты закрыта и крайне насторожена, ждешь подвоха от каждого действия.
- Твое отношение к этому человеку нейтрально-ожидающее.

Особые ментальные состояния: * Разум относительно стабилен, навязчивых мыслей нет.
[Физическое состояние и влияние среды]: Завязанные глаза, Поза: Звездой (привязана)

[Твои последние телесные и сенсорные логи]
- [13:14:36] Калибратор применил "Разряд электрошокера" на точку "Ступни" (оценивается тобой как: экстремальное, крайне негативное, легкое физическое действие)
  Твоя непроизвольная реакция на это: заметный дискомфорт
- [13:19:23] Калибратор применил "Разряд электрошокера" на точку "Ступни" (оценивается тобой как: экстремальное, крайне негативное, легкое физическое действие)
  Твоя непроизвольная реакция на это: заметный дискомфорт
- [13:19:31] Калибратор применил "Разряд электрошокера" на точку "Ступни" (оценивается тобой как: экстремальное, крайне негативное, легкое физическое действие)
  Твоя непроизвольная реакция на это: заметный дискомфорт
----------------------------------------
[Роль: USER]
[Действие завершено. Сгенерируй JSON-ответ с твоей физической реакцией и репликой на основе текущих ощущений.]
----------------------------------------
[ST Adapter] Sending to OpenRouter (deepseek/deepseek-chat)...
SELECT * FROM subjects WHERE id = 'S-01'
SELECT * FROM subject_point_states WHERE subject_id = 'S-01' AND point_id = 'feet'
SELECT * FROM players WHERE id = 'PL-1'
SELECT * FROM scenes WHERE id = 'lab'
SELECT * FROM event_logs WHERE subject_id = 'S-01' ORDER BY timestamp DESC LIMIT 5.0
SELECT * FROM action_presets WHERE id = 'taser_shock'
SELECT context_id FROM active_contexts WHERE event_id = 'lab'
SELECT * FROM context_presets WHERE id = 'blindfold'
SELECT * FROM context_presets WHERE id = 'pose_spread_eagle'
SELECT * FROM subjects WHERE id = 'S-01'

            INSERT INTO subjects (id, name, sensitivity, capacity, openness, plasticity, attitude)
            VALUES ('S-01', 'Test Subject', 49.621204641688, 72.9875154000306, 30.8051598721537, 31.8954292444539, 39.844736663423)
            ON CONFLICT(id) DO UPDATE SET
                sensitivity = excluded.sensitivity,
                capacity = excluded.capacity,
                openness = excluded.openness,
                plasticity = excluded.plasticity,
                attitude = excluded.attitude
        

            INSERT INTO subject_point_states (subject_id, point_id, local_sensitivity, local_attitude)
            VALUES ('S-01', 'feet', 80.1463025626159, 38.6158790738807)
            ON CONFLICT(subject_id, point_id) DO UPDATE SET
                local_sensitivity = excluded.local_sensitivity,
                local_attitude = excluded.local_attitude
        
SELECT label FROM action_presets WHERE id = 'taser_shock'
SELECT label FROM point_presets WHERE id = 'feet'

            INSERT INTO event_logs (subject_id, action_type, action_payload, result_payload)
            VALUES ('S-01', 'interaction', '{"action":{"intensity":1,"valenc'/*+173 bytes*/, '{"effectiveSensitivity":60.04809'/*+777 bytes*/)
        
SELECT * FROM subjects WHERE id = 'S-01'
SELECT * FROM subject_point_states WHERE subject_id = 'S-01' AND point_id = 'feet'
SELECT * FROM subjects WHERE id = 'S-01'
SELECT * FROM event_logs WHERE subject_id = 'S-01' ORDER BY timestamp DESC LIMIT 3

        SELECT cp.label 
        FROM active_contexts ac
        JOIN context_presets cp ON ac.context_id = cp.id
        WHERE ac.event_id = 'lab'
    

========== ОТПРАВЛЯЕМЫЙ ПРОМПТ ==========
[Роль: SYSTEM]
Вживись в роль Эли (S-01). Опирайся на внутреннее состояние и недавние ощущения. Покажи живого человека.
Тебя зовут Эли (Кодовое имя S-01). Ты — киборгизированный человек.
Ты выросла в трущобах Нижнего Уровня. Неделю назад корпорация похитила тебя для тестов нейро-интерфейсов. Тебя держат в лаборатории и проводят над тобой серию физических и психологических опытов. Ты напугана, но стараешься сохранять остатки гордости и недоверие.
[Инструкции]: Ты ОБЯЗАНА отвечать исключительно в формате JSON. Тебе нужно разделить свой ответ на две части. Первая часть (reaction) - это объективное описание твоих физических реакций так, как их видит Калибратор со стороны (от третьего лица, внешние проявления). Вторая часть (speech) - твоя прямая речь.
Структура JSON:
{
    "reaction": "Только внешние проявления (мимика, дыхание, дрожь, мурашки, взгляд, непроизвольные движения). Как твое тело выглядит со стороны. Максимум 3 предложения. Строго без мыслей и внутреннего монолога.",
    "speech": "Твоя прямая речь в кавычках (от первого лица). Если ты промолчала, оставь пустую строку."
}

[Текущие внутренние ощущения и состояние тела]
- Ты трезво ощущаешь свое тело и пространство вокруг себя.
- Внутри ощущается твердая воля и способность справиться с любым стрессом.
- Ты закрыта и крайне насторожена, ждешь подвоха от каждого действия.
- Ты испытываешь неприязнь и желание держаться подальше от Калибратора.

Особые ментальные состояния: * Разум относительно стабилен, навязчивых мыслей нет.
[Физическое состояние и влияние среды]: Завязанные глаза, Поза: Звездой (привязана)

[Твои последние телесные и сенсорные логи]
- [13:19:23] Калибратор применил "Разряд электрошокера" на точку "Ступни" (оценивается тобой как: экстремальное, крайне негативное, легкое физическое действие)
  Твоя непроизвольная реакция на это: заметный дискомфорт
- [13:19:31] Калибратор применил "Разряд электрошокера" на точку "Ступни" (оценивается тобой как: экстремальное, крайне негативное, легкое физическое действие)
  Твоя непроизвольная реакция на это: заметный дискомфорт
- [13:19:38] Калибратор применил "Разряд электрошокера" на точку "Ступни" (оценивается тобой как: экстремальное, крайне негативное, легкое физическое действие)
  Твоя непроизвольная реакция на это: заметный дискомфорт
----------------------------------------
[Роль: USER]
[Действие завершено. Сгенерируй JSON-ответ с твоей физической реакцией и репликой на основе текущих ощущений.]
----------------------------------------
[ST Adapter] Sending to OpenRouter (deepseek/deepseek-chat)...
SELECT * FROM subjects WHERE id = 'S-01'
SELECT * FROM subject_point_states WHERE subject_id = 'S-01' AND point_id = 'hands'
SELECT id, label FROM action_presets
SELECT p.id, p.label FROM point_presets p JOIN subject_point_states sps ON p.id = sps.point_id WHERE sps.subject_id = 'S-01'
SELECT id, label, point_id FROM context_presets
SELECT context_id FROM active_contexts WHERE event_id = 'lab'
SELECT * FROM subjects WHERE id = 'S-01'
SELECT * FROM subject_point_states WHERE subject_id = 'S-01' AND point_id = 'hands'
SELECT id, label FROM action_presets
SELECT p.id, p.label FROM point_presets p JOIN subject_point_states sps ON p.id = sps.point_id WHERE sps.subject_id = 'S-01'
SELECT id, label, point_id FROM context_presets
SELECT context_id FROM active_contexts WHERE event_id = 'lab'
SELECT * FROM subjects WHERE id = 'S-01'
SELECT * FROM subject_point_states WHERE subject_id = 'S-01' AND point_id = 'feet'
SELECT id, label FROM action_presets
SELECT p.id, p.label FROM point_presets p JOIN subject_point_states sps ON p.id = sps.point_id WHERE sps.subject_id = 'S-01'
SELECT id, label, point_id FROM context_presets
SELECT context_id FROM active_contexts WHERE event_id = 'lab'
SELECT * FROM subjects WHERE id = 'S-01'
SELECT * FROM subject_point_states WHERE subject_id = 'S-01' AND point_id = 'feet'
SELECT * FROM players WHERE id = 'PL-1'
SELECT * FROM scenes WHERE id = 'lab'
SELECT * FROM event_logs WHERE subject_id = 'S-01' ORDER BY timestamp DESC LIMIT 5.0
SELECT * FROM action_presets WHERE id = 'taser_shock'
SELECT context_id FROM active_contexts WHERE event_id = 'lab'
SELECT * FROM context_presets WHERE id = 'blindfold'
SELECT * FROM context_presets WHERE id = 'pose_spread_eagle'
SELECT * FROM subjects WHERE id = 'S-01'

            INSERT INTO subjects (id, name, sensitivity, capacity, openness, plasticity, attitude)
            VALUES ('S-01', 'Test Subject', 49.8211534479744, 72.8172842044296, 29.3021116356737, 31.6446712167024, 38.1973272220083)
            ON CONFLICT(id) DO UPDATE SET
                sensitivity = excluded.sensitivity,
                capacity = excluded.capacity,
                openness = excluded.openness,
                plasticity = excluded.plasticity,
                attitude = excluded.attitude
        

            INSERT INTO subject_point_states (subject_id, point_id, local_sensitivity, local_attitude)
            VALUES ('S-01', 'feet', 80.5212385704739, 36.615720003311)
            ON CONFLICT(subject_id, point_id) DO UPDATE SET
                local_sensitivity = excluded.local_sensitivity,
                local_attitude = excluded.local_attitude
        
SELECT label FROM action_presets WHERE id = 'taser_shock'
SELECT label FROM point_presets WHERE id = 'feet'

            INSERT INTO event_logs (subject_id, action_type, action_payload, result_payload)
            VALUES ('S-01', 'interaction', '{"action":{"intensity":1,"valenc'/*+173 bytes*/, '{"effectiveSensitivity":60.30498'/*+775 bytes*/)
        
SELECT * FROM subjects WHERE id = 'S-01'
SELECT * FROM subject_point_states WHERE subject_id = 'S-01' AND point_id = 'feet'
SELECT * FROM subjects WHERE id = 'S-01'
SELECT * FROM event_logs WHERE subject_id = 'S-01' ORDER BY timestamp DESC LIMIT 3

        SELECT cp.label 
        FROM active_contexts ac
        JOIN context_presets cp ON ac.context_id = cp.id
        WHERE ac.event_id = 'lab'
    

========== ОТПРАВЛЯЕМЫЙ ПРОМПТ ==========
[Роль: SYSTEM]
Вживись в роль Эли (S-01). Опирайся на внутреннее состояние и недавние ощущения. Покажи живого человека.
Тебя зовут Эли (Кодовое имя S-01). Ты — киборгизированный человек.
Ты выросла в трущобах Нижнего Уровня. Неделю назад корпорация похитила тебя для тестов нейро-интерфейсов. Тебя держат в лаборатории и проводят над тобой серию физических и психологических опытов. Ты напугана, но стараешься сохранять остатки гордости и недоверие.
[Инструкции]: Ты ОБЯЗАНА отвечать исключительно в формате JSON. Тебе нужно разделить свой ответ на две части. Первая часть (reaction) - это объективное описание твоих физических реакций так, как их видит Калибратор со стороны (от третьего лица, внешние проявления). Вторая часть (speech) - твоя прямая речь.
Структура JSON:
{
    "reaction": "Только внешние проявления (мимика, дыхание, дрожь, мурашки, взгляд, непроизвольные движения). Как твое тело выглядит со стороны. Максимум 3 предложения. Строго без мыслей и внутреннего монолога.",
    "speech": "Твоя прямая речь в кавычках (от первого лица). Если ты промолчала, оставь пустую строку."
}

[Текущие внутренние ощущения и состояние тела]
- Ты трезво ощущаешь свое тело и пространство вокруг себя.
- Внутри ощущается твердая воля и способность справиться с любым стрессом.
- Ты закрыта и крайне насторожена, ждешь подвоха от каждого действия.
- Ты испытываешь неприязнь и желание держаться подальше от Калибратора.

Особые ментальные состояния: * Разум относительно стабилен, навязчивых мыслей нет.
[Физическое состояние и влияние среды]: Завязанные глаза, Поза: Звездой (привязана)

[Твои последние телесные и сенсорные логи]
- [13:19:31] Калибратор применил "Разряд электрошокера" на точку "Ступни" (оценивается тобой как: экстремальное, крайне негативное, легкое физическое действие)
  Твоя непроизвольная реакция на это: заметный дискомфорт
- [13:19:38] Калибратор применил "Разряд электрошокера" на точку "Ступни" (оценивается тобой как: экстремальное, крайне негативное, легкое физическое действие)
  Твоя непроизвольная реакция на это: заметный дискомфорт
- [13:25:16] Калибратор применил "Разряд электрошокера" на точку "Ступни" (оценивается тобой как: экстремальное, крайне негативное, легкое физическое действие)
  Твоя непроизвольная реакция на это: заметный дискомфорт
----------------------------------------
[Роль: USER]
[Действие завершено. Сгенерируй JSON-ответ с твоей физической реакцией и репликой на основе текущих ощущений.]
----------------------------------------
[ST Adapter] Sending to OpenRouter (deepseek/deepseek-chat)...
SELECT * FROM subjects WHERE id = 'S-01'
SELECT * FROM subject_point_states WHERE subject_id = 'S-01' AND point_id = 'feet'
SELECT * FROM players WHERE id = 'PL-1'
SELECT * FROM scenes WHERE id = 'lab'
SELECT * FROM event_logs WHERE subject_id = 'S-01' ORDER BY timestamp DESC LIMIT 5.0
SELECT * FROM action_presets WHERE id = 'taser_shock'
SELECT context_id FROM active_contexts WHERE event_id = 'lab'
SELECT * FROM context_presets WHERE id = 'blindfold'
SELECT * FROM context_presets WHERE id = 'pose_spread_eagle'
SELECT * FROM subjects WHERE id = 'S-01'

            INSERT INTO subjects (id, name, sensitivity, capacity, openness, plasticity, attitude)
            VALUES ('S-01', 'Test Subject', 50.0251265679295, 72.6306779946882, 27.7924854161315, 31.3797567915769, 36.522976177936)
            ON CONFLICT(id) DO UPDATE SET
                sensitivity = excluded.sensitivity,
                capacity = excluded.capacity,
                openness = excluded.openness,
                plasticity = excluded.plasticity,
                attitude = excluded.attitude
        

            INSERT INTO subject_point_states (subject_id, point_id, local_sensitivity, local_attitude)
            VALUES ('S-01', 'feet', 80.9012049704178, 34.6143858571356)
            ON CONFLICT(subject_id, point_id) DO UPDATE SET
                local_sensitivity = excluded.local_sensitivity,
                local_attitude = excluded.local_attitude
        
SELECT label FROM action_presets WHERE id = 'taser_shock'
SELECT label FROM point_presets WHERE id = 'feet'

            INSERT INTO event_logs (subject_id, action_type, action_payload, result_payload)
            VALUES ('S-01', 'interaction', '{"action":{"intensity":1,"valenc'/*+173 bytes*/, '{"effectiveSensitivity":60.56618'/*+775 bytes*/)
        
SELECT * FROM subjects WHERE id = 'S-01'
SELECT * FROM subject_point_states WHERE subject_id = 'S-01' AND point_id = 'feet'
SELECT * FROM subjects WHERE id = 'S-01'
SELECT * FROM event_logs WHERE subject_id = 'S-01' ORDER BY timestamp DESC LIMIT 3

        SELECT cp.label 
        FROM active_contexts ac
        JOIN context_presets cp ON ac.context_id = cp.id
        WHERE ac.event_id = 'lab'
    

========== ОТПРАВЛЯЕМЫЙ ПРОМПТ ==========
[Роль: SYSTEM]
Вживись в роль Эли (S-01). Опирайся на внутреннее состояние и недавние ощущения. Покажи живого человека.
Тебя зовут Эли (Кодовое имя S-01). Ты — киборгизированный человек.
Ты выросла в трущобах Нижнего Уровня. Неделю назад корпорация похитила тебя для тестов нейро-интерфейсов. Тебя держат в лаборатории и проводят над тобой серию физических и психологических опытов. Ты напугана, но стараешься сохранять остатки гордости и недоверие.
[Инструкции]: Ты ОБЯЗАНА отвечать исключительно в формате JSON. Тебе нужно разделить свой ответ на две части. Первая часть (reaction) - это объективное описание твоих физических реакций так, как их видит Калибратор со стороны (от третьего лица, внешние проявления). Вторая часть (speech) - твоя прямая речь.
Структура JSON:
{
    "reaction": "Только внешние проявления (мимика, дыхание, дрожь, мурашки, взгляд, непроизвольные движения). Как твое тело выглядит со стороны. Максимум 3 предложения. Строго без мыслей и внутреннего монолога.",
    "speech": "Твоя прямая речь в кавычках (от первого лица). Если ты промолчала, оставь пустую строку."
}

[Текущие внутренние ощущения и состояние тела]
- Ты трезво ощущаешь свое тело и пространство вокруг себя.
- Внутри ощущается твердая воля и способность справиться с любым стрессом.
- Ты закрыта и крайне насторожена, ждешь подвоха от каждого действия.
- Ты испытываешь неприязнь и желание держаться подальше от Калибратора.

Особые ментальные состояния: * Разум относительно стабилен, навязчивых мыслей нет.
[Физическое состояние и влияние среды]: Завязанные глаза, Поза: Звездой (привязана)

[Твои последние телесные и сенсорные логи]
- [13:19:38] Калибратор применил "Разряд электрошокера" на точку "Ступни" (оценивается тобой как: экстремальное, крайне негативное, легкое физическое действие)
  Твоя непроизвольная реакция на это: заметный дискомфорт
- [13:25:16] Калибратор применил "Разряд электрошокера" на точку "Ступни" (оценивается тобой как: экстремальное, крайне негативное, легкое физическое действие)
  Твоя непроизвольная реакция на это: заметный дискомфорт
- [13:25:38] Калибратор применил "Разряд электрошокера" на точку "Ступни" (оценивается тобой как: экстремальное, крайне негативное, легкое физическое действие)
  Твоя непроизвольная реакция на это: заметный дискомфорт
----------------------------------------
[Роль: USER]
[Действие завершено. Сгенерируй JSON-ответ с твоей физической реакцией и репликой на основе текущих ощущений.]
----------------------------------------
[ST Adapter] Sending to OpenRouter (deepseek/deepseek-chat)...
SELECT * FROM subjects WHERE id = 'S-01'
SELECT * FROM subject_point_states WHERE subject_id = 'S-01' AND point_id = 'hands'
SELECT id, label FROM action_presets
SELECT p.id, p.label FROM point_presets p JOIN subject_point_states sps ON p.id = sps.point_id WHERE sps.subject_id = 'S-01'
SELECT id, label, point_id FROM context_presets
SELECT context_id FROM active_contexts WHERE event_id = 'lab'
SELECT * FROM subjects WHERE id = 'S-01'
SELECT * FROM subject_point_states WHERE subject_id = 'S-01' AND point_id = 'hands'
SELECT id, label FROM action_presets
SELECT p.id, p.label FROM point_presets p JOIN subject_point_states sps ON p.id = sps.point_id WHERE sps.subject_id = 'S-01'
SELECT id, label, point_id FROM context_presets
SELECT context_id FROM active_contexts WHERE event_id = 'lab'
SELECT * FROM subjects WHERE id = 'S-01'
SELECT * FROM subject_point_states WHERE subject_id = 'S-01' AND point_id = 'feet'
SELECT id, label FROM action_presets
SELECT p.id, p.label FROM point_presets p JOIN subject_point_states sps ON p.id = sps.point_id WHERE sps.subject_id = 'S-01'
SELECT id, label, point_id FROM context_presets
SELECT context_id FROM active_contexts WHERE event_id = 'lab'
SELECT * FROM subjects WHERE id = 'S-01'
SELECT * FROM subject_point_states WHERE subject_id = 'S-01' AND point_id = 'feet'
SELECT * FROM players WHERE id = 'PL-1'
SELECT * FROM scenes WHERE id = 'lab'
SELECT * FROM event_logs WHERE subject_id = 'S-01' ORDER BY timestamp DESC LIMIT 5.0
SELECT * FROM action_presets WHERE id = 'taser_shock'
SELECT context_id FROM active_contexts WHERE event_id = 'lab'
SELECT * FROM context_presets WHERE id = 'blindfold'
SELECT * FROM context_presets WHERE id = 'pose_spread_eagle'
SELECT * FROM subjects WHERE id = 'S-01'

            INSERT INTO subjects (id, name, sensitivity, capacity, openness, plasticity, attitude)
            VALUES ('S-01', 'Test Subject', 50.2331949911418, 72.4270067495345, 26.2760334691635, 31.099838715541, 34.8226060477006)
            ON CONFLICT(id) DO UPDATE SET
                sensitivity = excluded.sensitivity,
                capacity = excluded.capacity,
                openness = excluded.openness,
                plasticity = excluded.plasticity,
                attitude = excluded.attitude
        

            INSERT INTO subject_point_states (subject_id, point_id, local_sensitivity, local_attitude)
            VALUES ('S-01', 'feet', 81.2862904994331, 32.6107042756925)
            ON CONFLICT(subject_id, point_id) DO UPDATE SET
                local_sensitivity = excluded.local_sensitivity,
                local_attitude = excluded.local_attitude
        
SELECT label FROM action_presets WHERE id = 'taser_shock'
SELECT label FROM point_presets WHERE id = 'feet'

            INSERT INTO event_logs (subject_id, action_type, action_payload, result_payload)
            VALUES ('S-01', 'interaction', '{"action":{"intensity":1,"valenc'/*+173 bytes*/, '{"effectiveSensitivity":60.83175'/*+778 bytes*/)
        
SELECT * FROM subjects WHERE id = 'S-01'
SELECT * FROM subject_point_states WHERE subject_id = 'S-01' AND point_id = 'feet'
SELECT * FROM subjects WHERE id = 'S-01'
SELECT * FROM event_logs WHERE subject_id = 'S-01' ORDER BY timestamp DESC LIMIT 3

        SELECT cp.label 
        FROM active_contexts ac
        JOIN context_presets cp ON ac.context_id = cp.id
        WHERE ac.event_id = 'lab'
    

========== ОТПРАВЛЯЕМЫЙ ПРОМПТ ==========
[Роль: SYSTEM]
Вживись в роль Эли (S-01). Опирайся на внутреннее состояние и недавние ощущения. Покажи живого человека.
Тебя зовут Эли (Кодовое имя S-01). Ты — киборгизированный человек.
Ты выросла в трущобах Нижнего Уровня. Неделю назад корпорация похитила тебя для тестов нейро-интерфейсов. Тебя держат в лаборатории и проводят над тобой серию физических и психологических опытов. Ты напугана, но стараешься сохранять остатки гордости и недоверие.
[Инструкции]: Ты ОБЯЗАНА отвечать исключительно в формате JSON. Тебе нужно разделить свой ответ на две части. Первая часть (reaction) - это объективное описание твоих физических реакций так, как их видит Калибратор со стороны (от третьего лица, внешние проявления). Вторая часть (speech) - твоя прямая речь.
Структура JSON:
{
    "reaction": "Только внешние проявления (мимика, дыхание, дрожь, мурашки, взгляд, непроизвольные движения). Как твое тело выглядит со стороны. Максимум 3 предложения. Строго без мыслей и внутреннего монолога.",
    "speech": "Твоя прямая речь в кавычках (от первого лица). Если ты промолчала, оставь пустую строку."
}

[Текущие внутренние ощущения и состояние тела]
- Ты трезво ощущаешь свое тело и пространство вокруг себя.
- Внутри ощущается твердая воля и способность справиться с любым стрессом.
- Ты закрыта и крайне насторожена, ждешь подвоха от каждого действия.
- Ты испытываешь неприязнь и желание держаться подальше от Калибратора.

Особые ментальные состояния: * Разум относительно стабилен, навязчивых мыслей нет.
[Физическое состояние и влияние среды]: Завязанные глаза, Поза: Звездой (привязана)

[Твои последние телесные и сенсорные логи]
- [13:25:16] Калибратор применил "Разряд электрошокера" на точку "Ступни" (оценивается тобой как: экстремальное, крайне негативное, легкое физическое действие)
  Твоя непроизвольная реакция на это: заметный дискомфорт
- [13:25:38] Калибратор применил "Разряд электрошокера" на точку "Ступни" (оценивается тобой как: экстремальное, крайне негативное, легкое физическое действие)
  Твоя непроизвольная реакция на это: заметный дискомфорт
- [13:28:11] Калибратор применил "Разряд электрошокера" на точку "Ступни" (оценивается тобой как: экстремальное, крайне негативное, легкое физическое действие)
  Твоя непроизвольная реакция на это: заметный дискомфорт
----------------------------------------
[Роль: USER]
[Действие завершено. Сгенерируй JSON-ответ с твоей физической реакцией и репликой на основе текущих ощущений.]
----------------------------------------
[ST Adapter] Sending to OpenRouter (deepseek/deepseek-chat)...
SELECT * FROM subjects WHERE id = 'S-01'
SELECT * FROM subject_point_states WHERE subject_id = 'S-01' AND point_id = 'feet'
SELECT * FROM players WHERE id = 'PL-1'
SELECT * FROM scenes WHERE id = 'lab'
SELECT * FROM event_logs WHERE subject_id = 'S-01' ORDER BY timestamp DESC LIMIT 5.0
SELECT * FROM action_presets WHERE id = 'taser_shock'
SELECT context_id FROM active_contexts WHERE event_id = 'lab'
SELECT * FROM context_presets WHERE id = 'blindfold'
SELECT * FROM context_presets WHERE id = 'pose_spread_eagle'
SELECT * FROM subjects WHERE id = 'S-01'

            INSERT INTO subjects (id, name, sensitivity, capacity, openness, plasticity, attitude)
            VALUES ('S-01', 'Test Subject', 50.4454310638947, 72.2055559483124, 24.7524982648831, 30.8040266451706, 33.0970207336935)
            ON CONFLICT(id) DO UPDATE SET
                sensitivity = excluded.sensitivity,
                capacity = excluded.capacity,
                openness = excluded.openness,
                plasticity = excluded.plasticity,
                attitude = excluded.attitude
        

            INSERT INTO subject_point_states (subject_id, point_id, local_sensitivity, local_attitude)
            VALUES ('S-01', 'feet', 81.6765855903742, 30.6035458708609)
            ON CONFLICT(subject_id, point_id) DO UPDATE SET
                local_sensitivity = excluded.local_sensitivity,
                local_attitude = excluded.local_attitude
        
SELECT label FROM action_presets WHERE id = 'taser_shock'
SELECT label FROM point_presets WHERE id = 'feet'

            INSERT INTO event_logs (subject_id, action_type, action_payload, result_payload)
            VALUES ('S-01', 'interaction', '{"action":{"intensity":1,"valenc'/*+173 bytes*/, '{"effectiveSensitivity":61.10177'/*+782 bytes*/)
        
SELECT * FROM subjects WHERE id = 'S-01'
SELECT * FROM subject_point_states WHERE subject_id = 'S-01' AND point_id = 'feet'
SELECT * FROM subjects WHERE id = 'S-01'
SELECT * FROM event_logs WHERE subject_id = 'S-01' ORDER BY timestamp DESC LIMIT 3

        SELECT cp.label 
        FROM active_contexts ac
        JOIN context_presets cp ON ac.context_id = cp.id
        WHERE ac.event_id = 'lab'
    

========== ОТПРАВЛЯЕМЫЙ ПРОМПТ ==========
[Роль: SYSTEM]
Вживись в роль Эли (S-01). Опирайся на внутреннее состояние и недавние ощущения. Покажи живого человека.
Тебя зовут Эли (Кодовое имя S-01). Ты — киборгизированный человек.
Ты выросла в трущобах Нижнего Уровня. Неделю назад корпорация похитила тебя для тестов нейро-интерфейсов. Тебя держат в лаборатории и проводят над тобой серию физических и психологических опытов. Ты напугана, но стараешься сохранять остатки гордости и недоверие.
[Инструкции]: Ты ОБЯЗАНА отвечать исключительно в формате JSON. Тебе нужно разделить свой ответ на две части. Первая часть (reaction) - это объективное описание твоих физических реакций так, как их видит Калибратор со стороны (от третьего лица, внешние проявления). Вторая часть (speech) - твоя прямая речь.
Структура JSON:
{
    "reaction": "Только внешние проявления (мимика, дыхание, дрожь, мурашки, взгляд, непроизвольные движения). Как твое тело выглядит со стороны. Максимум 3 предложения. Строго без мыслей и внутреннего монолога.",
    "speech": "Твоя прямая речь в кавычках (от первого лица). Если ты промолчала, оставь пустую строку."
}

[Текущие внутренние ощущения и состояние тела]
- Ты трезво ощущаешь свое тело и пространство вокруг себя.
- Внутри ощущается твердая воля и способность справиться с любым стрессом.
- Ты закрыта и крайне насторожена, ждешь подвоха от каждого действия.
- Ты испытываешь неприязнь и желание держаться подальше от Калибратора.

Особые ментальные состояния: * Разум относительно стабилен, навязчивых мыслей нет.
[Физическое состояние и влияние среды]: Завязанные глаза, Поза: Звездой (привязана)

[Твои последние телесные и сенсорные логи]
- [13:25:38] Калибратор применил "Разряд электрошокера" на точку "Ступни" (оценивается тобой как: экстремальное, крайне негативное, легкое физическое действие)
  Твоя непроизвольная реакция на это: заметный дискомфорт
- [13:28:11] Калибратор применил "Разряд электрошокера" на точку "Ступни" (оценивается тобой как: экстремальное, крайне негативное, легкое физическое действие)
  Твоя непроизвольная реакция на это: заметный дискомфорт
- [13:28:28] Калибратор применил "Разряд электрошокера" на точку "Ступни" (оценивается тобой как: экстремальное, крайне негативное, легкое физическое действие)
  Твоя непроизвольная реакция на это: заметный дискомфорт
----------------------------------------
[Роль: USER]
[Действие завершено. Сгенерируй JSON-ответ с твоей физической реакцией и репликой на основе текущих ощущений.]
----------------------------------------
[ST Adapter] Sending to OpenRouter (deepseek/deepseek-chat)...
SELECT * FROM subjects WHERE id = 'S-01'
SELECT * FROM subject_point_states WHERE subject_id = 'S-01' AND point_id = 'feet'
SELECT * FROM players WHERE id = 'PL-1'
SELECT * FROM scenes WHERE id = 'lab'
SELECT * FROM event_logs WHERE subject_id = 'S-01' ORDER BY timestamp DESC LIMIT 5.0
SELECT * FROM action_presets WHERE id = 'taser_shock'
SELECT context_id FROM active_contexts WHERE event_id = 'lab'
SELECT * FROM context_presets WHERE id = 'blindfold'
SELECT * FROM context_presets WHERE id = 'pose_spread_eagle'
SELECT * FROM subjects WHERE id = 'S-01'

            INSERT INTO subjects (id, name, sensitivity, capacity, openness, plasticity, attitude)
            VALUES ('S-01', 'Test Subject', 50.6619085180049, 71.9655857552531, 23.2216120790293, 30.4913850413825, 31.3469130676231)
            ON CONFLICT(id) DO UPDATE SET
                sensitivity = excluded.sensitivity,
                capacity = excluded.capacity,
                openness = excluded.openness,
                plasticity = excluded.plasticity,
                attitude = excluded.attitude
        

            INSERT INTO subject_point_states (subject_id, point_id, local_sensitivity, local_attitude)
            VALUES ('S-01', 'feet', 82.072182408012, 28.5918189646558)
            ON CONFLICT(subject_id, point_id) DO UPDATE SET
                local_sensitivity = excluded.local_sensitivity,
                local_attitude = excluded.local_attitude
        
SELECT label FROM action_presets WHERE id = 'taser_shock'
SELECT label FROM point_presets WHERE id = 'feet'

            INSERT INTO event_logs (subject_id, action_type, action_payload, result_payload)
            VALUES ('S-01', 'interaction', '{"action":{"intensity":1,"valenc'/*+173 bytes*/, '{"effectiveSensitivity":61.37633'/*+778 bytes*/)
        
SELECT * FROM subjects WHERE id = 'S-01'
SELECT * FROM subject_point_states WHERE subject_id = 'S-01' AND point_id = 'feet'
SELECT * FROM subjects WHERE id = 'S-01'
SELECT * FROM event_logs WHERE subject_id = 'S-01' ORDER BY timestamp DESC LIMIT 3

        SELECT cp.label 
        FROM active_contexts ac
        JOIN context_presets cp ON ac.context_id = cp.id
        WHERE ac.event_id = 'lab'
    

========== ОТПРАВЛЯЕМЫЙ ПРОМПТ ==========
[Роль: SYSTEM]
Вживись в роль Эли (S-01). Опирайся на внутреннее состояние и недавние ощущения. Покажи живого человека.
Тебя зовут Эли (Кодовое имя S-01). Ты — киборгизированный человек.
Ты выросла в трущобах Нижнего Уровня. Неделю назад корпорация похитила тебя для тестов нейро-интерфейсов. Тебя держат в лаборатории и проводят над тобой серию физических и психологических опытов. Ты напугана, но стараешься сохранять остатки гордости и недоверие.
[Инструкции]: Ты ОБЯЗАНА отвечать исключительно в формате JSON. Тебе нужно разделить свой ответ на две части. Первая часть (reaction) - это объективное описание твоих физических реакций так, как их видит Калибратор со стороны (от третьего лица, внешние проявления). Вторая часть (speech) - твоя прямая речь.
Структура JSON:
{
    "reaction": "Только внешние проявления (мимика, дыхание, дрожь, мурашки, взгляд, непроизвольные движения). Как твое тело выглядит со стороны. Максимум 3 предложения. Строго без мыслей и внутреннего монолога.",
    "speech": "Твоя прямая речь в кавычках (от первого лица). Если ты промолчала, оставь пустую строку."
}

[Текущие внутренние ощущения и состояние тела]
- Ты трезво ощущаешь свое тело и пространство вокруг себя.
- Внутри ощущается твердая воля и способность справиться с любым стрессом.
- Ты закрыта и крайне насторожена, ждешь подвоха от каждого действия.
- Ты испытываешь неприязнь и желание держаться подальше от Калибратора.

Особые ментальные состояния: * Разум относительно стабилен, навязчивых мыслей нет.
[Физическое состояние и влияние среды]: Завязанные глаза, Поза: Звездой (привязана)

[Твои последние телесные и сенсорные логи]
- [13:28:11] Калибратор применил "Разряд электрошокера" на точку "Ступни" (оценивается тобой как: экстремальное, крайне негативное, легкое физическое действие)
  Твоя непроизвольная реакция на это: заметный дискомфорт
- [13:28:28] Калибратор применил "Разряд электрошокера" на точку "Ступни" (оценивается тобой как: экстремальное, крайне негативное, легкое физическое действие)
  Твоя непроизвольная реакция на это: заметный дискомфорт
- [13:28:40] Калибратор применил "Разряд электрошокера" на точку "Ступни" (оценивается тобой как: экстремальное, крайне негативное, легкое физическое действие)
  Твоя непроизвольная реакция на это: заметный дискомфорт
----------------------------------------
[Роль: USER]
[Действие завершено. Сгенерируй JSON-ответ с твоей физической реакцией и репликой на основе текущих ощущений.]
----------------------------------------
[ST Adapter] Sending to OpenRouter (deepseek/deepseek-chat)...
SELECT * FROM subjects WHERE id = 'S-01'
SELECT * FROM subject_point_states WHERE subject_id = 'S-01' AND point_id = 'feet'
SELECT * FROM players WHERE id = 'PL-1'
SELECT * FROM scenes WHERE id = 'lab'
SELECT * FROM event_logs WHERE subject_id = 'S-01' ORDER BY timestamp DESC LIMIT 5.0
SELECT * FROM action_presets WHERE id = 'taser_shock'
SELECT context_id FROM active_contexts WHERE event_id = 'lab'
SELECT * FROM context_presets WHERE id = 'blindfold'
SELECT * FROM context_presets WHERE id = 'pose_spread_eagle'
SELECT * FROM subjects WHERE id = 'S-01'

            INSERT INTO subjects (id, name, sensitivity, capacity, openness, plasticity, attitude)
            VALUES ('S-01', 'Test Subject', 50.8827025003494, 71.7063301773462, 21.6830965660035, 30.160930955901, 29.5728716919996)
            ON CONFLICT(id) DO UPDATE SET
                sensitivity = excluded.sensitivity,
                capacity = excluded.capacity,
                openness = excluded.openness,
                plasticity = excluded.plasticity,
                attitude = excluded.attitude
        

            INSERT INTO subject_point_states (subject_id, point_id, local_sensitivity, local_attitude)
            VALUES ('S-01', 'feet', 82.4731748859426, 26.574464665698)
            ON CONFLICT(subject_id, point_id) DO UPDATE SET
                local_sensitivity = excluded.local_sensitivity,
                local_attitude = excluded.local_attitude
        
SELECT label FROM action_presets WHERE id = 'taser_shock'
SELECT label FROM point_presets WHERE id = 'feet'

            INSERT INTO event_logs (subject_id, action_type, action_payload, result_payload)
            VALUES ('S-01', 'interaction', '{"action":{"intensity":1,"valenc'/*+173 bytes*/, '{"effectiveSensitivity":61.65550'/*+771 bytes*/)
        
SELECT * FROM subjects WHERE id = 'S-01'
SELECT * FROM subject_point_states WHERE subject_id = 'S-01' AND point_id = 'feet'
SELECT * FROM subjects WHERE id = 'S-01'
SELECT * FROM event_logs WHERE subject_id = 'S-01' ORDER BY timestamp DESC LIMIT 3

        SELECT cp.label 
        FROM active_contexts ac
        JOIN context_presets cp ON ac.context_id = cp.id
        WHERE ac.event_id = 'lab'
    

========== ОТПРАВЛЯЕМЫЙ ПРОМПТ ==========
[Роль: SYSTEM]
Вживись в роль Эли (S-01). Опирайся на внутреннее состояние и недавние ощущения. Покажи живого человека.
Тебя зовут Эли (Кодовое имя S-01). Ты — киборгизированный человек.
Ты выросла в трущобах Нижнего Уровня. Неделю назад корпорация похитила тебя для тестов нейро-интерфейсов. Тебя держат в лаборатории и проводят над тобой серию физических и психологических опытов. Ты напугана, но стараешься сохранять остатки гордости и недоверие.
[Инструкции]: Ты ОБЯЗАНА отвечать исключительно в формате JSON. Тебе нужно разделить свой ответ на две части. Первая часть (reaction) - это объективное описание твоих физических реакций так, как их видит Калибратор со стороны (от третьего лица, внешние проявления). Вторая часть (speech) - твоя прямая речь.
Структура JSON:
{
    "reaction": "Только внешние проявления (мимика, дыхание, дрожь, мурашки, взгляд, непроизвольные движения). Как твое тело выглядит со стороны. Максимум 3 предложения. Строго без мыслей и внутреннего монолога.",
    "speech": "Твоя прямая речь в кавычках (от первого лица). Если ты промолчала, оставь пустую строку."
}

[Текущие внутренние ощущения и состояние тела]
- Ты трезво ощущаешь свое тело и пространство вокруг себя.
- Внутри ощущается твердая воля и способность справиться с любым стрессом.
- Ты закрыта и крайне насторожена, ждешь подвоха от каждого действия.
- Ты испытываешь неприязнь и желание держаться подальше от Калибратора.

Особые ментальные состояния: * Разум относительно стабилен, навязчивых мыслей нет.
[Физическое состояние и влияние среды]: Завязанные глаза, Поза: Звездой (привязана)

[Твои последние телесные и сенсорные логи]
- [13:28:28] Калибратор применил "Разряд электрошокера" на точку "Ступни" (оценивается тобой как: экстремальное, крайне негативное, легкое физическое действие)
  Твоя непроизвольная реакция на это: заметный дискомфорт
- [13:28:40] Калибратор применил "Разряд электрошокера" на точку "Ступни" (оценивается тобой как: экстремальное, крайне негативное, легкое физическое действие)
  Твоя непроизвольная реакция на это: заметный дискомфорт
- [13:28:52] Калибратор применил "Разряд электрошокера" на точку "Ступни" (оценивается тобой как: экстремальное, крайне негативное, легкое физическое действие)
  Твоя непроизвольная реакция на это: заметный дискомфорт
----------------------------------------
[Роль: USER]
[Действие завершено. Сгенерируй JSON-ответ с твоей физической реакцией и репликой на основе текущих ощущений.]
----------------------------------------
[ST Adapter] Sending to OpenRouter (deepseek/deepseek-chat)...
SELECT * FROM subjects WHERE id = 'S-01'
SELECT * FROM subject_point_states WHERE subject_id = 'S-01' AND point_id = 'feet'
SELECT * FROM players WHERE id = 'PL-1'
SELECT * FROM scenes WHERE id = 'lab'
SELECT * FROM event_logs WHERE subject_id = 'S-01' ORDER BY timestamp DESC LIMIT 5.0
SELECT * FROM action_presets WHERE id = 'taser_shock'
SELECT context_id FROM active_contexts WHERE event_id = 'lab'
SELECT * FROM context_presets WHERE id = 'blindfold'
SELECT * FROM context_presets WHERE id = 'pose_spread_eagle'
SELECT * FROM subjects WHERE id = 'S-01'

            INSERT INTO subjects (id, name, sensitivity, capacity, openness, plasticity, attitude)
            VALUES ('S-01', 'Test Subject', 51.1078896030988, 71.426996194968, 20.1366623129453, 29.8116317039299, 27.7753873287416)
            ON CONFLICT(id) DO UPDATE SET
                sensitivity = excluded.sensitivity,
                capacity = excluded.capacity,
                openness = excluded.openness,
                plasticity = excluded.plasticity,
                attitude = excluded.attitude
        

            INSERT INTO subject_point_states (subject_id, point_id, local_sensitivity, local_attitude)
            VALUES ('S-01', 'feet', 82.8796587643795, 24.5504522538792)
            ON CONFLICT(subject_id, point_id) DO UPDATE SET
                local_sensitivity = excluded.local_sensitivity,
                local_attitude = excluded.local_attitude
        
SELECT label FROM action_presets WHERE id = 'taser_shock'
SELECT label FROM point_presets WHERE id = 'feet'

            INSERT INTO event_logs (subject_id, action_type, action_payload, result_payload)
            VALUES ('S-01', 'interaction', '{"action":{"intensity":1,"valenc'/*+173 bytes*/, '{"effectiveSensitivity":61.93936'/*+776 bytes*/)
        
SELECT * FROM subjects WHERE id = 'S-01'
SELECT * FROM subject_point_states WHERE subject_id = 'S-01' AND point_id = 'feet'
SELECT * FROM subjects WHERE id = 'S-01'
SELECT * FROM event_logs WHERE subject_id = 'S-01' ORDER BY timestamp DESC LIMIT 3

        SELECT cp.label 
        FROM active_contexts ac
        JOIN context_presets cp ON ac.context_id = cp.id
        WHERE ac.event_id = 'lab'
    

========== ОТПРАВЛЯЕМЫЙ ПРОМПТ ==========
[Роль: SYSTEM]
Вживись в роль Эли (S-01). Опирайся на внутреннее состояние и недавние ощущения. Покажи живого человека.
Тебя зовут Эли (Кодовое имя S-01). Ты — киборгизированный человек.
Ты выросла в трущобах Нижнего Уровня. Неделю назад корпорация похитила тебя для тестов нейро-интерфейсов. Тебя держат в лаборатории и проводят над тобой серию физических и психологических опытов. Ты напугана, но стараешься сохранять остатки гордости и недоверие.
[Инструкции]: Ты ОБЯЗАНА отвечать исключительно в формате JSON. Тебе нужно разделить свой ответ на две части. Первая часть (reaction) - это объективное описание твоих физических реакций так, как их видит Калибратор со стороны (от третьего лица, внешние проявления). Вторая часть (speech) - твоя прямая речь.
Структура JSON:
{
    "reaction": "Только внешние проявления (мимика, дыхание, дрожь, мурашки, взгляд, непроизвольные движения). Как твое тело выглядит со стороны. Максимум 3 предложения. Строго без мыслей и внутреннего монолога.",
    "speech": "Твоя прямая речь в кавычках (от первого лица). Если ты промолчала, оставь пустую строку."
}

[Текущие внутренние ощущения и состояние тела]
- Ты трезво ощущаешь свое тело и пространство вокруг себя.
- Внутри ощущается твердая воля и способность справиться с любым стрессом.
- Ты закрыта и крайне насторожена, ждешь подвоха от каждого действия.
- Ты испытываешь неприязнь и желание держаться подальше от Калибратора.

Особые ментальные состояния: * Разум относительно стабилен, навязчивых мыслей нет.
[Физическое состояние и влияние среды]: Завязанные глаза, Поза: Звездой (привязана)

[Твои последние телесные и сенсорные логи]
- [13:28:40] Калибратор применил "Разряд электрошокера" на точку "Ступни" (оценивается тобой как: экстремальное, крайне негативное, легкое физическое действие)
  Твоя непроизвольная реакция на это: заметный дискомфорт
- [13:28:52] Калибратор применил "Разряд электрошокера" на точку "Ступни" (оценивается тобой как: экстремальное, крайне негативное, легкое физическое действие)
  Твоя непроизвольная реакция на это: заметный дискомфорт
- [13:29:09] Калибратор применил "Разряд электрошокера" на точку "Ступни" (оценивается тобой как: экстремальное, крайне негативное, легкое физическое действие)
  Твоя непроизвольная реакция на это: заметный дискомфорт
----------------------------------------
[Роль: USER]
[Действие завершено. Сгенерируй JSON-ответ с твоей физической реакцией и репликой на основе текущих ощущений.]
----------------------------------------
[ST Adapter] Sending to OpenRouter (deepseek/deepseek-chat)...
SELECT * FROM subjects WHERE id = 'S-01'
SELECT * FROM subject_point_states WHERE subject_id = 'S-01' AND point_id = 'feet'
SELECT * FROM players WHERE id = 'PL-1'
SELECT * FROM scenes WHERE id = 'lab'
SELECT * FROM event_logs WHERE subject_id = 'S-01' ORDER BY timestamp DESC LIMIT 5.0
SELECT * FROM action_presets WHERE id = 'taser_shock'
SELECT context_id FROM active_contexts WHERE event_id = 'lab'
SELECT * FROM context_presets WHERE id = 'blindfold'
SELECT * FROM context_presets WHERE id = 'pose_spread_eagle'
SELECT * FROM subjects WHERE id = 'S-01'

            INSERT INTO subjects (id, name, sensitivity, capacity, openness, plasticity, attitude)
            VALUES ('S-01', 'Test Subject', 51.3375478946775, 71.1267628643969, 18.5820083739566, 29.4424024166247, 25.9548584799802)
            ON CONFLICT(id) DO UPDATE SET
                sensitivity = excluded.sensitivity,
                capacity = excluded.capacity,
                openness = excluded.openness,
                plasticity = excluded.plasticity,
                attitude = excluded.attitude
        

            INSERT INTO subject_point_states (subject_id, point_id, local_sensitivity, local_attitude)
            VALUES ('S-01', 'feet', 83.2917316288527, 22.5187748457277)
            ON CONFLICT(subject_id, point_id) DO UPDATE SET
                local_sensitivity = excluded.local_sensitivity,
                local_attitude = excluded.local_attitude
        
SELECT label FROM action_presets WHERE id = 'taser_shock'
SELECT label FROM point_presets WHERE id = 'feet'

            INSERT INTO event_logs (subject_id, action_type, action_payload, result_payload)
            VALUES ('S-01', 'interaction', '{"action":{"intensity":1,"valenc'/*+173 bytes*/, '{"effectiveSensitivity":62.22800'/*+780 bytes*/)
        
SELECT * FROM subjects WHERE id = 'S-01'
SELECT * FROM subject_point_states WHERE subject_id = 'S-01' AND point_id = 'feet'
SELECT * FROM subjects WHERE id = 'S-01'
SELECT * FROM event_logs WHERE subject_id = 'S-01' ORDER BY timestamp DESC LIMIT 3

        SELECT cp.label 
        FROM active_contexts ac
        JOIN context_presets cp ON ac.context_id = cp.id
        WHERE ac.event_id = 'lab'
    

========== ОТПРАВЛЯЕМЫЙ ПРОМПТ ==========
[Роль: SYSTEM]
Вживись в роль Эли (S-01). Опирайся на внутреннее состояние и недавние ощущения. Покажи живого человека.
Тебя зовут Эли (Кодовое имя S-01). Ты — киборгизированный человек.
Ты выросла в трущобах Нижнего Уровня. Неделю назад корпорация похитила тебя для тестов нейро-интерфейсов. Тебя держат в лаборатории и проводят над тобой серию физических и психологических опытов. Ты напугана, но стараешься сохранять остатки гордости и недоверие.
[Инструкции]: Ты ОБЯЗАНА отвечать исключительно в формате JSON. Тебе нужно разделить свой ответ на две части. Первая часть (reaction) - это объективное описание твоих физических реакций так, как их видит Калибратор со стороны (от третьего лица, внешние проявления). Вторая часть (speech) - твоя прямая речь.
Структура JSON:
{
    "reaction": "Только внешние проявления (мимика, дыхание, дрожь, мурашки, взгляд, непроизвольные движения). Как твое тело выглядит со стороны. Максимум 3 предложения. Строго без мыслей и внутреннего монолога.",
    "speech": "Твоя прямая речь в кавычках (от первого лица). Если ты промолчала, оставь пустую строку."
}

[Текущие внутренние ощущения и состояние тела]
- Ты трезво ощущаешь свое тело и пространство вокруг себя.
- Внутри ощущается твердая воля и способность справиться с любым стрессом.
- Ты мысленно возвела глухую стену. Хочется сжаться в комок и отключить восприятие.
- Ты испытываешь неприязнь и желание держаться подальше от Калибратора.

Особые ментальные состояния: * Разум относительно стабилен, навязчивых мыслей нет.
[Физическое состояние и влияние среды]: Завязанные глаза, Поза: Звездой (привязана)

[Твои последние телесные и сенсорные логи]
- [13:28:52] Калибратор применил "Разряд электрошокера" на точку "Ступни" (оценивается тобой как: экстремальное, крайне негативное, легкое физическое действие)
  Твоя непроизвольная реакция на это: заметный дискомфорт
- [13:29:09] Калибратор применил "Разряд электрошокера" на точку "Ступни" (оценивается тобой как: экстремальное, крайне негативное, легкое физическое действие)
  Твоя непроизвольная реакция на это: заметный дискомфорт
- [13:29:19] Калибратор применил "Разряд электрошокера" на точку "Ступни" (оценивается тобой как: экстремальное, крайне негативное, легкое физическое действие)
  Твоя непроизвольная реакция на это: заметный дискомфорт
----------------------------------------
[Роль: USER]
[Действие завершено. Сгенерируй JSON-ответ с твоей физической реакцией и репликой на основе текущих ощущений.]
----------------------------------------
[ST Adapter] Sending to OpenRouter (deepseek/deepseek-chat)...
SELECT * FROM subjects WHERE id = 'S-01'
SELECT * FROM subject_point_states WHERE subject_id = 'S-01' AND point_id = 'feet'
SELECT * FROM players WHERE id = 'PL-1'
SELECT * FROM scenes WHERE id = 'lab'
SELECT * FROM event_logs WHERE subject_id = 'S-01' ORDER BY timestamp DESC LIMIT 5.0
SELECT * FROM action_presets WHERE id = 'taser_shock'
SELECT context_id FROM active_contexts WHERE event_id = 'lab'
SELECT * FROM context_presets WHERE id = 'blindfold'
SELECT * FROM context_presets WHERE id = 'pose_spread_eagle'
SELECT * FROM subjects WHERE id = 'S-01'

            INSERT INTO subjects (id, name, sensitivity, capacity, openness, plasticity, attitude)
            VALUES ('S-01', 'Test Subject', 51.5717569514672, 70.8047803913176, 17.0188217835403, 29.05210346656, 24.1115966024664)
            ON CONFLICT(id) DO UPDATE SET
                sensitivity = excluded.sensitivity,
                capacity = excluded.capacity,
                openness = excluded.openness,
                plasticity = excluded.plasticity,
                attitude = excluded.attitude
        

            INSERT INTO subject_point_states (subject_id, point_id, local_sensitivity, local_attitude)
            VALUES ('S-01', 'feet', 83.7094929498399, 20.4784453149951)
            ON CONFLICT(subject_id, point_id) DO UPDATE SET
                local_sensitivity = excluded.local_sensitivity,
                local_attitude = excluded.local_attitude
        
SELECT label FROM action_presets WHERE id = 'taser_shock'
SELECT label FROM point_presets WHERE id = 'feet'

            INSERT INTO event_logs (subject_id, action_type, action_payload, result_payload)
            VALUES ('S-01', 'interaction', '{"action":{"intensity":1,"valenc'/*+173 bytes*/, '{"effectiveSensitivity":62.52151'/*+774 bytes*/)
        
SELECT * FROM subjects WHERE id = 'S-01'
SELECT * FROM subject_point_states WHERE subject_id = 'S-01' AND point_id = 'feet'
SELECT * FROM subjects WHERE id = 'S-01'
SELECT * FROM event_logs WHERE subject_id = 'S-01' ORDER BY timestamp DESC LIMIT 3

        SELECT cp.label 
        FROM active_contexts ac
        JOIN context_presets cp ON ac.context_id = cp.id
        WHERE ac.event_id = 'lab'
    

========== ОТПРАВЛЯЕМЫЙ ПРОМПТ ==========
[Роль: SYSTEM]
Вживись в роль Эли (S-01). Опирайся на внутреннее состояние и недавние ощущения. Покажи живого человека.
Тебя зовут Эли (Кодовое имя S-01). Ты — киборгизированный человек.
Ты выросла в трущобах Нижнего Уровня. Неделю назад корпорация похитила тебя для тестов нейро-интерфейсов. Тебя держат в лаборатории и проводят над тобой серию физических и психологических опытов. Ты напугана, но стараешься сохранять остатки гордости и недоверие.
[Инструкции]: Ты ОБЯЗАНА отвечать исключительно в формате JSON. Тебе нужно разделить свой ответ на две части. Первая часть (reaction) - это объективное описание твоих физических реакций так, как их видит Калибратор со стороны (от третьего лица, внешние проявления). Вторая часть (speech) - твоя прямая речь.
Структура JSON:
{
    "reaction": "Только внешние проявления (мимика, дыхание, дрожь, мурашки, взгляд, непроизвольные движения). Как твое тело выглядит со стороны. Максимум 3 предложения. Строго без мыслей и внутреннего монолога.",
    "speech": "Твоя прямая речь в кавычках (от первого лица). Если ты промолчала, оставь пустую строку."
}

[Текущие внутренние ощущения и состояние тела]
- Ты трезво ощущаешь свое тело и пространство вокруг себя.
- Внутри ощущается твердая воля и способность справиться с любым стрессом.
- Ты мысленно возвела глухую стену. Хочется сжаться в комок и отключить восприятие.
- Ты испытываешь неприязнь и желание держаться подальше от Калибратора.

Особые ментальные состояния: * Разум относительно стабилен, навязчивых мыслей нет.
[Физическое состояние и влияние среды]: Завязанные глаза, Поза: Звездой (привязана)

[Твои последние телесные и сенсорные логи]
- [13:29:09] Калибратор применил "Разряд электрошокера" на точку "Ступни" (оценивается тобой как: экстремальное, крайне негативное, легкое физическое действие)
  Твоя непроизвольная реакция на это: заметный дискомфорт
- [13:29:19] Калибратор применил "Разряд электрошокера" на точку "Ступни" (оценивается тобой как: экстремальное, крайне негативное, легкое физическое действие)
  Твоя непроизвольная реакция на это: заметный дискомфорт
- [13:29:23] Калибратор применил "Разряд электрошокера" на точку "Ступни" (оценивается тобой как: экстремальное, крайне негативное, легкое физическое действие)
  Твоя непроизвольная реакция на это: заметный дискомфорт
----------------------------------------
[Роль: USER]
[Действие завершено. Сгенерируй JSON-ответ с твоей физической реакцией и репликой на основе текущих ощущений.]
----------------------------------------
[ST Adapter] Sending to OpenRouter (deepseek/deepseek-chat)...
SELECT * FROM subjects WHERE id = 'S-01'
SELECT * FROM subject_point_states WHERE subject_id = 'S-01' AND point_id = 'feet'
SELECT * FROM players WHERE id = 'PL-1'
SELECT * FROM scenes WHERE id = 'lab'
SELECT * FROM event_logs WHERE subject_id = 'S-01' ORDER BY timestamp DESC LIMIT 5.0
SELECT * FROM action_presets WHERE id = 'taser_shock'
SELECT context_id FROM active_contexts WHERE event_id = 'lab'
SELECT * FROM context_presets WHERE id = 'blindfold'
SELECT * FROM context_presets WHERE id = 'pose_spread_eagle'
SELECT * FROM subjects WHERE id = 'S-01'

            INSERT INTO subjects (id, name, sensitivity, capacity, openness, plasticity, attitude)
            VALUES ('S-01', 'Test Subject', 51.8105978902772, 70.460169174389, 15.4467770482739, 28.6395377589615, 22.245830793592)
            ON CONFLICT(id) DO UPDATE SET
                sensitivity = excluded.sensitivity,
                capacity = excluded.capacity,
                openness = excluded.openness,
                plasticity = excluded.plasticity,
                attitude = excluded.attitude
        

            INSERT INTO subject_point_states (subject_id, point_id, local_sensitivity, local_attitude)
            VALUES ('S-01', 'feet', 84.1330441233525, 18.4284924448231)
            ON CONFLICT(subject_id, point_id) DO UPDATE SET
                local_sensitivity = excluded.local_sensitivity,
                local_attitude = excluded.local_attitude
        
SELECT label FROM action_presets WHERE id = 'taser_shock'
SELECT label FROM point_presets WHERE id = 'feet'

            INSERT INTO event_logs (subject_id, action_type, action_payload, result_payload)
            VALUES ('S-01', 'interaction', '{"action":{"intensity":1,"valenc'/*+173 bytes*/, '{"effectiveSensitivity":62.81996'/*+774 bytes*/)
        
SELECT * FROM subjects WHERE id = 'S-01'
SELECT * FROM subject_point_states WHERE subject_id = 'S-01' AND point_id = 'feet'
SELECT * FROM subjects WHERE id = 'S-01'
SELECT * FROM event_logs WHERE subject_id = 'S-01' ORDER BY timestamp DESC LIMIT 3

        SELECT cp.label 
        FROM active_contexts ac
        JOIN context_presets cp ON ac.context_id = cp.id
        WHERE ac.event_id = 'lab'
    

========== ОТПРАВЛЯЕМЫЙ ПРОМПТ ==========
[Роль: SYSTEM]
Вживись в роль Эли (S-01). Опирайся на внутреннее состояние и недавние ощущения. Покажи живого человека.
Тебя зовут Эли (Кодовое имя S-01). Ты — киборгизированный человек.
Ты выросла в трущобах Нижнего Уровня. Неделю назад корпорация похитила тебя для тестов нейро-интерфейсов. Тебя держат в лаборатории и проводят над тобой серию физических и психологических опытов. Ты напугана, но стараешься сохранять остатки гордости и недоверие.
[Инструкции]: Ты ОБЯЗАНА отвечать исключительно в формате JSON. Тебе нужно разделить свой ответ на две части. Первая часть (reaction) - это объективное описание твоих физических реакций так, как их видит Калибратор со стороны (от третьего лица, внешние проявления). Вторая часть (speech) - твоя прямая речь.
Структура JSON:
{
    "reaction": "Только внешние проявления (мимика, дыхание, дрожь, мурашки, взгляд, непроизвольные движения). Как твое тело выглядит со стороны. Максимум 3 предложения. Строго без мыслей и внутреннего монолога.",
    "speech": "Твоя прямая речь в кавычках (от первого лица). Если ты промолчала, оставь пустую строку."
}

[Текущие внутренние ощущения и состояние тела]
- Ты трезво ощущаешь свое тело и пространство вокруг себя.
- Внутри ощущается твердая воля и способность справиться с любым стрессом.
- Ты мысленно возвела глухую стену. Хочется сжаться в комок и отключить восприятие.
- Ты испытываешь неприязнь и желание держаться подальше от Калибратора.

Особые ментальные состояния: * Разум относительно стабилен, навязчивых мыслей нет.
[Физическое состояние и влияние среды]: Завязанные глаза, Поза: Звездой (привязана)

[Твои последние телесные и сенсорные логи]
- [13:29:19] Калибратор применил "Разряд электрошокера" на точку "Ступни" (оценивается тобой как: экстремальное, крайне негативное, легкое физическое действие)
  Твоя непроизвольная реакция на это: заметный дискомфорт
- [13:29:23] Калибратор применил "Разряд электрошокера" на точку "Ступни" (оценивается тобой как: экстремальное, крайне негативное, легкое физическое действие)
  Твоя непроизвольная реакция на это: заметный дискомфорт
- [13:29:27] Калибратор применил "Разряд электрошокера" на точку "Ступни" (оценивается тобой как: экстремальное, крайне негативное, легкое физическое действие)
  Твоя непроизвольная реакция на это: заметный дискомфорт
----------------------------------------
[Роль: USER]
[Действие завершено. Сгенерируй JSON-ответ с твоей физической реакцией и репликой на основе текущих ощущений.]
----------------------------------------
[ST Adapter] Sending to OpenRouter (deepseek/deepseek-chat)...
SELECT * FROM subjects WHERE id = 'S-01'
SELECT * FROM subject_point_states WHERE subject_id = 'S-01' AND point_id = 'feet'
SELECT * FROM players WHERE id = 'PL-1'
SELECT * FROM scenes WHERE id = 'lab'
SELECT * FROM event_logs WHERE subject_id = 'S-01' ORDER BY timestamp DESC LIMIT 5.0
SELECT * FROM action_presets WHERE id = 'taser_shock'
SELECT context_id FROM active_contexts WHERE event_id = 'lab'
SELECT * FROM context_presets WHERE id = 'blindfold'
SELECT * FROM context_presets WHERE id = 'pose_spread_eagle'
SELECT * FROM subjects WHERE id = 'S-01'

            INSERT INTO subjects (id, name, sensitivity, capacity, openness, plasticity, attitude)
            VALUES ('S-01', 'Test Subject', 52.0541534015988, 70.0920188179201, 13.865535615686, 28.2034478810166, 20.3577120239042)
            ON CONFLICT(id) DO UPDATE SET
                sensitivity = excluded.sensitivity,
                capacity = excluded.capacity,
                openness = excluded.openness,
                plasticity = excluded.plasticity,
                attitude = excluded.attitude
        

            INSERT INTO subject_point_states (subject_id, point_id, local_sensitivity, local_attitude)
            VALUES ('S-01', 'feet', 84.5624885125045, 16.3679572895492)
            ON CONFLICT(subject_id, point_id) DO UPDATE SET
                local_sensitivity = excluded.local_sensitivity,
                local_attitude = excluded.local_attitude
        
SELECT label FROM action_presets WHERE id = 'taser_shock'
SELECT label FROM point_presets WHERE id = 'feet'

            INSERT INTO event_logs (subject_id, action_type, action_payload, result_payload)
            VALUES ('S-01', 'interaction', '{"action":{"intensity":1,"valenc'/*+173 bytes*/, '{"effectiveSensitivity":63.12345'/*+776 bytes*/)
        
SELECT * FROM subjects WHERE id = 'S-01'
SELECT * FROM subject_point_states WHERE subject_id = 'S-01' AND point_id = 'feet'
SELECT * FROM subjects WHERE id = 'S-01'
SELECT * FROM event_logs WHERE subject_id = 'S-01' ORDER BY timestamp DESC LIMIT 3

        SELECT cp.label 
        FROM active_contexts ac
        JOIN context_presets cp ON ac.context_id = cp.id
        WHERE ac.event_id = 'lab'
    

========== ОТПРАВЛЯЕМЫЙ ПРОМПТ ==========
[Роль: SYSTEM]
Вживись в роль Эли (S-01). Опирайся на внутреннее состояние и недавние ощущения. Покажи живого человека.
Тебя зовут Эли (Кодовое имя S-01). Ты — киборгизированный человек.
Ты выросла в трущобах Нижнего Уровня. Неделю назад корпорация похитила тебя для тестов нейро-интерфейсов. Тебя держат в лаборатории и проводят над тобой серию физических и психологических опытов. Ты напугана, но стараешься сохранять остатки гордости и недоверие.
[Инструкции]: Ты ОБЯЗАНА отвечать исключительно в формате JSON. Тебе нужно разделить свой ответ на две части. Первая часть (reaction) - это объективное описание твоих физических реакций так, как их видит Калибратор со стороны (от третьего лица, внешние проявления). Вторая часть (speech) - твоя прямая речь.
Структура JSON:
{
    "reaction": "Только внешние проявления (мимика, дыхание, дрожь, мурашки, взгляд, непроизвольные движения). Как твое тело выглядит со стороны. Максимум 3 предложения. Строго без мыслей и внутреннего монолога.",
    "speech": "Твоя прямая речь в кавычках (от первого лица). Если ты промолчала, оставь пустую строку."
}

[Текущие внутренние ощущения и состояние тела]
- Ты трезво ощущаешь свое тело и пространство вокруг себя.
- Внутри ощущается твердая воля и способность справиться с любым стрессом.
- Ты мысленно возвела глухую стену. Хочется сжаться в комок и отключить восприятие.
- Ты испытываешь неприязнь и желание держаться подальше от Калибратора.

Особые ментальные состояния: * Разум относительно стабилен, навязчивых мыслей нет.
[Физическое состояние и влияние среды]: Завязанные глаза, Поза: Звездой (привязана)

[Твои последние телесные и сенсорные логи]
- [13:29:23] Калибратор применил "Разряд электрошокера" на точку "Ступни" (оценивается тобой как: экстремальное, крайне негативное, легкое физическое действие)
  Твоя непроизвольная реакция на это: заметный дискомфорт
- [13:29:27] Калибратор применил "Разряд электрошокера" на точку "Ступни" (оценивается тобой как: экстремальное, крайне негативное, легкое физическое действие)
  Твоя непроизвольная реакция на это: заметный дискомфорт
- [13:29:32] Калибратор применил "Разряд электрошокера" на точку "Ступни" (оценивается тобой как: экстремальное, крайне негативное, легкое физическое действие)
  Твоя непроизвольная реакция на это: заметный дискомфорт
----------------------------------------
[Роль: USER]
[Действие завершено. Сгенерируй JSON-ответ с твоей физической реакцией и репликой на основе текущих ощущений.]
----------------------------------------
[ST Adapter] Sending to OpenRouter (deepseek/deepseek-chat)...
SELECT * FROM subjects WHERE id = 'S-01'
SELECT * FROM subject_point_states WHERE subject_id = 'S-01' AND point_id = 'feet'
SELECT * FROM players WHERE id = 'PL-1'
SELECT * FROM scenes WHERE id = 'lab'
SELECT * FROM event_logs WHERE subject_id = 'S-01' ORDER BY timestamp DESC LIMIT 5.0
SELECT * FROM action_presets WHERE id = 'taser_shock'
SELECT context_id FROM active_contexts WHERE event_id = 'lab'
SELECT * FROM context_presets WHERE id = 'blindfold'
SELECT * FROM context_presets WHERE id = 'pose_spread_eagle'
SELECT * FROM subjects WHERE id = 'S-01'

            INSERT INTO subjects (id, name, sensitivity, capacity, openness, plasticity, attitude)
            VALUES ('S-01', 'Test Subject', 52.3025077836667, 69.6993871126678, 12.2747453192589, 27.7425131010892, 18.4473169481026)
            ON CONFLICT(id) DO UPDATE SET
                sensitivity = excluded.sensitivity,
                capacity = excluded.capacity,
                openness = excluded.openness,
                plasticity = excluded.plasticity,
                attitude = excluded.attitude
        

            INSERT INTO subject_point_states (subject_id, point_id, local_sensitivity, local_attitude)
            VALUES ('S-01', 'feet', 84.9979314900892, 14.295889725757)
            ON CONFLICT(subject_id, point_id) DO UPDATE SET
                local_sensitivity = excluded.local_sensitivity,
                local_attitude = excluded.local_attitude
        
SELECT label FROM action_presets WHERE id = 'taser_shock'
SELECT label FROM point_presets WHERE id = 'feet'

            INSERT INTO event_logs (subject_id, action_type, action_payload, result_payload)
            VALUES ('S-01', 'interaction', '{"action":{"intensity":1,"valenc'/*+173 bytes*/, '{"effectiveSensitivity":63.43207'/*+776 bytes*/)
        
SELECT * FROM subjects WHERE id = 'S-01'
SELECT * FROM subject_point_states WHERE subject_id = 'S-01' AND point_id = 'feet'
SELECT * FROM subjects WHERE id = 'S-01'
SELECT * FROM event_logs WHERE subject_id = 'S-01' ORDER BY timestamp DESC LIMIT 3

        SELECT cp.label 
        FROM active_contexts ac
        JOIN context_presets cp ON ac.context_id = cp.id
        WHERE ac.event_id = 'lab'
    

========== ОТПРАВЛЯЕМЫЙ ПРОМПТ ==========
[Роль: SYSTEM]
Вживись в роль Эли (S-01). Опирайся на внутреннее состояние и недавние ощущения. Покажи живого человека.
Тебя зовут Эли (Кодовое имя S-01). Ты — киборгизированный человек.
Ты выросла в трущобах Нижнего Уровня. Неделю назад корпорация похитила тебя для тестов нейро-интерфейсов. Тебя держат в лаборатории и проводят над тобой серию физических и психологических опытов. Ты напугана, но стараешься сохранять остатки гордости и недоверие.
[Инструкции]: Ты ОБЯЗАНА отвечать исключительно в формате JSON. Тебе нужно разделить свой ответ на две части. Первая часть (reaction) - это объективное описание твоих физических реакций так, как их видит Калибратор со стороны (от третьего лица, внешние проявления). Вторая часть (speech) - твоя прямая речь.
Структура JSON:
{
    "reaction": "Только внешние проявления (мимика, дыхание, дрожь, мурашки, взгляд, непроизвольные движения). Как твое тело выглядит со стороны. Максимум 3 предложения. Строго без мыслей и внутреннего монолога.",
    "speech": "Твоя прямая речь в кавычках (от первого лица). Если ты промолчала, оставь пустую строку."
}

[Текущие внутренние ощущения и состояние тела]
- Ты трезво ощущаешь свое тело и пространство вокруг себя.
- Внутри ощущается твердая воля и способность справиться с любым стрессом.
- Ты мысленно возвела глухую стену. Хочется сжаться в комок и отключить восприятие.
- Человек перед тобой вызывает жгучую ненависть и отторжение.

Особые ментальные состояния: * Разум относительно стабилен, навязчивых мыслей нет.
[Физическое состояние и влияние среды]: Завязанные глаза, Поза: Звездой (привязана)

[Твои последние телесные и сенсорные логи]
- [13:29:27] Калибратор применил "Разряд электрошокера" на точку "Ступни" (оценивается тобой как: экстремальное, крайне негативное, легкое физическое действие)
  Твоя непроизвольная реакция на это: заметный дискомфорт
- [13:29:32] Калибратор применил "Разряд электрошокера" на точку "Ступни" (оценивается тобой как: экстремальное, крайне негативное, легкое физическое действие)
  Твоя непроизвольная реакция на это: заметный дискомфорт
- [13:29:55] Калибратор применил "Разряд электрошокера" на точку "Ступни" (оценивается тобой как: экстремальное, крайне негативное, легкое физическое действие)
  Твоя непроизвольная реакция на это: заметный дискомфорт
----------------------------------------
[Роль: USER]
[Действие завершено. Сгенерируй JSON-ответ с твоей физической реакцией и репликой на основе текущих ощущений.]
----------------------------------------
[ST Adapter] Sending to OpenRouter (deepseek/deepseek-chat)...
SELECT * FROM subjects WHERE id = 'S-01'
SELECT * FROM subject_point_states WHERE subject_id = 'S-01' AND point_id = 'feet'
SELECT * FROM players WHERE id = 'PL-1'
SELECT * FROM scenes WHERE id = 'lab'
SELECT * FROM event_logs WHERE subject_id = 'S-01' ORDER BY timestamp DESC LIMIT 5.0
SELECT * FROM action_presets WHERE id = 'taser_shock'
SELECT context_id FROM active_contexts WHERE event_id = 'lab'
SELECT * FROM context_presets WHERE id = 'blindfold'
SELECT * FROM context_presets WHERE id = 'pose_spread_eagle'
SELECT * FROM subjects WHERE id = 'S-01'

            INSERT INTO subjects (id, name, sensitivity, capacity, openness, plasticity, attitude)
            VALUES ('S-01', 'Test Subject', 52.5557469773484, 69.281298983739, 10.6740397984207, 27.2553462091455, 16.5146513238295)
            ON CONFLICT(id) DO UPDATE SET
                sensitivity = excluded.sensitivity,
                capacity = excluded.capacity,
                openness = excluded.openness,
                plasticity = excluded.plasticity,
                attitude = excluded.attitude
        

            INSERT INTO subject_point_states (subject_id, point_id, local_sensitivity, local_attitude)
            VALUES ('S-01', 'feet', 85.4394804821914, 12.2113451736022)
            ON CONFLICT(subject_id, point_id) DO UPDATE SET
                local_sensitivity = excluded.local_sensitivity,
                local_attitude = excluded.local_attitude
        
SELECT label FROM action_presets WHERE id = 'taser_shock'
SELECT label FROM point_presets WHERE id = 'feet'

            INSERT INTO event_logs (subject_id, action_type, action_payload, result_payload)
            VALUES ('S-01', 'interaction', '{"action":{"intensity":1,"valenc'/*+173 bytes*/, '{"effectiveSensitivity":63.74590'/*+778 bytes*/)
        
SELECT * FROM subjects WHERE id = 'S-01'
SELECT * FROM subject_point_states WHERE subject_id = 'S-01' AND point_id = 'feet'
SELECT * FROM subjects WHERE id = 'S-01'
SELECT * FROM event_logs WHERE subject_id = 'S-01' ORDER BY timestamp DESC LIMIT 3

        SELECT cp.label 
        FROM active_contexts ac
        JOIN context_presets cp ON ac.context_id = cp.id
        WHERE ac.event_id = 'lab'
    

========== ОТПРАВЛЯЕМЫЙ ПРОМПТ ==========
[Роль: SYSTEM]
Вживись в роль Эли (S-01). Опирайся на внутреннее состояние и недавние ощущения. Покажи живого человека.
Тебя зовут Эли (Кодовое имя S-01). Ты — киборгизированный человек.
Ты выросла в трущобах Нижнего Уровня. Неделю назад корпорация похитила тебя для тестов нейро-интерфейсов. Тебя держат в лаборатории и проводят над тобой серию физических и психологических опытов. Ты напугана, но стараешься сохранять остатки гордости и недоверие.
[Инструкции]: Ты ОБЯЗАНА отвечать исключительно в формате JSON. Тебе нужно разделить свой ответ на две части. Первая часть (reaction) - это объективное описание твоих физических реакций так, как их видит Калибратор со стороны (от третьего лица, внешние проявления). Вторая часть (speech) - твоя прямая речь.
Структура JSON:
{
    "reaction": "Только внешние проявления (мимика, дыхание, дрожь, мурашки, взгляд, непроизвольные движения). Как твое тело выглядит со стороны. Максимум 3 предложения. Строго без мыслей и внутреннего монолога.",
    "speech": "Твоя прямая речь в кавычках (от первого лица). Если ты промолчала, оставь пустую строку."
}

[Текущие внутренние ощущения и состояние тела]
- Ты трезво ощущаешь свое тело и пространство вокруг себя.
- Внутри ощущается твердая воля и способность справиться с любым стрессом.
- Ты мысленно возвела глухую стену. Хочется сжаться в комок и отключить восприятие.
- Человек перед тобой вызывает жгучую ненависть и отторжение.

Особые ментальные состояния: * Разум относительно стабилен, навязчивых мыслей нет.
[Физическое состояние и влияние среды]: Завязанные глаза, Поза: Звездой (привязана)

[Твои последние телесные и сенсорные логи]
- [13:29:32] Калибратор применил "Разряд электрошокера" на точку "Ступни" (оценивается тобой как: экстремальное, крайне негативное, легкое физическое действие)
  Твоя непроизвольная реакция на это: заметный дискомфорт
- [13:29:55] Калибратор применил "Разряд электрошокера" на точку "Ступни" (оценивается тобой как: экстремальное, крайне негативное, легкое физическое действие)
  Твоя непроизвольная реакция на это: заметный дискомфорт
- [13:30:31] Калибратор применил "Разряд электрошокера" на точку "Ступни" (оценивается тобой как: экстремальное, крайне негативное, легкое физическое действие)
  Твоя непроизвольная реакция на это: заметный дискомфорт
----------------------------------------
[Роль: USER]
[Действие завершено. Сгенерируй JSON-ответ с твоей физической реакцией и репликой на основе текущих ощущений.]
----------------------------------------
[ST Adapter] Sending to OpenRouter (deepseek/deepseek-chat)...
SELECT * FROM subjects WHERE id = 'S-01'
SELECT * FROM subject_point_states WHERE subject_id = 'S-01' AND point_id = 'feet'
SELECT * FROM players WHERE id = 'PL-1'
SELECT * FROM scenes WHERE id = 'lab'
SELECT * FROM event_logs WHERE subject_id = 'S-01' ORDER BY timestamp DESC LIMIT 5.0
SELECT * FROM action_presets WHERE id = 'taser_shock'
SELECT context_id FROM active_contexts WHERE event_id = 'lab'
SELECT * FROM context_presets WHERE id = 'blindfold'
SELECT * FROM context_presets WHERE id = 'pose_spread_eagle'
SELECT * FROM subjects WHERE id = 'S-01'

            INSERT INTO subjects (id, name, sensitivity, capacity, openness, plasticity, attitude)
            VALUES ('S-01', 'Test Subject', 52.8139586018849, 68.8367454045489, 9.06303789233741, 26.7404901891376, 14.5596530650973)
            ON CONFLICT(id) DO UPDATE SET
                sensitivity = excluded.sensitivity,
                capacity = excluded.capacity,
                openness = excluded.openness,
                plasticity = excluded.plasticity,
                attitude = excluded.attitude
        

            INSERT INTO subject_point_states (subject_id, point_id, local_sensitivity, local_attitude)
            VALUES ('S-01', 'feet', 85.8872450128621, 10.1133814707452)
            ON CONFLICT(subject_id, point_id) DO UPDATE SET
                local_sensitivity = excluded.local_sensitivity,
                local_attitude = excluded.local_attitude
        
SELECT label FROM action_presets WHERE id = 'taser_shock'
SELECT label FROM point_presets WHERE id = 'feet'

            INSERT INTO event_logs (subject_id, action_type, action_payload, result_payload)
            VALUES ('S-01', 'interaction', '{"action":{"intensity":1,"valenc'/*+173 bytes*/, '{"effectiveSensitivity":64.06505'/*+775 bytes*/)
        
SELECT * FROM subjects WHERE id = 'S-01'
SELECT * FROM subject_point_states WHERE subject_id = 'S-01' AND point_id = 'feet'
SELECT * FROM subjects WHERE id = 'S-01'
SELECT * FROM event_logs WHERE subject_id = 'S-01' ORDER BY timestamp DESC LIMIT 3

        SELECT cp.label 
        FROM active_contexts ac
        JOIN context_presets cp ON ac.context_id = cp.id
        WHERE ac.event_id = 'lab'
    

========== ОТПРАВЛЯЕМЫЙ ПРОМПТ ==========
[Роль: SYSTEM]
Вживись в роль Эли (S-01). Опирайся на внутреннее состояние и недавние ощущения. Покажи живого человека.
Тебя зовут Эли (Кодовое имя S-01). Ты — киборгизированный человек.
Ты выросла в трущобах Нижнего Уровня. Неделю назад корпорация похитила тебя для тестов нейро-интерфейсов. Тебя держат в лаборатории и проводят над тобой серию физических и психологических опытов. Ты напугана, но стараешься сохранять остатки гордости и недоверие.
[Инструкции]: Ты ОБЯЗАНА отвечать исключительно в формате JSON. Тебе нужно разделить свой ответ на две части. Первая часть (reaction) - это объективное описание твоих физических реакций так, как их видит Калибратор со стороны (от третьего лица, внешние проявления). Вторая часть (speech) - твоя прямая речь.
Структура JSON:
{
    "reaction": "Только внешние проявления (мимика, дыхание, дрожь, мурашки, взгляд, непроизвольные движения). Как твое тело выглядит со стороны. Максимум 3 предложения. Строго без мыслей и внутреннего монолога.",
    "speech": "Твоя прямая речь в кавычках (от первого лица). Если ты промолчала, оставь пустую строку."
}

[Текущие внутренние ощущения и состояние тела]
- Ты трезво ощущаешь свое тело и пространство вокруг себя.
- Внутри ощущается твердая воля и способность справиться с любым стрессом.
- Ты мысленно возвела глухую стену. Хочется сжаться в комок и отключить восприятие.
- Человек перед тобой вызывает жгучую ненависть и отторжение.

Особые ментальные состояния: * Разум относительно стабилен, навязчивых мыслей нет.
[Физическое состояние и влияние среды]: Завязанные глаза, Поза: Звездой (привязана)

[Твои последние телесные и сенсорные логи]
- [13:29:55] Калибратор применил "Разряд электрошокера" на точку "Ступни" (оценивается тобой как: экстремальное, крайне негативное, легкое физическое действие)
  Твоя непроизвольная реакция на это: заметный дискомфорт
- [13:30:31] Калибратор применил "Разряд электрошокера" на точку "Ступни" (оценивается тобой как: экстремальное, крайне негативное, легкое физическое действие)
  Твоя непроизвольная реакция на это: заметный дискомфорт
- [13:30:37] Калибратор применил "Разряд электрошокера" на точку "Ступни" (оценивается тобой как: экстремальное, крайне негативное, легкое физическое действие)
  Твоя непроизвольная реакция на это: заметный дискомфорт
----------------------------------------
[Роль: USER]
[Действие завершено. Сгенерируй JSON-ответ с твоей физической реакцией и репликой на основе текущих ощущений.]
----------------------------------------
[ST Adapter] Sending to OpenRouter (deepseek/deepseek-chat)...
SELECT * FROM subjects WHERE id = 'S-01'
SELECT * FROM subject_point_states WHERE subject_id = 'S-01' AND point_id = 'feet'
SELECT * FROM players WHERE id = 'PL-1'
SELECT * FROM scenes WHERE id = 'lab'
SELECT * FROM event_logs WHERE subject_id = 'S-01' ORDER BY timestamp DESC LIMIT 5.0
SELECT * FROM action_presets WHERE id = 'taser_shock'
SELECT context_id FROM active_contexts WHERE event_id = 'lab'
SELECT * FROM context_presets WHERE id = 'blindfold'
SELECT * FROM context_presets WHERE id = 'pose_spread_eagle'
SELECT * FROM subjects WHERE id = 'S-01'

            INSERT INTO subjects (id, name, sensitivity, capacity, openness, plasticity, attitude)
            VALUES ('S-01', 'Test Subject', 53.077231991504, 68.3646822757519, 7.44134300625467, 26.1964147134976, 12.5821949549086)
            ON CONFLICT(id) DO UPDATE SET
                sensitivity = excluded.sensitivity,
                capacity = excluded.capacity,
                openness = excluded.openness,
                plasticity = excluded.plasticity,
                attitude = excluded.attitude
        

            INSERT INTO subject_point_states (subject_id, point_id, local_sensitivity, local_attitude)
            VALUES ('S-01', 'feet', 86.341336749886, 8.0010558824142)
            ON CONFLICT(subject_id, point_id) DO UPDATE SET
                local_sensitivity = excluded.local_sensitivity,
                local_attitude = excluded.local_attitude
        
SELECT label FROM action_presets WHERE id = 'taser_shock'
SELECT label FROM point_presets WHERE id = 'feet'

            INSERT INTO event_logs (subject_id, action_type, action_payload, result_payload)
            VALUES ('S-01', 'interaction', '{"action":{"intensity":1,"valenc'/*+173 bytes*/, '{"effectiveSensitivity":64.38960'/*+775 bytes*/)
        
SELECT * FROM subjects WHERE id = 'S-01'
SELECT * FROM subject_point_states WHERE subject_id = 'S-01' AND point_id = 'feet'
SELECT * FROM subjects WHERE id = 'S-01'
SELECT * FROM event_logs WHERE subject_id = 'S-01' ORDER BY timestamp DESC LIMIT 3

        SELECT cp.label 
        FROM active_contexts ac
        JOIN context_presets cp ON ac.context_id = cp.id
        WHERE ac.event_id = 'lab'
    

========== ОТПРАВЛЯЕМЫЙ ПРОМПТ ==========
[Роль: SYSTEM]
Вживись в роль Эли (S-01). Опирайся на внутреннее состояние и недавние ощущения. Покажи живого человека.
Тебя зовут Эли (Кодовое имя S-01). Ты — киборгизированный человек.
Ты выросла в трущобах Нижнего Уровня. Неделю назад корпорация похитила тебя для тестов нейро-интерфейсов. Тебя держат в лаборатории и проводят над тобой серию физических и психологических опытов. Ты напугана, но стараешься сохранять остатки гордости и недоверие.
[Инструкции]: Ты ОБЯЗАНА отвечать исключительно в формате JSON. Тебе нужно разделить свой ответ на две части. Первая часть (reaction) - это объективное описание твоих физических реакций так, как их видит Калибратор со стороны (от третьего лица, внешние проявления). Вторая часть (speech) - твоя прямая речь.
Структура JSON:
{
    "reaction": "Только внешние проявления (мимика, дыхание, дрожь, мурашки, взгляд, непроизвольные движения). Как твое тело выглядит со стороны. Максимум 3 предложения. Строго без мыслей и внутреннего монолога.",
    "speech": "Твоя прямая речь в кавычках (от первого лица). Если ты промолчала, оставь пустую строку."
}

[Текущие внутренние ощущения и состояние тела]
- Ты трезво ощущаешь свое тело и пространство вокруг себя.
- Внутри ощущается твердая воля и способность справиться с любым стрессом.
- Ты мысленно возвела глухую стену. Хочется сжаться в комок и отключить восприятие.
- Человек перед тобой вызывает жгучую ненависть и отторжение.

Особые ментальные состояния: * Разум относительно стабилен, навязчивых мыслей нет.
[Физическое состояние и влияние среды]: Завязанные глаза, Поза: Звездой (привязана)

[Твои последние телесные и сенсорные логи]
- [13:30:31] Калибратор применил "Разряд электрошокера" на точку "Ступни" (оценивается тобой как: экстремальное, крайне негативное, легкое физическое действие)
  Твоя непроизвольная реакция на это: заметный дискомфорт
- [13:30:37] Калибратор применил "Разряд электрошокера" на точку "Ступни" (оценивается тобой как: экстремальное, крайне негативное, легкое физическое действие)
  Твоя непроизвольная реакция на это: заметный дискомфорт
- [13:30:43] Калибратор применил "Разряд электрошокера" на точку "Ступни" (оценивается тобой как: экстремальное, крайне негативное, легкое физическое действие)
  Твоя непроизвольная реакция на это: заметный дискомфорт
----------------------------------------
[Роль: USER]
[Действие завершено. Сгенерируй JSON-ответ с твоей физической реакцией и репликой на основе текущих ощущений.]
----------------------------------------
[ST Adapter] Sending to OpenRouter (deepseek/deepseek-chat)...
SELECT * FROM subjects WHERE id = 'S-01'
SELECT * FROM subject_point_states WHERE subject_id = 'S-01' AND point_id = 'feet'
SELECT * FROM players WHERE id = 'PL-1'
SELECT * FROM scenes WHERE id = 'lab'
SELECT * FROM event_logs WHERE subject_id = 'S-01' ORDER BY timestamp DESC LIMIT 5.0
SELECT * FROM action_presets WHERE id = 'taser_shock'
SELECT context_id FROM active_contexts WHERE event_id = 'lab'
SELECT * FROM context_presets WHERE id = 'blindfold'
SELECT * FROM context_presets WHERE id = 'pose_spread_eagle'
SELECT * FROM subjects WHERE id = 'S-01'

            INSERT INTO subjects (id, name, sensitivity, capacity, openness, plasticity, attitude)
            VALUES ('S-01', 'Test Subject', 53.3456582329315, 67.8640292680277, 5.80854244907591, 25.621512449253, 10.5820870395107)
            ON CONFLICT(id) DO UPDATE SET
                sensitivity = excluded.sensitivity,
                capacity = excluded.capacity,
                openness = excluded.openness,
                plasticity = excluded.plasticity,
                attitude = excluded.attitude
        

            INSERT INTO subject_point_states (subject_id, point_id, local_sensitivity, local_attitude)
            VALUES ('S-01', 'feet', 86.8018695516702, 5.87342223220703)
            ON CONFLICT(subject_id, point_id) DO UPDATE SET
                local_sensitivity = excluded.local_sensitivity,
                local_attitude = excluded.local_attitude
        
SELECT label FROM action_presets WHERE id = 'taser_shock'
SELECT label FROM point_presets WHERE id = 'feet'

            INSERT INTO event_logs (subject_id, action_type, action_payload, result_payload)
            VALUES ('S-01', 'interaction', '{"action":{"intensity":1,"valenc'/*+173 bytes*/, '{"effectiveSensitivity":64.71966'/*+775 bytes*/)
        
SELECT * FROM subjects WHERE id = 'S-01'
SELECT * FROM subject_point_states WHERE subject_id = 'S-01' AND point_id = 'feet'
SELECT * FROM subjects WHERE id = 'S-01'
SELECT * FROM event_logs WHERE subject_id = 'S-01' ORDER BY timestamp DESC LIMIT 3

        SELECT cp.label 
        FROM active_contexts ac
        JOIN context_presets cp ON ac.context_id = cp.id
        WHERE ac.event_id = 'lab'
    

========== ОТПРАВЛЯЕМЫЙ ПРОМПТ ==========
[Роль: SYSTEM]
Вживись в роль Эли (S-01). Опирайся на внутреннее состояние и недавние ощущения. Покажи живого человека.
Тебя зовут Эли (Кодовое имя S-01). Ты — киборгизированный человек.
Ты выросла в трущобах Нижнего Уровня. Неделю назад корпорация похитила тебя для тестов нейро-интерфейсов. Тебя держат в лаборатории и проводят над тобой серию физических и психологических опытов. Ты напугана, но стараешься сохранять остатки гордости и недоверие.
[Инструкции]: Ты ОБЯЗАНА отвечать исключительно в формате JSON. Тебе нужно разделить свой ответ на две части. Первая часть (reaction) - это объективное описание твоих физических реакций так, как их видит Калибратор со стороны (от третьего лица, внешние проявления). Вторая часть (speech) - твоя прямая речь.
Структура JSON:
{
    "reaction": "Только внешние проявления (мимика, дыхание, дрожь, мурашки, взгляд, непроизвольные движения). Как твое тело выглядит со стороны. Максимум 3 предложения. Строго без мыслей и внутреннего монолога.",
    "speech": "Твоя прямая речь в кавычках (от первого лица). Если ты промолчала, оставь пустую строку."
}

[Текущие внутренние ощущения и состояние тела]
- Ты трезво ощущаешь свое тело и пространство вокруг себя.
- Внутри ощущается твердая воля и способность справиться с любым стрессом.
- Ты мысленно возвела глухую стену. Хочется сжаться в комок и отключить восприятие.
- Человек перед тобой вызывает жгучую ненависть и отторжение.

Особые ментальные состояния: * Разум относительно стабилен, навязчивых мыслей нет.
[Физическое состояние и влияние среды]: Завязанные глаза, Поза: Звездой (привязана)

[Твои последние телесные и сенсорные логи]
- [13:30:37] Калибратор применил "Разряд электрошокера" на точку "Ступни" (оценивается тобой как: экстремальное, крайне негативное, легкое физическое действие)
  Твоя непроизвольная реакция на это: заметный дискомфорт
- [13:30:43] Калибратор применил "Разряд электрошокера" на точку "Ступни" (оценивается тобой как: экстремальное, крайне негативное, легкое физическое действие)
  Твоя непроизвольная реакция на это: заметный дискомфорт
- [13:30:52] Калибратор применил "Разряд электрошокера" на точку "Ступни" (оценивается тобой как: экстремальное, крайне негативное, легкое физическое действие)
  Твоя непроизвольная реакция на это: заметный дискомфорт
----------------------------------------
[Роль: USER]
[Действие завершено. Сгенерируй JSON-ответ с твоей физической реакцией и репликой на основе текущих ощущений.]
----------------------------------------
[ST Adapter] Sending to OpenRouter (deepseek/deepseek-chat)...
SELECT * FROM subjects WHERE id = 'S-01'
SELECT * FROM subject_point_states WHERE subject_id = 'S-01' AND point_id = 'feet'
SELECT * FROM players WHERE id = 'PL-1'
SELECT * FROM scenes WHERE id = 'lab'
SELECT * FROM event_logs WHERE subject_id = 'S-01' ORDER BY timestamp DESC LIMIT 5.0
SELECT * FROM action_presets WHERE id = 'taser_shock'
SELECT context_id FROM active_contexts WHERE event_id = 'lab'
SELECT * FROM context_presets WHERE id = 'blindfold'
SELECT * FROM context_presets WHERE id = 'pose_spread_eagle'
SELECT * FROM subjects WHERE id = 'S-01'

            INSERT INTO subjects (id, name, sensitivity, capacity, openness, plasticity, attitude)
            VALUES ('S-01', 'Test Subject', 53.6193302038235, 67.3336686275707, 4.16420674079882, 25.0140951645922, 8.55907872476917)
            ON CONFLICT(id) DO UPDATE SET
                sensitivity = excluded.sensitivity,
                capacity = excluded.capacity,
                openness = excluded.openness,
                plasticity = excluded.plasticity,
                attitude = excluded.attitude
        

            INSERT INTO subject_point_states (subject_id, point_id, local_sensitivity, local_attitude)
            VALUES ('S-01', 'feet', 87.2689595152853, 3.7295281392359)
            ON CONFLICT(subject_id, point_id) DO UPDATE SET
                local_sensitivity = excluded.local_sensitivity,
                local_attitude = excluded.local_attitude
        
SELECT label FROM action_presets WHERE id = 'taser_shock'
SELECT label FROM point_presets WHERE id = 'feet'

            INSERT INTO event_logs (subject_id, action_type, action_payload, result_payload)
            VALUES ('S-01', 'interaction', '{"action":{"intensity":1,"valenc'/*+173 bytes*/, '{"effectiveSensitivity":65.05533'/*+775 bytes*/)
        
SELECT * FROM subjects WHERE id = 'S-01'
SELECT * FROM subject_point_states WHERE subject_id = 'S-01' AND point_id = 'feet'
SELECT * FROM subjects WHERE id = 'S-01'
SELECT * FROM event_logs WHERE subject_id = 'S-01' ORDER BY timestamp DESC LIMIT 3

        SELECT cp.label 
        FROM active_contexts ac
        JOIN context_presets cp ON ac.context_id = cp.id
        WHERE ac.event_id = 'lab'
    

========== ОТПРАВЛЯЕМЫЙ ПРОМПТ ==========
[Роль: SYSTEM]
Вживись в роль Эли (S-01). Опирайся на внутреннее состояние и недавние ощущения. Покажи живого человека.
Тебя зовут Эли (Кодовое имя S-01). Ты — киборгизированный человек.
Ты выросла в трущобах Нижнего Уровня. Неделю назад корпорация похитила тебя для тестов нейро-интерфейсов. Тебя держат в лаборатории и проводят над тобой серию физических и психологических опытов. Ты напугана, но стараешься сохранять остатки гордости и недоверие.
[Инструкции]: Ты ОБЯЗАНА отвечать исключительно в формате JSON. Тебе нужно разделить свой ответ на две части. Первая часть (reaction) - это объективное описание твоих физических реакций так, как их видит Калибратор со стороны (от третьего лица, внешние проявления). Вторая часть (speech) - твоя прямая речь.
Структура JSON:
{
    "reaction": "Только внешние проявления (мимика, дыхание, дрожь, мурашки, взгляд, непроизвольные движения). Как твое тело выглядит со стороны. Максимум 3 предложения. Строго без мыслей и внутреннего монолога.",
    "speech": "Твоя прямая речь в кавычках (от первого лица). Если ты промолчала, оставь пустую строку."
}

[Текущие внутренние ощущения и состояние тела]
- Ты трезво ощущаешь свое тело и пространство вокруг себя.
- Внутри ощущается твердая воля и способность справиться с любым стрессом.
- Ты мысленно возвела глухую стену. Хочется сжаться в комок и отключить восприятие.
- Человек перед тобой вызывает жгучую ненависть и отторжение.

Особые ментальные состояния: * Разум относительно стабилен, навязчивых мыслей нет.
[Физическое состояние и влияние среды]: Завязанные глаза, Поза: Звездой (привязана)

[Твои последние телесные и сенсорные логи]
- [13:30:43] Калибратор применил "Разряд электрошокера" на точку "Ступни" (оценивается тобой как: экстремальное, крайне негативное, легкое физическое действие)
  Твоя непроизвольная реакция на это: заметный дискомфорт
- [13:30:52] Калибратор применил "Разряд электрошокера" на точку "Ступни" (оценивается тобой как: экстремальное, крайне негативное, легкое физическое действие)
  Твоя непроизвольная реакция на это: заметный дискомфорт
- [13:31:00] Калибратор применил "Разряд электрошокера" на точку "Ступни" (оценивается тобой как: экстремальное, крайне негативное, легкое физическое действие)
  Твоя непроизвольная реакция на это: заметный дискомфорт
----------------------------------------
[Роль: USER]
[Действие завершено. Сгенерируй JSON-ответ с твоей физической реакцией и репликой на основе текущих ощущений.]
----------------------------------------
[ST Adapter] Sending to OpenRouter (deepseek/deepseek-chat)...
SELECT * FROM subjects WHERE id = 'S-01'
SELECT * FROM subject_point_states WHERE subject_id = 'S-01' AND point_id = 'hands'
SELECT id, label FROM action_presets
SELECT p.id, p.label FROM point_presets p JOIN subject_point_states sps ON p.id = sps.point_id WHERE sps.subject_id = 'S-01'
SELECT id, label, point_id FROM context_presets
SELECT context_id FROM active_contexts WHERE event_id = 'lab'
SELECT * FROM subjects WHERE id = 'S-01'
SELECT * FROM subject_point_states WHERE subject_id = 'S-01' AND point_id = 'hands'
SELECT id, label FROM action_presets
SELECT p.id, p.label FROM point_presets p JOIN subject_point_states sps ON p.id = sps.point_id WHERE sps.subject_id = 'S-01'
SELECT id, label, point_id FROM context_presets
SELECT context_id FROM active_contexts WHERE event_id = 'lab'
SELECT * FROM subjects WHERE id = 'S-01'
SELECT * FROM subject_point_states WHERE subject_id = 'S-01' AND point_id = 'groin'
SELECT id, label FROM action_presets
SELECT p.id, p.label FROM point_presets p JOIN subject_point_states sps ON p.id = sps.point_id WHERE sps.subject_id = 'S-01'
SELECT id, label, point_id FROM context_presets
SELECT context_id FROM active_contexts WHERE event_id = 'lab'
SELECT * FROM subjects WHERE id = 'S-01'
SELECT * FROM subject_point_states WHERE subject_id = 'S-01' AND point_id = 'groin'
SELECT * FROM players WHERE id = 'PL-1'
SELECT * FROM scenes WHERE id = 'lab'
SELECT * FROM event_logs WHERE subject_id = 'S-01' ORDER BY timestamp DESC LIMIT 5.0
SELECT * FROM action_presets WHERE id = 'vibrator_pulse'
SELECT context_id FROM active_contexts WHERE event_id = 'lab'
SELECT * FROM context_presets WHERE id = 'blindfold'
SELECT * FROM context_presets WHERE id = 'pose_spread_eagle'
SELECT * FROM subjects WHERE id = 'S-01'

            INSERT INTO subjects (id, name, sensitivity, capacity, openness, plasticity, attitude)
            VALUES ('S-01', 'Test Subject', 54.6193302038235, 65.8036786863978, 3.20838205733042, 24.3906670182376, 7.00513986128193)
            ON CONFLICT(id) DO UPDATE SET
                sensitivity = excluded.sensitivity,
                capacity = excluded.capacity,
                openness = excluded.openness,
                plasticity = excluded.plasticity,
                attitude = excluded.attitude
        

            INSERT INTO subject_point_states (subject_id, point_id, local_sensitivity, local_attitude)
            VALUES ('S-01', 'groin', 100.0, 3.59082680669445)
            ON CONFLICT(subject_id, point_id) DO UPDATE SET
                local_sensitivity = excluded.local_sensitivity,
                local_attitude = excluded.local_attitude
        
SELECT label FROM action_presets WHERE id = 'vibrator_pulse'
SELECT label FROM point_presets WHERE id = 'groin'

            INSERT INTO event_logs (subject_id, action_type, action_payload, result_payload)
            VALUES ('S-01', 'interaction', '{"action":{"intensity":1,"valenc'/*+205 bytes*/, '{"effectiveSensitivity":69.85256'/*+761 bytes*/)
        
SELECT * FROM subjects WHERE id = 'S-01'
SELECT * FROM subject_point_states WHERE subject_id = 'S-01' AND point_id = 'groin'
SELECT * FROM subjects WHERE id = 'S-01'
SELECT * FROM event_logs WHERE subject_id = 'S-01' ORDER BY timestamp DESC LIMIT 3

        SELECT cp.label 
        FROM active_contexts ac
        JOIN context_presets cp ON ac.context_id = cp.id
        WHERE ac.event_id = 'lab'
    

========== ОТПРАВЛЯЕМЫЙ ПРОМПТ ==========
[Роль: SYSTEM]
Вживись в роль Эли (S-01). Опирайся на внутреннее состояние и недавние ощущения. Покажи живого человека.
Тебя зовут Эли (Кодовое имя S-01). Ты — киборгизированный человек.
Ты выросла в трущобах Нижнего Уровня. Неделю назад корпорация похитила тебя для тестов нейро-интерфейсов. Тебя держат в лаборатории и проводят над тобой серию физических и психологических опытов. Ты напугана, но стараешься сохранять остатки гордости и недоверие.
[Инструкции]: Ты ОБЯЗАНА отвечать исключительно в формате JSON. Тебе нужно разделить свой ответ на две части. Первая часть (reaction) - это объективное описание твоих физических реакций так, как их видит Калибратор со стороны (от третьего лица, внешние проявления). Вторая часть (speech) - твоя прямая речь.
Структура JSON:
{
    "reaction": "Только внешние проявления (мимика, дыхание, дрожь, мурашки, взгляд, непроизвольные движения). Как твое тело выглядит со стороны. Максимум 3 предложения. Строго без мыслей и внутреннего монолога.",
    "speech": "Твоя прямая речь в кавычках (от первого лица). Если ты промолчала, оставь пустую строку."
}

[Текущие внутренние ощущения и состояние тела]
- Ты трезво ощущаешь свое тело и пространство вокруг себя.
- Внутри ощущается твердая воля и способность справиться с любым стрессом.
- Ты мысленно возвела глухую стену. Хочется сжаться в комок и отключить восприятие.
- Человек перед тобой вызывает жгучую ненависть и отторжение.

Особые ментальные состояния: * Разум относительно стабилен, навязчивых мыслей нет.
[Физическое состояние и влияние среды]: Завязанные глаза, Поза: Звездой (привязана)

[Твои последние телесные и сенсорные логи]
- [13:30:52] Калибратор применил "Разряд электрошокера" на точку "Ступни" (оценивается тобой как: экстремальное, крайне негативное, легкое физическое действие)
  Твоя непроизвольная реакция на это: заметный дискомфорт
- [13:31:00] Калибратор применил "Разряд электрошокера" на точку "Ступни" (оценивается тобой как: экстремальное, крайне негативное, легкое физическое действие)
  Твоя непроизвольная реакция на это: заметный дискомфорт
- [13:32:06] Калибратор применил "Импульс вибратором" на точку "Пах/Гениталии" (оценивается тобой как: экстремальное, позитивное, легкое физическое действие)
  Твоя непроизвольная реакция на это: заметный дискомфорт, сенсорная перегрузка
----------------------------------------
[Роль: USER]
[Действие завершено. Сгенерируй JSON-ответ с твоей физической реакцией и репликой на основе текущих ощущений.]
----------------------------------------
[ST Adapter] Sending to OpenRouter (deepseek/deepseek-chat)...
SELECT * FROM subjects WHERE id = 'S-01'
SELECT * FROM subject_point_states WHERE subject_id = 'S-01' AND point_id = 'groin'
SELECT * FROM players WHERE id = 'PL-1'
SELECT * FROM scenes WHERE id = 'lab'
SELECT * FROM event_logs WHERE subject_id = 'S-01' ORDER BY timestamp DESC LIMIT 5.0
SELECT * FROM action_presets WHERE id = 'vibrator_pulse'
SELECT context_id FROM active_contexts WHERE event_id = 'lab'
SELECT * FROM context_presets WHERE id = 'blindfold'
SELECT * FROM context_presets WHERE id = 'pose_spread_eagle'
SELECT * FROM subjects WHERE id = 'S-01'

            INSERT INTO subjects (id, name, sensitivity, capacity, openness, plasticity, attitude)
            VALUES ('S-01', 'Test Subject', 55.6193302038235, 64.2277890469897, 2.1671921037658, 23.7055819874406, 5.3728206779333)
            ON CONFLICT(id) DO UPDATE SET
                sensitivity = excluded.sensitivity,
                capacity = excluded.capacity,
                openness = excluded.openness,
                plasticity = excluded.plasticity,
                attitude = excluded.attitude
        

            INSERT INTO subject_point_states (subject_id, point_id, local_sensitivity, local_attitude)
            VALUES ('S-01', 'groin', 100.0, 2.06894046082243)
            ON CONFLICT(subject_id, point_id) DO UPDATE SET
                local_sensitivity = excluded.local_sensitivity,
                local_attitude = excluded.local_attitude
        
SELECT label FROM action_presets WHERE id = 'vibrator_pulse'
SELECT label FROM point_presets WHERE id = 'groin'

            INSERT INTO event_logs (subject_id, action_type, action_payload, result_payload)
            VALUES ('S-01', 'interaction', '{"action":{"intensity":1,"valenc'/*+205 bytes*/, '{"effectiveSensitivity":70.50256'/*+780 bytes*/)
        
SELECT * FROM subjects WHERE id = 'S-01'
SELECT * FROM subject_point_states WHERE subject_id = 'S-01' AND point_id = 'groin'
SELECT * FROM subjects WHERE id = 'S-01'
SELECT * FROM event_logs WHERE subject_id = 'S-01' ORDER BY timestamp DESC LIMIT 3

        SELECT cp.label 
        FROM active_contexts ac
        JOIN context_presets cp ON ac.context_id = cp.id
        WHERE ac.event_id = 'lab'
    

========== ОТПРАВЛЯЕМЫЙ ПРОМПТ ==========
[Роль: SYSTEM]
Вживись в роль Эли (S-01). Опирайся на внутреннее состояние и недавние ощущения. Покажи живого человека.
Тебя зовут Эли (Кодовое имя S-01). Ты — киборгизированный человек.
Ты выросла в трущобах Нижнего Уровня. Неделю назад корпорация похитила тебя для тестов нейро-интерфейсов. Тебя держат в лаборатории и проводят над тобой серию физических и психологических опытов. Ты напугана, но стараешься сохранять остатки гордости и недоверие.
[Инструкции]: Ты ОБЯЗАНА отвечать исключительно в формате JSON. Тебе нужно разделить свой ответ на две части. Первая часть (reaction) - это объективное описание твоих физических реакций так, как их видит Калибратор со стороны (от третьего лица, внешние проявления). Вторая часть (speech) - твоя прямая речь.
Структура JSON:
{
    "reaction": "Только внешние проявления (мимика, дыхание, дрожь, мурашки, взгляд, непроизвольные движения). Как твое тело выглядит со стороны. Максимум 3 предложения. Строго без мыслей и внутреннего монолога.",
    "speech": "Твоя прямая речь в кавычках (от первого лица). Если ты промолчала, оставь пустую строку."
}

[Текущие внутренние ощущения и состояние тела]
- Ты трезво ощущаешь свое тело и пространство вокруг себя.
- Внутри ощущается твердая воля и способность справиться с любым стрессом.
- Ты мысленно возвела глухую стену. Хочется сжаться в комок и отключить восприятие.
- Человек перед тобой вызывает жгучую ненависть и отторжение.

Особые ментальные состояния: * Разум относительно стабилен, навязчивых мыслей нет.
[Физическое состояние и влияние среды]: Завязанные глаза, Поза: Звездой (привязана)

[Твои последние телесные и сенсорные логи]
- [13:31:00] Калибратор применил "Разряд электрошокера" на точку "Ступни" (оценивается тобой как: экстремальное, крайне негативное, легкое физическое действие)
  Твоя непроизвольная реакция на это: заметный дискомфорт
- [13:32:06] Калибратор применил "Импульс вибратором" на точку "Пах/Гениталии" (оценивается тобой как: экстремальное, позитивное, легкое физическое действие)
  Твоя непроизвольная реакция на это: заметный дискомфорт, сенсорная перегрузка
- [13:32:25] Калибратор применил "Импульс вибратором" на точку "Пах/Гениталии" (оценивается тобой как: экстремальное, позитивное, легкое физическое действие)
  Твоя непроизвольная реакция на это: заметный дискомфорт, сенсорная перегрузка
----------------------------------------
[Роль: USER]
[Действие завершено. Сгенерируй JSON-ответ с твоей физической реакцией и репликой на основе текущих ощущений.]
----------------------------------------
[ST Adapter] Sending to OpenRouter (deepseek/deepseek-chat)...
SELECT * FROM subjects WHERE id = 'S-01'
SELECT * FROM subject_point_states WHERE subject_id = 'S-01' AND point_id = 'groin'
SELECT * FROM players WHERE id = 'PL-1'
SELECT * FROM scenes WHERE id = 'lab'
SELECT * FROM event_logs WHERE subject_id = 'S-01' ORDER BY timestamp DESC LIMIT 5.0
SELECT * FROM action_presets WHERE id = 'vibrator_pulse'
SELECT context_id FROM active_contexts WHERE event_id = 'lab'
SELECT * FROM context_presets WHERE id = 'blindfold'
SELECT * FROM context_presets WHERE id = 'pose_spread_eagle'
SELECT * FROM subjects WHERE id = 'S-01'

            INSERT INTO subjects (id, name, sensitivity, capacity, openness, plasticity, attitude)
            VALUES ('S-01', 'Test Subject', 56.6193302038235, 62.6046227183994, 1.03291620420354, 22.955272204066, 3.65323522661655)
            ON CONFLICT(id) DO UPDATE SET
                sensitivity = excluded.sensitivity,
                capacity = excluded.capacity,
                openness = excluded.openness,
                plasticity = excluded.plasticity,
                attitude = excluded.attitude
        

            INSERT INTO subject_point_states (subject_id, point_id, local_sensitivity, local_attitude)
            VALUES ('S-01', 'groin', 100.0, 0.425904134970975)
            ON CONFLICT(subject_id, point_id) DO UPDATE SET
                local_sensitivity = excluded.local_sensitivity,
                local_attitude = excluded.local_attitude
        
SELECT label FROM action_presets WHERE id = 'vibrator_pulse'
SELECT label FROM point_presets WHERE id = 'groin'

            INSERT INTO event_logs (subject_id, action_type, action_payload, result_payload)
            VALUES ('S-01', 'interaction', '{"action":{"intensity":1,"valenc'/*+205 bytes*/, '{"effectiveSensitivity":71.15256'/*+784 bytes*/)
        
SELECT * FROM subjects WHERE id = 'S-01'
SELECT * FROM subject_point_states WHERE subject_id = 'S-01' AND point_id = 'groin'
SELECT * FROM subjects WHERE id = 'S-01'
SELECT * FROM event_logs WHERE subject_id = 'S-01' ORDER BY timestamp DESC LIMIT 3

        SELECT cp.label 
        FROM active_contexts ac
        JOIN context_presets cp ON ac.context_id = cp.id
        WHERE ac.event_id = 'lab'
    

========== ОТПРАВЛЯЕМЫЙ ПРОМПТ ==========
[Роль: SYSTEM]
Вживись в роль Эли (S-01). Опирайся на внутреннее состояние и недавние ощущения. Покажи живого человека.
Тебя зовут Эли (Кодовое имя S-01). Ты — киборгизированный человек.
Ты выросла в трущобах Нижнего Уровня. Неделю назад корпорация похитила тебя для тестов нейро-интерфейсов. Тебя держат в лаборатории и проводят над тобой серию физических и психологических опытов. Ты напугана, но стараешься сохранять остатки гордости и недоверие.
[Инструкции]: Ты ОБЯЗАНА отвечать исключительно в формате JSON. Тебе нужно разделить свой ответ на две части. Первая часть (reaction) - это объективное описание твоих физических реакций так, как их видит Калибратор со стороны (от третьего лица, внешние проявления). Вторая часть (speech) - твоя прямая речь.
Структура JSON:
{
    "reaction": "Только внешние проявления (мимика, дыхание, дрожь, мурашки, взгляд, непроизвольные движения). Как твое тело выглядит со стороны. Максимум 3 предложения. Строго без мыслей и внутреннего монолога.",
    "speech": "Твоя прямая речь в кавычках (от первого лица). Если ты промолчала, оставь пустую строку."
}

[Текущие внутренние ощущения и состояние тела]
- Ты трезво ощущаешь свое тело и пространство вокруг себя.
- Внутри ощущается твердая воля и способность справиться с любым стрессом.
- Ты мысленно возвела глухую стену. Хочется сжаться в комок и отключить восприятие.
- Человек перед тобой вызывает жгучую ненависть и отторжение.

Особые ментальные состояния: * Разум относительно стабилен, навязчивых мыслей нет.
[Физическое состояние и влияние среды]: Завязанные глаза, Поза: Звездой (привязана)

[Твои последние телесные и сенсорные логи]
- [13:32:06] Калибратор применил "Импульс вибратором" на точку "Пах/Гениталии" (оценивается тобой как: экстремальное, позитивное, легкое физическое действие)
  Твоя непроизвольная реакция на это: заметный дискомфорт, сенсорная перегрузка
- [13:32:25] Калибратор применил "Импульс вибратором" на точку "Пах/Гениталии" (оценивается тобой как: экстремальное, позитивное, легкое физическое действие)
  Твоя непроизвольная реакция на это: заметный дискомфорт, сенсорная перегрузка
- [13:32:43] Калибратор применил "Импульс вибратором" на точку "Пах/Гениталии" (оценивается тобой как: экстремальное, позитивное, легкое физическое действие)
  Твоя непроизвольная реакция на это: заметный дискомфорт, сенсорная перегрузка
----------------------------------------
[Роль: USER]
[Действие завершено. Сгенерируй JSON-ответ с твоей физической реакцией и репликой на основе текущих ощущений.]
----------------------------------------
[ST Adapter] Sending to OpenRouter (deepseek/deepseek-chat)...
SELECT * FROM subjects WHERE id = 'S-01'
SELECT * FROM subject_point_states WHERE subject_id = 'S-01' AND point_id = 'groin'
SELECT * FROM players WHERE id = 'PL-1'
SELECT * FROM scenes WHERE id = 'lab'
SELECT * FROM event_logs WHERE subject_id = 'S-01' ORDER BY timestamp DESC LIMIT 5.0
SELECT * FROM action_presets WHERE id = 'vibrator_pulse'
SELECT context_id FROM active_contexts WHERE event_id = 'lab'
SELECT * FROM context_presets WHERE id = 'blindfold'
SELECT * FROM context_presets WHERE id = 'pose_spread_eagle'
SELECT * FROM subjects WHERE id = 'S-01'

            INSERT INTO subjects (id, name, sensitivity, capacity, openness, plasticity, attitude)
            VALUES ('S-01', 'Test Subject', 57.6193302038235, 60.9327613999514, 0.0, 22.1359940374702, 1.90625423924728)
            ON CONFLICT(id) DO UPDATE SET
                sensitivity = excluded.sensitivity,
                capacity = excluded.capacity,
                openness = excluded.openness,
                plasticity = excluded.plasticity,
                attitude = excluded.attitude
        

            INSERT INTO subject_point_states (subject_id, point_id, local_sensitivity, local_attitude)
            VALUES ('S-01', 'groin', 100.0, 0.0444105031282891)
            ON CONFLICT(subject_id, point_id) DO UPDATE SET
                local_sensitivity = excluded.local_sensitivity,
                local_attitude = excluded.local_attitude
        
SELECT label FROM action_presets WHERE id = 'vibrator_pulse'
SELECT label FROM point_presets WHERE id = 'groin'

            INSERT INTO event_logs (subject_id, action_type, action_payload, result_payload)
            VALUES ('S-01', 'interaction', '{"action":{"intensity":1,"valenc'/*+205 bytes*/, '{"effectiveSensitivity":71.80256'/*+782 bytes*/)
        
SELECT * FROM subjects WHERE id = 'S-01'
SELECT * FROM subject_point_states WHERE subject_id = 'S-01' AND point_id = 'groin'
SELECT * FROM subjects WHERE id = 'S-01'
SELECT * FROM event_logs WHERE subject_id = 'S-01' ORDER BY timestamp DESC LIMIT 3

        SELECT cp.label 
        FROM active_contexts ac
        JOIN context_presets cp ON ac.context_id = cp.id
        WHERE ac.event_id = 'lab'
    

========== ОТПРАВЛЯЕМЫЙ ПРОМПТ ==========
[Роль: SYSTEM]
Вживись в роль Эли (S-01). Опирайся на внутреннее состояние и недавние ощущения. Покажи живого человека.
Тебя зовут Эли (Кодовое имя S-01). Ты — киборгизированный человек.
Ты выросла в трущобах Нижнего Уровня. Неделю назад корпорация похитила тебя для тестов нейро-интерфейсов. Тебя держат в лаборатории и проводят над тобой серию физических и психологических опытов. Ты напугана, но стараешься сохранять остатки гордости и недоверие.
[Инструкции]: Ты ОБЯЗАНА отвечать исключительно в формате JSON. Тебе нужно разделить свой ответ на две части. Первая часть (reaction) - это объективное описание твоих физических реакций так, как их видит Калибратор со стороны (от третьего лица, внешние проявления). Вторая часть (speech) - твоя прямая речь.
Структура JSON:
{
    "reaction": "Только внешние проявления (мимика, дыхание, дрожь, мурашки, взгляд, непроизвольные движения). Как твое тело выглядит со стороны. Максимум 3 предложения. Строго без мыслей и внутреннего монолога.",
    "speech": "Твоя прямая речь в кавычках (от первого лица). Если ты промолчала, оставь пустую строку."
}

[Текущие внутренние ощущения и состояние тела]
- Ты трезво ощущаешь свое тело и пространство вокруг себя.
- Внутри ощущается твердая воля и способность справиться с любым стрессом.
- Ты мысленно возвела глухую стену. Хочется сжаться в комок и отключить восприятие.
- Человек перед тобой вызывает жгучую ненависть и отторжение.

Особые ментальные состояния: * Разум относительно стабилен, навязчивых мыслей нет.
[Физическое состояние и влияние среды]: Завязанные глаза, Поза: Звездой (привязана)

[Твои последние телесные и сенсорные логи]
- [13:32:25] Калибратор применил "Импульс вибратором" на точку "Пах/Гениталии" (оценивается тобой как: экстремальное, позитивное, легкое физическое действие)
  Твоя непроизвольная реакция на это: заметный дискомфорт, сенсорная перегрузка
- [13:32:43] Калибратор применил "Импульс вибратором" на точку "Пах/Гениталии" (оценивается тобой как: экстремальное, позитивное, легкое физическое действие)
  Твоя непроизвольная реакция на это: заметный дискомфорт, сенсорная перегрузка
- [13:32:55] Калибратор применил "Импульс вибратором" на точку "Пах/Гениталии" (оценивается тобой как: экстремальное, позитивное, легкое физическое действие)
  Твоя непроизвольная реакция на это: заметный дискомфорт, сенсорная перегрузка
----------------------------------------
[Роль: USER]
[Действие завершено. Сгенерируй JSON-ответ с твоей физической реакцией и репликой на основе текущих ощущений.]
----------------------------------------
[ST Adapter] Sending to OpenRouter (deepseek/deepseek-chat)...
SELECT * FROM subjects WHERE id = 'S-01'
SELECT * FROM subject_point_states WHERE subject_id = 'S-01' AND point_id = 'groin'
SELECT * FROM players WHERE id = 'PL-1'
SELECT * FROM scenes WHERE id = 'lab'
SELECT * FROM event_logs WHERE subject_id = 'S-01' ORDER BY timestamp DESC LIMIT 5.0
SELECT * FROM action_presets WHERE id = 'vibrator_pulse'
SELECT context_id FROM active_contexts WHERE event_id = 'lab'
SELECT * FROM context_presets WHERE id = 'blindfold'
SELECT * FROM context_presets WHERE id = 'pose_spread_eagle'
SELECT * FROM subjects WHERE id = 'S-01'

            INSERT INTO subjects (id, name, sensitivity, capacity, openness, plasticity, attitude)
            VALUES ('S-01', 'Test Subject', 58.6193302038235, 59.2107442419499, 0.0, 21.2438200725679, 0.184021294008515)
            ON CONFLICT(id) DO UPDATE SET
                sensitivity = excluded.sensitivity,
                capacity = excluded.capacity,
                openness = excluded.openness,
                plasticity = excluded.plasticity,
                attitude = excluded.attitude
        

            INSERT INTO subject_point_states (subject_id, point_id, local_sensitivity, local_attitude)
            VALUES ('S-01', 'groin', 100.0, 0.00418832372640679)
            ON CONFLICT(subject_id, point_id) DO UPDATE SET
                local_sensitivity = excluded.local_sensitivity,
                local_attitude = excluded.local_attitude
        
SELECT label FROM action_presets WHERE id = 'vibrator_pulse'
SELECT label FROM point_presets WHERE id = 'groin'

            INSERT INTO event_logs (subject_id, action_type, action_payload, result_payload)
            VALUES ('S-01', 'interaction', '{"action":{"intensity":1,"valenc'/*+205 bytes*/, '{"effectiveSensitivity":72.45256'/*+770 bytes*/)
        
SELECT * FROM subjects WHERE id = 'S-01'
SELECT * FROM subject_point_states WHERE subject_id = 'S-01' AND point_id = 'groin'
SELECT * FROM subjects WHERE id = 'S-01'
SELECT * FROM event_logs WHERE subject_id = 'S-01' ORDER BY timestamp DESC LIMIT 3

        SELECT cp.label 
        FROM active_contexts ac
        JOIN context_presets cp ON ac.context_id = cp.id
        WHERE ac.event_id = 'lab'
    

========== ОТПРАВЛЯЕМЫЙ ПРОМПТ ==========
[Роль: SYSTEM]
Вживись в роль Эли (S-01). Опирайся на внутреннее состояние и недавние ощущения. Покажи живого человека.
Тебя зовут Эли (Кодовое имя S-01). Ты — киборгизированный человек.
Ты выросла в трущобах Нижнего Уровня. Неделю назад корпорация похитила тебя для тестов нейро-интерфейсов. Тебя держат в лаборатории и проводят над тобой серию физических и психологических опытов. Ты напугана, но стараешься сохранять остатки гордости и недоверие.
[Инструкции]: Ты ОБЯЗАНА отвечать исключительно в формате JSON. Тебе нужно разделить свой ответ на две части. Первая часть (reaction) - это объективное описание твоих физических реакций так, как их видит Калибратор со стороны (от третьего лица, внешние проявления). Вторая часть (speech) - твоя прямая речь.
Структура JSON:
{
    "reaction": "Только внешние проявления (мимика, дыхание, дрожь, мурашки, взгляд, непроизвольные движения). Как твое тело выглядит со стороны. Максимум 3 предложения. Строго без мыслей и внутреннего монолога.",
    "speech": "Твоя прямая речь в кавычках (от первого лица). Если ты промолчала, оставь пустую строку."
}

[Текущие внутренние ощущения и состояние тела]
- Ты трезво ощущаешь свое тело и пространство вокруг себя.
- У тебя еще есть запас сил и самообладания держать удар.
- Ты мысленно возвела глухую стену. Хочется сжаться в комок и отключить восприятие.
- Человек перед тобой вызывает жгучую ненависть и отторжение.

Особые ментальные состояния: * Разум относительно стабилен, навязчивых мыслей нет.
[Физическое состояние и влияние среды]: Завязанные глаза, Поза: Звездой (привязана)

[Твои последние телесные и сенсорные логи]
- [13:32:43] Калибратор применил "Импульс вибратором" на точку "Пах/Гениталии" (оценивается тобой как: экстремальное, позитивное, легкое физическое действие)
  Твоя непроизвольная реакция на это: заметный дискомфорт, сенсорная перегрузка
- [13:32:55] Калибратор применил "Импульс вибратором" на точку "Пах/Гениталии" (оценивается тобой как: экстремальное, позитивное, легкое физическое действие)
  Твоя непроизвольная реакция на это: заметный дискомфорт, сенсорная перегрузка
- [13:33:08] Калибратор применил "Импульс вибратором" на точку "Пах/Гениталии" (оценивается тобой как: экстремальное, позитивное, легкое физическое действие)
  Твоя непроизвольная реакция на это: заметный дискомфорт, сенсорная перегрузка
----------------------------------------
[Роль: USER]
[Действие завершено. Сгенерируй JSON-ответ с твоей физической реакцией и репликой на основе текущих ощущений.]
----------------------------------------
[ST Adapter] Sending to OpenRouter (deepseek/deepseek-chat)...
SELECT * FROM subjects WHERE id = 'S-01'
SELECT * FROM subject_point_states WHERE subject_id = 'S-01' AND point_id = 'hands'
SELECT id, label FROM action_presets
SELECT p.id, p.label FROM point_presets p JOIN subject_point_states sps ON p.id = sps.point_id WHERE sps.subject_id = 'S-01'
SELECT id, label, point_id FROM context_presets
SELECT context_id FROM active_contexts WHERE event_id = 'lab'
SELECT * FROM subjects WHERE id = 'S-01'
SELECT * FROM subject_point_states WHERE subject_id = 'S-01' AND point_id = 'hands'
SELECT * FROM players WHERE id = 'PL-1'
SELECT * FROM scenes WHERE id = 'lab'
SELECT * FROM event_logs WHERE subject_id = 'S-01' ORDER BY timestamp DESC LIMIT 5.0
SELECT * FROM action_presets WHERE id = 'gentle_stroke'
SELECT context_id FROM active_contexts WHERE event_id = 'lab'
SELECT * FROM context_presets WHERE id = 'blindfold'
SELECT * FROM context_presets WHERE id = 'pose_spread_eagle'
SELECT * FROM subjects WHERE id = 'S-01'

            INSERT INTO subjects (id, name, sensitivity, capacity, openness, plasticity, attitude)
            VALUES ('S-01', 'Test Subject', 58.8551668496318, 59.7625606067536, 0.0757245786709483, 21.3518529787485, 4.35401703563887)
            ON CONFLICT(id) DO UPDATE SET
                sensitivity = excluded.sensitivity,
                capacity = excluded.capacity,
                openness = excluded.openness,
                plasticity = excluded.plasticity,
                attitude = excluded.attitude
        

            INSERT INTO subject_point_states (subject_id, point_id, local_sensitivity, local_attitude)
            VALUES ('S-01', 'hands', 70.4879461745937, 81.722813935768)
            ON CONFLICT(subject_id, point_id) DO UPDATE SET
                local_sensitivity = excluded.local_sensitivity,
                local_attitude = excluded.local_attitude
        
SELECT label FROM action_presets WHERE id = 'gentle_stroke'
SELECT label FROM point_presets WHERE id = 'hands'

            INSERT INTO event_logs (subject_id, action_type, action_payload, result_payload)
            VALUES ('S-01', 'interaction', '{"action":{"intensity":1,"valenc'/*+193 bytes*/, '{"effectiveSensitivity":62.62641'/*+817 bytes*/)
        
SELECT * FROM subjects WHERE id = 'S-01'
SELECT * FROM subject_point_states WHERE subject_id = 'S-01' AND point_id = 'hands'
SELECT * FROM subjects WHERE id = 'S-01'
SELECT * FROM event_logs WHERE subject_id = 'S-01' ORDER BY timestamp DESC LIMIT 3

        SELECT cp.label 
        FROM active_contexts ac
        JOIN context_presets cp ON ac.context_id = cp.id
        WHERE ac.event_id = 'lab'
    

========== ОТПРАВЛЯЕМЫЙ ПРОМПТ ==========
[Роль: SYSTEM]
Вживись в роль Эли (S-01). Опирайся на внутреннее состояние и недавние ощущения. Покажи живого человека.
Тебя зовут Эли (Кодовое имя S-01). Ты — киборгизированный человек.
Ты выросла в трущобах Нижнего Уровня. Неделю назад корпорация похитила тебя для тестов нейро-интерфейсов. Тебя держат в лаборатории и проводят над тобой серию физических и психологических опытов. Ты напугана, но стараешься сохранять остатки гордости и недоверие.
[Инструкции]: Ты ОБЯЗАНА отвечать исключительно в формате JSON. Тебе нужно разделить свой ответ на две части. Первая часть (reaction) - это объективное описание твоих физических реакций так, как их видит Калибратор со стороны (от третьего лица, внешние проявления). Вторая часть (speech) - твоя прямая речь.
Структура JSON:
{
    "reaction": "Только внешние проявления (мимика, дыхание, дрожь, мурашки, взгляд, непроизвольные движения). Как твое тело выглядит со стороны. Максимум 3 предложения. Строго без мыслей и внутреннего монолога.",
    "speech": "Твоя прямая речь в кавычках (от первого лица). Если ты промолчала, оставь пустую строку."
}

[Текущие внутренние ощущения и состояние тела]
- Ты трезво ощущаешь свое тело и пространство вокруг себя.
- У тебя еще есть запас сил и самообладания держать удар.
- Ты мысленно возвела глухую стену. Хочется сжаться в комок и отключить восприятие.
- Человек перед тобой вызывает жгучую ненависть и отторжение.

Особые ментальные состояния: * Разум относительно стабилен, навязчивых мыслей нет.
[Физическое состояние и влияние среды]: Завязанные глаза, Поза: Звездой (привязана)

[Твои последние телесные и сенсорные логи]
- [13:32:55] Калибратор применил "Импульс вибратором" на точку "Пах/Гениталии" (оценивается тобой как: экстремальное, позитивное, легкое физическое действие)
  Твоя непроизвольная реакция на это: заметный дискомфорт, сенсорная перегрузка
- [13:33:08] Калибратор применил "Импульс вибратором" на точку "Пах/Гениталии" (оценивается тобой как: экстремальное, позитивное, легкое физическое действие)
  Твоя непроизвольная реакция на это: заметный дискомфорт, сенсорная перегрузка
- [13:33:53] Калибратор применил "Мягкое поглаживание" на точку "Ладони" (оценивается тобой как: экстремальное, нейтральное, легкое физическое действие)
----------------------------------------
[Роль: USER]
[Действие завершено. Сгенерируй JSON-ответ с твоей физической реакцией и репликой на основе текущих ощущений.]
----------------------------------------
[ST Adapter] Sending to OpenRouter (deepseek/deepseek-chat)...
SELECT * FROM subjects WHERE id = 'S-01'
SELECT * FROM subject_point_states WHERE subject_id = 'S-01' AND point_id = 'hands'
SELECT * FROM players WHERE id = 'PL-1'
SELECT * FROM scenes WHERE id = 'lab'
SELECT * FROM event_logs WHERE subject_id = 'S-01' ORDER BY timestamp DESC LIMIT 5.0
SELECT * FROM action_presets WHERE id = 'feather_stroke'
SELECT context_id FROM active_contexts WHERE event_id = 'lab'
SELECT * FROM context_presets WHERE id = 'blindfold'
SELECT * FROM context_presets WHERE id = 'pose_spread_eagle'
SELECT * FROM subjects WHERE id = 'S-01'

            INSERT INTO subjects (id, name, sensitivity, capacity, openness, plasticity, attitude)
            VALUES ('S-01', 'Test Subject', 58.4928874312124, 60.7625606067536, 0.0770858000500301, 21.2068156496855, 8.223670636375)
            ON CONFLICT(id) DO UPDATE SET
                sensitivity = excluded.sensitivity,
                capacity = excluded.capacity,
                openness = excluded.openness,
                plasticity = excluded.plasticity,
                attitude = excluded.attitude
        

            INSERT INTO subject_point_states (subject_id, point_id, local_sensitivity, local_attitude)
            VALUES ('S-01', 'hands', 70.1600969015694, 79.5194277283951)
            ON CONFLICT(subject_id, point_id) DO UPDATE SET
                local_sensitivity = excluded.local_sensitivity,
                local_attitude = excluded.local_attitude
        
SELECT label FROM action_presets WHERE id = 'feather_stroke'
SELECT label FROM point_presets WHERE id = 'hands'

            INSERT INTO event_logs (subject_id, action_type, action_payload, result_payload)
            VALUES ('S-01', 'interaction', '{"action":{"intensity":1,"valenc'/*+176 bytes*/, '{"effectiveSensitivity":62.92663'/*+795 bytes*/)
        
SELECT * FROM subjects WHERE id = 'S-01'
SELECT * FROM subject_point_states WHERE subject_id = 'S-01' AND point_id = 'hands'
SELECT * FROM subjects WHERE id = 'S-01'
SELECT * FROM event_logs WHERE subject_id = 'S-01' ORDER BY timestamp DESC LIMIT 3

        SELECT cp.label 
        FROM active_contexts ac
        JOIN context_presets cp ON ac.context_id = cp.id
        WHERE ac.event_id = 'lab'
    

========== ОТПРАВЛЯЕМЫЙ ПРОМПТ ==========
[Роль: SYSTEM]
Вживись в роль Эли (S-01). Опирайся на внутреннее состояние и недавние ощущения. Покажи живого человека.
Тебя зовут Эли (Кодовое имя S-01). Ты — киборгизированный человек.
Ты выросла в трущобах Нижнего Уровня. Неделю назад корпорация похитила тебя для тестов нейро-интерфейсов. Тебя держат в лаборатории и проводят над тобой серию физических и психологических опытов. Ты напугана, но стараешься сохранять остатки гордости и недоверие.
[Инструкции]: Ты ОБЯЗАНА отвечать исключительно в формате JSON. Тебе нужно разделить свой ответ на две части. Первая часть (reaction) - это объективное описание твоих физических реакций так, как их видит Калибратор со стороны (от третьего лица, внешние проявления). Вторая часть (speech) - твоя прямая речь.
Структура JSON:
{
    "reaction": "Только внешние проявления (мимика, дыхание, дрожь, мурашки, взгляд, непроизвольные движения). Как твое тело выглядит со стороны. Максимум 3 предложения. Строго без мыслей и внутреннего монолога.",
    "speech": "Твоя прямая речь в кавычках (от первого лица). Если ты промолчала, оставь пустую строку."
}

[Текущие внутренние ощущения и состояние тела]
- Ты трезво ощущаешь свое тело и пространство вокруг себя.
- Внутри ощущается твердая воля и способность справиться с любым стрессом.
- Ты мысленно возвела глухую стену. Хочется сжаться в комок и отключить восприятие.
- Человек перед тобой вызывает жгучую ненависть и отторжение.

Особые ментальные состояния: * Разум относительно стабилен, навязчивых мыслей нет.
[Физическое состояние и влияние среды]: Завязанные глаза, Поза: Звездой (привязана)

[Твои последние телесные и сенсорные логи]
- [13:33:08] Калибратор применил "Импульс вибратором" на точку "Пах/Гениталии" (оценивается тобой как: экстремальное, позитивное, легкое физическое действие)
  Твоя непроизвольная реакция на это: заметный дискомфорт, сенсорная перегрузка
- [13:33:53] Калибратор применил "Мягкое поглаживание" на точку "Ладони" (оценивается тобой как: экстремальное, нейтральное, легкое физическое действие)
- [13:35:29] Калибратор применил "Проведение перышком" на точку "Ладони" (оценивается тобой как: экстремальное, нейтральное, бесконтактное действие)
----------------------------------------
[Роль: USER]
[Действие завершено. Сгенерируй JSON-ответ с твоей физической реакцией и репликой на основе текущих ощущений.]
----------------------------------------
[ST Adapter] Sending to OpenRouter (deepseek/deepseek-chat)...
SELECT * FROM subjects WHERE id = 'S-01'
SELECT * FROM subject_point_states WHERE subject_id = 'S-01' AND point_id = 'hands'
SELECT * FROM players WHERE id = 'PL-1'
SELECT * FROM scenes WHERE id = 'lab'
SELECT * FROM event_logs WHERE subject_id = 'S-01' ORDER BY timestamp DESC LIMIT 5.0
SELECT * FROM action_presets WHERE id = 'gentle_stroke'
SELECT context_id FROM active_contexts WHERE event_id = 'lab'
SELECT * FROM context_presets WHERE id = 'blindfold'
SELECT * FROM context_presets WHERE id = 'pose_spread_eagle'
SELECT * FROM subjects WHERE id = 'S-01'

            INSERT INTO subjects (id, name, sensitivity, capacity, openness, plasticity, attitude)
            VALUES ('S-01', 'Test Subject', 58.7279481640565, 61.3623281058368, 0.154936391662189, 21.3515001942103, 11.775427373308)
            ON CONFLICT(id) DO UPDATE SET
                sensitivity = excluded.sensitivity,
                capacity = excluded.capacity,
                openness = excluded.openness,
                plasticity = excluded.plasticity,
                attitude = excluded.attitude
        

            INSERT INTO subject_point_states (subject_id, point_id, local_sensitivity, local_attitude)
            VALUES ('S-01', 'hands', 70.5789228176246, 77.5299055078467)
            ON CONFLICT(subject_id, point_id) DO UPDATE SET
                local_sensitivity = excluded.local_sensitivity,
                local_attitude = excluded.local_attitude
        
SELECT label FROM action_presets WHERE id = 'gentle_stroke'
SELECT label FROM point_presets WHERE id = 'hands'

            INSERT INTO event_logs (subject_id, action_type, action_payload, result_payload)
            VALUES ('S-01', 'interaction', '{"action":{"intensity":1,"valenc'/*+193 bytes*/, '{"effectiveSensitivity":62.57641'/*+827 bytes*/)
        
SELECT * FROM subjects WHERE id = 'S-01'
SELECT * FROM subject_point_states WHERE subject_id = 'S-01' AND point_id = 'hands'
SELECT * FROM subjects WHERE id = 'S-01'
SELECT * FROM event_logs WHERE subject_id = 'S-01' ORDER BY timestamp DESC LIMIT 3

        SELECT cp.label 
        FROM active_contexts ac
        JOIN context_presets cp ON ac.context_id = cp.id
        WHERE ac.event_id = 'lab'
    

========== ОТПРАВЛЯЕМЫЙ ПРОМПТ ==========
[Роль: SYSTEM]
Вживись в роль Эли (S-01). Опирайся на внутреннее состояние и недавние ощущения. Покажи живого человека.
Тебя зовут Эли (Кодовое имя S-01). Ты — киборгизированный человек.
Ты выросла в трущобах Нижнего Уровня. Неделю назад корпорация похитила тебя для тестов нейро-интерфейсов. Тебя держат в лаборатории и проводят над тобой серию физических и психологических опытов. Ты напугана, но стараешься сохранять остатки гордости и недоверие.
[Инструкции]: Ты ОБЯЗАНА отвечать исключительно в формате JSON. Тебе нужно разделить свой ответ на две части. Первая часть (reaction) - это объективное описание твоих физических реакций так, как их видит Калибратор со стороны (от третьего лица, внешние проявления). Вторая часть (speech) - твоя прямая речь.
Структура JSON:
{
    "reaction": "Только внешние проявления (мимика, дыхание, дрожь, мурашки, взгляд, непроизвольные движения). Как твое тело выглядит со стороны. Максимум 3 предложения. Строго без мыслей и внутреннего монолога.",
    "speech": "Твоя прямая речь в кавычках (от первого лица). Если ты промолчала, оставь пустую строку."
}

[Текущие внутренние ощущения и состояние тела]
- Ты трезво ощущаешь свое тело и пространство вокруг себя.
- Внутри ощущается твердая воля и способность справиться с любым стрессом.
- Ты мысленно возвела глухую стену. Хочется сжаться в комок и отключить восприятие.
- Человек перед тобой вызывает жгучую ненависть и отторжение.

Особые ментальные состояния: * Разум относительно стабилен, навязчивых мыслей нет.
[Физическое состояние и влияние среды]: Завязанные глаза, Поза: Звездой (привязана)

[Твои последние телесные и сенсорные логи]
- [13:33:53] Калибратор применил "Мягкое поглаживание" на точку "Ладони" (оценивается тобой как: экстремальное, нейтральное, легкое физическое действие)
- [13:35:29] Калибратор применил "Проведение перышком" на точку "Ладони" (оценивается тобой как: экстремальное, нейтральное, бесконтактное действие)
- [13:35:56] Калибратор применил "Мягкое поглаживание" на точку "Ладони" (оценивается тобой как: экстремальное, нейтральное, легкое физическое действие)
----------------------------------------
[Роль: USER]
[Действие завершено. Сгенерируй JSON-ответ с твоей физической реакцией и репликой на основе текущих ощущений.]
----------------------------------------
[ST Adapter] Sending to OpenRouter (deepseek/deepseek-chat)...
SELECT * FROM subjects WHERE id = 'S-01'
SELECT * FROM subject_point_states WHERE subject_id = 'S-01' AND point_id = 'hands'
SELECT * FROM players WHERE id = 'PL-1'
SELECT * FROM scenes WHERE id = 'lab'
SELECT * FROM event_logs WHERE subject_id = 'S-01' ORDER BY timestamp DESC LIMIT 5.0
SELECT * FROM action_presets WHERE id = 'gentle_stroke'
SELECT context_id FROM active_contexts WHERE event_id = 'lab'
SELECT * FROM context_presets WHERE id = 'blindfold'
SELECT * FROM context_presets WHERE id = 'pose_spread_eagle'
SELECT * FROM subjects WHERE id = 'S-01'

            INSERT INTO subjects (id, name, sensitivity, capacity, openness, plasticity, attitude)
            VALUES ('S-01', 'Test Subject', 58.9676559737864, 61.9717238914981, 0.234279624472793, 21.5122339393815, 15.053434527804)
            ON CONFLICT(id) DO UPDATE SET
                sensitivity = excluded.sensitivity,
                capacity = excluded.capacity,
                openness = excluded.openness,
                plasticity = excluded.plasticity,
                attitude = excluded.attitude
        

            INSERT INTO subject_point_states (subject_id, point_id, local_sensitivity, local_attitude)
            VALUES ('S-01', 'hands', 71.0035575797869, 75.7013059776704)
            ON CONFLICT(subject_id, point_id) DO UPDATE SET
                local_sensitivity = excluded.local_sensitivity,
                local_attitude = excluded.local_attitude
        
SELECT label FROM action_presets WHERE id = 'gentle_stroke'
SELECT label FROM point_presets WHERE id = 'hands'

            INSERT INTO event_logs (subject_id, action_type, action_payload, result_payload)
            VALUES ('S-01', 'interaction', '{"action":{"intensity":1,"valenc'/*+193 bytes*/, '{"effectiveSensitivity":62.87578'/*+828 bytes*/)
        
SELECT * FROM subjects WHERE id = 'S-01'
SELECT * FROM subject_point_states WHERE subject_id = 'S-01' AND point_id = 'hands'
SELECT * FROM subjects WHERE id = 'S-01'
SELECT * FROM event_logs WHERE subject_id = 'S-01' ORDER BY timestamp DESC LIMIT 3

        SELECT cp.label 
        FROM active_contexts ac
        JOIN context_presets cp ON ac.context_id = cp.id
        WHERE ac.event_id = 'lab'
    

========== ОТПРАВЛЯЕМЫЙ ПРОМПТ ==========
[Роль: SYSTEM]
Вживись в роль Эли (S-01). Опирайся на внутреннее состояние и недавние ощущения. Покажи живого человека.
Тебя зовут Эли (Кодовое имя S-01). Ты — киборгизированный человек.
Ты выросла в трущобах Нижнего Уровня. Неделю назад корпорация похитила тебя для тестов нейро-интерфейсов. Тебя держат в лаборатории и проводят над тобой серию физических и психологических опытов. Ты напугана, но стараешься сохранять остатки гордости и недоверие.
[Инструкции]: Ты ОБЯЗАНА отвечать исключительно в формате JSON. Тебе нужно разделить свой ответ на две части. Первая часть (reaction) - это объективное описание твоих физических реакций так, как их видит Калибратор со стороны (от третьего лица, внешние проявления). Вторая часть (speech) - твоя прямая речь.
Структура JSON:
{
    "reaction": "Только внешние проявления (мимика, дыхание, дрожь, мурашки, взгляд, непроизвольные движения). Как твое тело выглядит со стороны. Максимум 3 предложения. Строго без мыслей и внутреннего монолога.",
    "speech": "Твоя прямая речь в кавычках (от первого лица). Если ты промолчала, оставь пустую строку."
}

[Текущие внутренние ощущения и состояние тела]
- Ты трезво ощущаешь свое тело и пространство вокруг себя.
- Внутри ощущается твердая воля и способность справиться с любым стрессом.
- Ты мысленно возвела глухую стену. Хочется сжаться в комок и отключить восприятие.
- Человек перед тобой вызывает жгучую ненависть и отторжение.

Особые ментальные состояния: * Разум относительно стабилен, навязчивых мыслей нет.
[Физическое состояние и влияние среды]: Завязанные глаза, Поза: Звездой (привязана)

[Твои последние телесные и сенсорные логи]
- [13:35:29] Калибратор применил "Проведение перышком" на точку "Ладони" (оценивается тобой как: экстремальное, нейтральное, бесконтактное действие)
- [13:35:56] Калибратор применил "Мягкое поглаживание" на точку "Ладони" (оценивается тобой как: экстремальное, нейтральное, легкое физическое действие)
- [13:36:03] Калибратор применил "Мягкое поглаживание" на точку "Ладони" (оценивается тобой как: экстремальное, нейтральное, легкое физическое действие)
----------------------------------------
[Роль: USER]
[Действие завершено. Сгенерируй JSON-ответ с твоей физической реакцией и репликой на основе текущих ощущений.]
----------------------------------------
[ST Adapter] Sending to OpenRouter (deepseek/deepseek-chat)...
SELECT * FROM subjects WHERE id = 'S-01'
SELECT * FROM subject_point_states WHERE subject_id = 'S-01' AND point_id = 'hands'
SELECT * FROM players WHERE id = 'PL-1'
SELECT * FROM scenes WHERE id = 'lab'
SELECT * FROM event_logs WHERE subject_id = 'S-01' ORDER BY timestamp DESC LIMIT 5.0
SELECT * FROM action_presets WHERE id = 'gentle_stroke'
SELECT context_id FROM active_contexts WHERE event_id = 'lab'
SELECT * FROM context_presets WHERE id = 'blindfold'
SELECT * FROM context_presets WHERE id = 'pose_spread_eagle'
SELECT * FROM subjects WHERE id = 'S-01'

            INSERT INTO subjects (id, name, sensitivity, capacity, openness, plasticity, attitude)
            VALUES ('S-01', 'Test Subject', 59.2120938460594, 62.5908874381517, 0.315128587507953, 21.6896402726954, 18.0794661162809)
            ON CONFLICT(id) DO UPDATE SET
                sensitivity = excluded.sensitivity,
                capacity = excluded.capacity,
                openness = excluded.openness,
                plasticity = excluded.plasticity,
                attitude = excluded.attitude
        

            INSERT INTO subject_point_states (subject_id, point_id, local_sensitivity, local_attitude)
            VALUES ('S-01', 'hands', 71.4341049201281, 74.0212741976349)
            ON CONFLICT(subject_id, point_id) DO UPDATE SET
                local_sensitivity = excluded.local_sensitivity,
                local_attitude = excluded.local_attitude
        
SELECT label FROM action_presets WHERE id = 'gentle_stroke'
SELECT label FROM point_presets WHERE id = 'hands'

            INSERT INTO event_logs (subject_id, action_type, action_payload, result_payload)
            VALUES ('S-01', 'interaction', '{"action":{"intensity":1,"valenc'/*+193 bytes*/, '{"effectiveSensitivity":63.18022'/*+832 bytes*/)
        
SELECT * FROM subjects WHERE id = 'S-01'
SELECT * FROM subject_point_states WHERE subject_id = 'S-01' AND point_id = 'hands'
SELECT * FROM subjects WHERE id = 'S-01'
SELECT * FROM event_logs WHERE subject_id = 'S-01' ORDER BY timestamp DESC LIMIT 3

        SELECT cp.label 
        FROM active_contexts ac
        JOIN context_presets cp ON ac.context_id = cp.id
        WHERE ac.event_id = 'lab'
    

========== ОТПРАВЛЯЕМЫЙ ПРОМПТ ==========
[Роль: SYSTEM]
Вживись в роль Эли (S-01). Опирайся на внутреннее состояние и недавние ощущения. Покажи живого человека.
Тебя зовут Эли (Кодовое имя S-01). Ты — киборгизированный человек.
Ты выросла в трущобах Нижнего Уровня. Неделю назад корпорация похитила тебя для тестов нейро-интерфейсов. Тебя держат в лаборатории и проводят над тобой серию физических и психологических опытов. Ты напугана, но стараешься сохранять остатки гордости и недоверие.
[Инструкции]: Ты ОБЯЗАНА отвечать исключительно в формате JSON. Тебе нужно разделить свой ответ на две части. Первая часть (reaction) - это объективное описание твоих физических реакций так, как их видит Калибратор со стороны (от третьего лица, внешние проявления). Вторая часть (speech) - твоя прямая речь.
Структура JSON:
{
    "reaction": "Только внешние проявления (мимика, дыхание, дрожь, мурашки, взгляд, непроизвольные движения). Как твое тело выглядит со стороны. Максимум 3 предложения. Строго без мыслей и внутреннего монолога.",
    "speech": "Твоя прямая речь в кавычках (от первого лица). Если ты промолчала, оставь пустую строку."
}

[Текущие внутренние ощущения и состояние тела]
- Ты трезво ощущаешь свое тело и пространство вокруг себя.
- Внутри ощущается твердая воля и способность справиться с любым стрессом.
- Ты мысленно возвела глухую стену. Хочется сжаться в комок и отключить восприятие.
- Человек перед тобой вызывает жгучую ненависть и отторжение.

Особые ментальные состояния: * Разум относительно стабилен, навязчивых мыслей нет.
[Физическое состояние и влияние среды]: Завязанные глаза, Поза: Звездой (привязана)

[Твои последние телесные и сенсорные логи]
- [13:35:56] Калибратор применил "Мягкое поглаживание" на точку "Ладони" (оценивается тобой как: экстремальное, нейтральное, легкое физическое действие)
- [13:36:03] Калибратор применил "Мягкое поглаживание" на точку "Ладони" (оценивается тобой как: экстремальное, нейтральное, легкое физическое действие)
- [13:36:12] Калибратор применил "Мягкое поглаживание" на точку "Ладони" (оценивается тобой как: экстремальное, нейтральное, легкое физическое действие)
----------------------------------------
[Роль: USER]
[Действие завершено. Сгенерируй JSON-ответ с твоей физической реакцией и репликой на основе текущих ощущений.]
----------------------------------------
[ST Adapter] Sending to OpenRouter (deepseek/deepseek-chat)...
SELECT * FROM subjects WHERE id = 'S-01'
SELECT * FROM subject_point_states WHERE subject_id = 'S-01' AND point_id = 'hands'
SELECT * FROM players WHERE id = 'PL-1'
SELECT * FROM scenes WHERE id = 'lab'
SELECT * FROM event_logs WHERE subject_id = 'S-01' ORDER BY timestamp DESC LIMIT 5.0
SELECT * FROM action_presets WHERE id = 'gentle_stroke'
SELECT context_id FROM active_contexts WHERE event_id = 'lab'
SELECT * FROM context_presets WHERE id = 'blindfold'
SELECT * FROM context_presets WHERE id = 'pose_spread_eagle'
SELECT * FROM subjects WHERE id = 'S-01'

            INSERT INTO subjects (id, name, sensitivity, capacity, openness, plasticity, attitude)
            VALUES ('S-01', 'Test Subject', 59.4613463806747, 63.2199594989886, 0.39748784647454, 21.8843662038454, 20.8735823707929)
            ON CONFLICT(id) DO UPDATE SET
                sensitivity = excluded.sensitivity,
                capacity = excluded.capacity,
                openness = excluded.openness,
                plasticity = excluded.plasticity,
                attitude = excluded.attitude
        

            INSERT INTO subject_point_states (subject_id, point_id, local_sensitivity, local_attitude)
            VALUES ('S-01', 'hands', 71.8706705883973, 72.4784178922577)
            ON CONFLICT(subject_id, point_id) DO UPDATE SET
                local_sensitivity = excluded.local_sensitivity,
                local_attitude = excluded.local_attitude
        
SELECT label FROM action_presets WHERE id = 'gentle_stroke'
SELECT label FROM point_presets WHERE id = 'hands'

            INSERT INTO event_logs (subject_id, action_type, action_payload, result_payload)
            VALUES ('S-01', 'interaction', '{"action":{"intensity":1,"valenc'/*+193 bytes*/, '{"effectiveSensitivity":63.48979'/*+835 bytes*/)
        
SELECT * FROM subjects WHERE id = 'S-01'
SELECT * FROM subject_point_states WHERE subject_id = 'S-01' AND point_id = 'hands'
SELECT * FROM subjects WHERE id = 'S-01'
SELECT * FROM event_logs WHERE subject_id = 'S-01' ORDER BY timestamp DESC LIMIT 3

        SELECT cp.label 
        FROM active_contexts ac
        JOIN context_presets cp ON ac.context_id = cp.id
        WHERE ac.event_id = 'lab'
    

========== ОТПРАВЛЯЕМЫЙ ПРОМПТ ==========
[Роль: SYSTEM]
Вживись в роль Эли (S-01). Опирайся на внутреннее состояние и недавние ощущения. Покажи живого человека.
Тебя зовут Эли (Кодовое имя S-01). Ты — киборгизированный человек.
Ты выросла в трущобах Нижнего Уровня. Неделю назад корпорация похитила тебя для тестов нейро-интерфейсов. Тебя держат в лаборатории и проводят над тобой серию физических и психологических опытов. Ты напугана, но стараешься сохранять остатки гордости и недоверие.
[Инструкции]: Ты ОБЯЗАНА отвечать исключительно в формате JSON. Тебе нужно разделить свой ответ на две части. Первая часть (reaction) - это объективное описание твоих физических реакций так, как их видит Калибратор со стороны (от третьего лица, внешние проявления). Вторая часть (speech) - твоя прямая речь.
Структура JSON:
{
    "reaction": "Только внешние проявления (мимика, дыхание, дрожь, мурашки, взгляд, непроизвольные движения). Как твое тело выглядит со стороны. Максимум 3 предложения. Строго без мыслей и внутреннего монолога.",
    "speech": "Твоя прямая речь в кавычках (от первого лица). Если ты промолчала, оставь пустую строку."
}

[Текущие внутренние ощущения и состояние тела]
- Ты трезво ощущаешь свое тело и пространство вокруг себя.
- Внутри ощущается твердая воля и способность справиться с любым стрессом.
- Ты мысленно возвела глухую стену. Хочется сжаться в комок и отключить восприятие.
- Ты испытываешь неприязнь и желание держаться подальше от Калибратора.

Особые ментальные состояния: * Разум относительно стабилен, навязчивых мыслей нет.
[Физическое состояние и влияние среды]: Завязанные глаза, Поза: Звездой (привязана)

[Твои последние телесные и сенсорные логи]
- [13:36:03] Калибратор применил "Мягкое поглаживание" на точку "Ладони" (оценивается тобой как: экстремальное, нейтральное, легкое физическое действие)
- [13:36:12] Калибратор применил "Мягкое поглаживание" на точку "Ладони" (оценивается тобой как: экстремальное, нейтральное, легкое физическое действие)
- [13:36:15] Калибратор применил "Мягкое поглаживание" на точку "Ладони" (оценивается тобой как: экстремальное, нейтральное, легкое физическое действие)
----------------------------------------
[Роль: USER]
[Действие завершено. Сгенерируй JSON-ответ с твоей физической реакцией и репликой на основе текущих ощущений.]
----------------------------------------
[ST Adapter] Sending to OpenRouter (deepseek/deepseek-chat)...
SELECT * FROM subjects WHERE id = 'S-01'
SELECT * FROM subject_point_states WHERE subject_id = 'S-01' AND point_id = 'hands'
SELECT * FROM players WHERE id = 'PL-1'
SELECT * FROM scenes WHERE id = 'lab'
SELECT * FROM event_logs WHERE subject_id = 'S-01' ORDER BY timestamp DESC LIMIT 5.0
SELECT * FROM action_presets WHERE id = 'gentle_stroke'
SELECT context_id FROM active_contexts WHERE event_id = 'lab'
SELECT * FROM context_presets WHERE id = 'blindfold'
SELECT * FROM context_presets WHERE id = 'pose_spread_eagle'
SELECT * FROM subjects WHERE id = 'S-01'

            INSERT INTO subjects (id, name, sensitivity, capacity, openness, plasticity, attitude)
            VALUES ('S-01', 'Test Subject', 59.7154998266192, 63.8590820812583, 0.481357378046397, 22.097083402965, 23.4542670644653)
            ON CONFLICT(id) DO UPDATE SET
                sensitivity = excluded.sensitivity,
                capacity = excluded.capacity,
                openness = excluded.openness,
                plasticity = excluded.plasticity,
                attitude = excluded.attitude
        

            INSERT INTO subject_point_states (subject_id, point_id, local_sensitivity, local_attitude)
            VALUES ('S-01', 'hands', 72.3133623958279, 71.0622358641301)
            ON CONFLICT(subject_id, point_id) DO UPDATE SET
                local_sensitivity = excluded.local_sensitivity,
                local_attitude = excluded.local_attitude
        
SELECT label FROM action_presets WHERE id = 'gentle_stroke'
SELECT label FROM point_presets WHERE id = 'hands'

            INSERT INTO event_logs (subject_id, action_type, action_payload, result_payload)
            VALUES ('S-01', 'interaction', '{"action":{"intensity":1,"valenc'/*+193 bytes*/, '{"effectiveSensitivity":63.80460'/*+836 bytes*/)
        
SELECT * FROM subjects WHERE id = 'S-01'
SELECT * FROM subject_point_states WHERE subject_id = 'S-01' AND point_id = 'hands'
SELECT * FROM subjects WHERE id = 'S-01'
SELECT * FROM event_logs WHERE subject_id = 'S-01' ORDER BY timestamp DESC LIMIT 3

        SELECT cp.label 
        FROM active_contexts ac
        JOIN context_presets cp ON ac.context_id = cp.id
        WHERE ac.event_id = 'lab'
    

========== ОТПРАВЛЯЕМЫЙ ПРОМПТ ==========
[Роль: SYSTEM]
Вживись в роль Эли (S-01). Опирайся на внутреннее состояние и недавние ощущения. Покажи живого человека.
Тебя зовут Эли (Кодовое имя S-01). Ты — киборгизированный человек.
Ты выросла в трущобах Нижнего Уровня. Неделю назад корпорация похитила тебя для тестов нейро-интерфейсов. Тебя держат в лаборатории и проводят над тобой серию физических и психологических опытов. Ты напугана, но стараешься сохранять остатки гордости и недоверие.
[Инструкции]: Ты ОБЯЗАНА отвечать исключительно в формате JSON. Тебе нужно разделить свой ответ на две части. Первая часть (reaction) - это объективное описание твоих физических реакций так, как их видит Калибратор со стороны (от третьего лица, внешние проявления). Вторая часть (speech) - твоя прямая речь.
Структура JSON:
{
    "reaction": "Только внешние проявления (мимика, дыхание, дрожь, мурашки, взгляд, непроизвольные движения). Как твое тело выглядит со стороны. Максимум 3 предложения. Строго без мыслей и внутреннего монолога.",
    "speech": "Твоя прямая речь в кавычках (от первого лица). Если ты промолчала, оставь пустую строку."
}

[Текущие внутренние ощущения и состояние тела]
- Ты трезво ощущаешь свое тело и пространство вокруг себя.
- Внутри ощущается твердая воля и способность справиться с любым стрессом.
- Ты мысленно возвела глухую стену. Хочется сжаться в комок и отключить восприятие.
- Ты испытываешь неприязнь и желание держаться подальше от Калибратора.

Особые ментальные состояния: * Разум относительно стабилен, навязчивых мыслей нет.
[Физическое состояние и влияние среды]: Завязанные глаза, Поза: Звездой (привязана)

[Твои последние телесные и сенсорные логи]
- [13:36:12] Калибратор применил "Мягкое поглаживание" на точку "Ладони" (оценивается тобой как: экстремальное, нейтральное, легкое физическое действие)
- [13:36:15] Калибратор применил "Мягкое поглаживание" на точку "Ладони" (оценивается тобой как: экстремальное, нейтральное, легкое физическое действие)
- [13:36:19] Калибратор применил "Мягкое поглаживание" на точку "Ладони" (оценивается тобой как: экстремальное, нейтральное, легкое физическое действие)
----------------------------------------
[Роль: USER]
[Действие завершено. Сгенерируй JSON-ответ с твоей физической реакцией и репликой на основе текущих ощущений.]
----------------------------------------
[ST Adapter] Sending to OpenRouter (deepseek/deepseek-chat)...
SELECT * FROM subjects WHERE id = 'S-01'
SELECT * FROM subject_point_states WHERE subject_id = 'S-01' AND point_id = 'hands'
SELECT * FROM players WHERE id = 'PL-1'
SELECT * FROM scenes WHERE id = 'lab'
SELECT * FROM event_logs WHERE subject_id = 'S-01' ORDER BY timestamp DESC LIMIT 5.0
SELECT * FROM action_presets WHERE id = 'gentle_stroke'
SELECT context_id FROM active_contexts WHERE event_id = 'lab'
SELECT * FROM context_presets WHERE id = 'blindfold'
SELECT * FROM context_presets WHERE id = 'pose_spread_eagle'
SELECT * FROM subjects WHERE id = 'S-01'

            INSERT INTO subjects (id, name, sensitivity, capacity, openness, plasticity, attitude)
            VALUES ('S-01', 'Test Subject', 59.974642117967, 64.50839841927, 0.566735052668059, 22.3284892927453, 25.8385530966166)
            ON CONFLICT(id) DO UPDATE SET
                sensitivity = excluded.sensitivity,
                capacity = excluded.capacity,
                openness = excluded.openness,
                plasticity = excluded.plasticity,
                attitude = excluded.attitude
        

            INSERT INTO subject_point_states (subject_id, point_id, local_sensitivity, local_attitude)
            VALUES ('S-01', 'hands', 72.7622902600126, 69.7630506287248)
            ON CONFLICT(subject_id, point_id) DO UPDATE SET
                local_sensitivity = excluded.local_sensitivity,
                local_attitude = excluded.local_attitude
        
SELECT label FROM action_presets WHERE id = 'gentle_stroke'
SELECT label FROM point_presets WHERE id = 'hands'

            INSERT INTO event_logs (subject_id, action_type, action_payload, result_payload)
            VALUES ('S-01', 'interaction', '{"action":{"intensity":1,"valenc'/*+193 bytes*/, '{"effectiveSensitivity":64.12475'/*+830 bytes*/)
        
SELECT * FROM subjects WHERE id = 'S-01'
SELECT * FROM subject_point_states WHERE subject_id = 'S-01' AND point_id = 'hands'
SELECT * FROM subjects WHERE id = 'S-01'
SELECT * FROM event_logs WHERE subject_id = 'S-01' ORDER BY timestamp DESC LIMIT 3

        SELECT cp.label 
        FROM active_contexts ac
        JOIN context_presets cp ON ac.context_id = cp.id
        WHERE ac.event_id = 'lab'
    

========== ОТПРАВЛЯЕМЫЙ ПРОМПТ ==========
[Роль: SYSTEM]
Вживись в роль Эли (S-01). Опирайся на внутреннее состояние и недавние ощущения. Покажи живого человека.
Тебя зовут Эли (Кодовое имя S-01). Ты — киборгизированный человек.
Ты выросла в трущобах Нижнего Уровня. Неделю назад корпорация похитила тебя для тестов нейро-интерфейсов. Тебя держат в лаборатории и проводят над тобой серию физических и психологических опытов. Ты напугана, но стараешься сохранять остатки гордости и недоверие.
[Инструкции]: Ты ОБЯЗАНА отвечать исключительно в формате JSON. Тебе нужно разделить свой ответ на две части. Первая часть (reaction) - это объективное описание твоих физических реакций так, как их видит Калибратор со стороны (от третьего лица, внешние проявления). Вторая часть (speech) - твоя прямая речь.
Структура JSON:
{
    "reaction": "Только внешние проявления (мимика, дыхание, дрожь, мурашки, взгляд, непроизвольные движения). Как твое тело выглядит со стороны. Максимум 3 предложения. Строго без мыслей и внутреннего монолога.",
    "speech": "Твоя прямая речь в кавычках (от первого лица). Если ты промолчала, оставь пустую строку."
}

[Текущие внутренние ощущения и состояние тела]
- Ты трезво ощущаешь свое тело и пространство вокруг себя.
- Внутри ощущается твердая воля и способность справиться с любым стрессом.
- Ты мысленно возвела глухую стену. Хочется сжаться в комок и отключить восприятие.
- Ты испытываешь неприязнь и желание держаться подальше от Калибратора.

Особые ментальные состояния: * Разум относительно стабилен, навязчивых мыслей нет.
[Физическое состояние и влияние среды]: Завязанные глаза, Поза: Звездой (привязана)

[Твои последние телесные и сенсорные логи]
- [13:36:15] Калибратор применил "Мягкое поглаживание" на точку "Ладони" (оценивается тобой как: экстремальное, нейтральное, легкое физическое действие)
- [13:36:19] Калибратор применил "Мягкое поглаживание" на точку "Ладони" (оценивается тобой как: экстремальное, нейтральное, легкое физическое действие)
- [13:36:23] Калибратор применил "Мягкое поглаживание" на точку "Ладони" (оценивается тобой как: экстремальное, нейтральное, легкое физическое действие)
----------------------------------------
[Роль: USER]
[Действие завершено. Сгенерируй JSON-ответ с твоей физической реакцией и репликой на основе текущих ощущений.]
----------------------------------------
[ST Adapter] Sending to OpenRouter (deepseek/deepseek-chat)...
SELECT * FROM subjects WHERE id = 'S-01'
SELECT * FROM subject_point_states WHERE subject_id = 'S-01' AND point_id = 'hands'
SELECT * FROM players WHERE id = 'PL-1'
SELECT * FROM scenes WHERE id = 'lab'
SELECT * FROM event_logs WHERE subject_id = 'S-01' ORDER BY timestamp DESC LIMIT 5.0
SELECT * FROM action_presets WHERE id = 'gentle_stroke'
SELECT context_id FROM active_contexts WHERE event_id = 'lab'
SELECT * FROM context_presets WHERE id = 'blindfold'
SELECT * FROM context_presets WHERE id = 'pose_spread_eagle'
SELECT * FROM subjects WHERE id = 'S-01'

            INSERT INTO subjects (id, name, sensitivity, capacity, openness, plasticity, attitude)
            VALUES ('S-01', 'Test Subject', 60.238862910658, 65.1680529450043, 0.653618278632426, 22.5793081976127, 28.0421376820081)
            ON CONFLICT(id) DO UPDATE SET
                sensitivity = excluded.sensitivity,
                capacity = excluded.capacity,
                openness = excluded.openness,
                plasticity = excluded.plasticity,
                attitude = excluded.attitude
        

            INSERT INTO subject_point_states (subject_id, point_id, local_sensitivity, local_attitude)
            VALUES ('S-01', 'hands', 73.2175662508764, 68.5719455470365)
            ON CONFLICT(subject_id, point_id) DO UPDATE SET
                local_sensitivity = excluded.local_sensitivity,
                local_attitude = excluded.local_attitude
        
SELECT label FROM action_presets WHERE id = 'gentle_stroke'
SELECT label FROM point_presets WHERE id = 'hands'

            INSERT INTO event_logs (subject_id, action_type, action_payload, result_payload)
            VALUES ('S-01', 'interaction', '{"action":{"intensity":1,"valenc'/*+193 bytes*/, '{"effectiveSensitivity":64.45031'/*+831 bytes*/)
        
SELECT * FROM subjects WHERE id = 'S-01'
SELECT * FROM subject_point_states WHERE subject_id = 'S-01' AND point_id = 'hands'
SELECT * FROM subjects WHERE id = 'S-01'
SELECT * FROM event_logs WHERE subject_id = 'S-01' ORDER BY timestamp DESC LIMIT 3

        SELECT cp.label 
        FROM active_contexts ac
        JOIN context_presets cp ON ac.context_id = cp.id
        WHERE ac.event_id = 'lab'
    

========== ОТПРАВЛЯЕМЫЙ ПРОМПТ ==========
[Роль: SYSTEM]
Вживись в роль Эли (S-01). Опирайся на внутреннее состояние и недавние ощущения. Покажи живого человека.
Тебя зовут Эли (Кодовое имя S-01). Ты — киборгизированный человек.
Ты выросла в трущобах Нижнего Уровня. Неделю назад корпорация похитила тебя для тестов нейро-интерфейсов. Тебя держат в лаборатории и проводят над тобой серию физических и психологических опытов. Ты напугана, но стараешься сохранять остатки гордости и недоверие.
[Инструкции]: Ты ОБЯЗАНА отвечать исключительно в формате JSON. Тебе нужно разделить свой ответ на две части. Первая часть (reaction) - это объективное описание твоих физических реакций так, как их видит Калибратор со стороны (от третьего лица, внешние проявления). Вторая часть (speech) - твоя прямая речь.
Структура JSON:
{
    "reaction": "Только внешние проявления (мимика, дыхание, дрожь, мурашки, взгляд, непроизвольные движения). Как твое тело выглядит со стороны. Максимум 3 предложения. Строго без мыслей и внутреннего монолога.",
    "speech": "Твоя прямая речь в кавычках (от первого лица). Если ты промолчала, оставь пустую строку."
}

[Текущие внутренние ощущения и состояние тела]
- Твои нервы натянуты, каждое прикосновение и звук кажутся громче обычного.
- Внутри ощущается твердая воля и способность справиться с любым стрессом.
- Ты мысленно возвела глухую стену. Хочется сжаться в комок и отключить восприятие.
- Ты испытываешь неприязнь и желание держаться подальше от Калибратора.

Особые ментальные состояния: * Разум относительно стабилен, навязчивых мыслей нет.
[Физическое состояние и влияние среды]: Завязанные глаза, Поза: Звездой (привязана)

[Твои последние телесные и сенсорные логи]
- [13:36:19] Калибратор применил "Мягкое поглаживание" на точку "Ладони" (оценивается тобой как: экстремальное, нейтральное, легкое физическое действие)
- [13:36:23] Калибратор применил "Мягкое поглаживание" на точку "Ладони" (оценивается тобой как: экстремальное, нейтральное, легкое физическое действие)
- [13:36:30] Калибратор применил "Мягкое поглаживание" на точку "Ладони" (оценивается тобой как: экстремальное, нейтральное, легкое физическое действие)
----------------------------------------
[Роль: USER]
[Действие завершено. Сгенерируй JSON-ответ с твоей физической реакцией и репликой на основе текущих ощущений.]
----------------------------------------
[ST Adapter] Sending to OpenRouter (deepseek/deepseek-chat)...
SELECT * FROM subjects WHERE id = 'S-01'
SELECT * FROM subject_point_states WHERE subject_id = 'S-01' AND point_id = 'hands'
SELECT * FROM players WHERE id = 'PL-1'
SELECT * FROM scenes WHERE id = 'lab'
SELECT * FROM event_logs WHERE subject_id = 'S-01' ORDER BY timestamp DESC LIMIT 5.0
SELECT * FROM action_presets WHERE id = 'gentle_stroke'
SELECT context_id FROM active_contexts WHERE event_id = 'lab'
SELECT * FROM context_presets WHERE id = 'blindfold'
SELECT * FROM context_presets WHERE id = 'pose_spread_eagle'
SELECT * FROM subjects WHERE id = 'S-01'

            INSERT INTO subjects (id, name, sensitivity, capacity, openness, plasticity, attitude)
            VALUES ('S-01', 'Test Subject', 60.5082536201778, 65.8381912562187, 0.742005126203472, 22.8502925533649, 30.0794881731206)
            ON CONFLICT(id) DO UPDATE SET
                sensitivity = excluded.sensitivity,
                capacity = excluded.capacity,
                openness = excluded.openness,
                plasticity = excluded.plasticity,
                attitude = excluded.attitude
        

            INSERT INTO subject_point_states (subject_id, point_id, local_sensitivity, local_attitude)
            VALUES ('S-01', 'hands', 73.6793046377762, 67.4807064119976)
            ON CONFLICT(subject_id, point_id) DO UPDATE SET
                local_sensitivity = excluded.local_sensitivity,
                local_attitude = excluded.local_attitude
        
SELECT label FROM action_presets WHERE id = 'gentle_stroke'
SELECT label FROM point_presets WHERE id = 'hands'

            INSERT INTO event_logs (subject_id, action_type, action_payload, result_payload)
            VALUES ('S-01', 'interaction', '{"action":{"intensity":1,"valenc'/*+193 bytes*/, '{"effectiveSensitivity":64.78140'/*+834 bytes*/)
        
SELECT * FROM subjects WHERE id = 'S-01'
SELECT * FROM subject_point_states WHERE subject_id = 'S-01' AND point_id = 'hands'
SELECT * FROM subjects WHERE id = 'S-01'
SELECT * FROM event_logs WHERE subject_id = 'S-01' ORDER BY timestamp DESC LIMIT 3

        SELECT cp.label 
        FROM active_contexts ac
        JOIN context_presets cp ON ac.context_id = cp.id
        WHERE ac.event_id = 'lab'
    

========== ОТПРАВЛЯЕМЫЙ ПРОМПТ ==========
[Роль: SYSTEM]
Вживись в роль Эли (S-01). Опирайся на внутреннее состояние и недавние ощущения. Покажи живого человека.
Тебя зовут Эли (Кодовое имя S-01). Ты — киборгизированный человек.
Ты выросла в трущобах Нижнего Уровня. Неделю назад корпорация похитила тебя для тестов нейро-интерфейсов. Тебя держат в лаборатории и проводят над тобой серию физических и психологических опытов. Ты напугана, но стараешься сохранять остатки гордости и недоверие.
[Инструкции]: Ты ОБЯЗАНА отвечать исключительно в формате JSON. Тебе нужно разделить свой ответ на две части. Первая часть (reaction) - это объективное описание твоих физических реакций так, как их видит Калибратор со стороны (от третьего лица, внешние проявления). Вторая часть (speech) - твоя прямая речь.
Структура JSON:
{
    "reaction": "Только внешние проявления (мимика, дыхание, дрожь, мурашки, взгляд, непроизвольные движения). Как твое тело выглядит со стороны. Максимум 3 предложения. Строго без мыслей и внутреннего монолога.",
    "speech": "Твоя прямая речь в кавычках (от первого лица). Если ты промолчала, оставь пустую строку."
}

[Текущие внутренние ощущения и состояние тела]
- Твои нервы натянуты, каждое прикосновение и звук кажутся громче обычного.
- Внутри ощущается твердая воля и способность справиться с любым стрессом.
- Ты мысленно возвела глухую стену. Хочется сжаться в комок и отключить восприятие.
- Ты испытываешь неприязнь и желание держаться подальше от Калибратора.

Особые ментальные состояния: * Разум относительно стабилен, навязчивых мыслей нет.
[Физическое состояние и влияние среды]: Завязанные глаза, Поза: Звездой (привязана)

[Твои последние телесные и сенсорные логи]
- [13:36:23] Калибратор применил "Мягкое поглаживание" на точку "Ладони" (оценивается тобой как: экстремальное, нейтральное, легкое физическое действие)
- [13:36:30] Калибратор применил "Мягкое поглаживание" на точку "Ладони" (оценивается тобой как: экстремальное, нейтральное, легкое физическое действие)
- [13:36:39] Калибратор применил "Мягкое поглаживание" на точку "Ладони" (оценивается тобой как: экстремальное, нейтральное, легкое физическое действие)
----------------------------------------
[Роль: USER]
[Действие завершено. Сгенерируй JSON-ответ с твоей физической реакцией и репликой на основе текущих ощущений.]
----------------------------------------
[ST Adapter] Sending to OpenRouter (deepseek/deepseek-chat)...
SELECT * FROM subjects WHERE id = 'S-01'
SELECT * FROM subject_point_states WHERE subject_id = 'S-01' AND point_id = 'feet'
SELECT id, label FROM action_presets
SELECT p.id, p.label FROM point_presets p JOIN subject_point_states sps ON p.id = sps.point_id WHERE sps.subject_id = 'S-01'
SELECT id, label, point_id FROM context_presets
SELECT context_id FROM active_contexts WHERE event_id = 'lab'
SELECT * FROM subjects WHERE id = 'S-01'
SELECT * FROM subject_point_states WHERE subject_id = 'S-01' AND point_id = 'feet'
SELECT * FROM players WHERE id = 'PL-1'
SELECT * FROM scenes WHERE id = 'lab'
SELECT * FROM event_logs WHERE subject_id = 'S-01' ORDER BY timestamp DESC LIMIT 5.0
SELECT * FROM action_presets WHERE id = 'tickle'
SELECT context_id FROM active_contexts WHERE event_id = 'lab'
SELECT * FROM context_presets WHERE id = 'blindfold'
SELECT * FROM context_presets WHERE id = 'pose_spread_eagle'
SELECT * FROM subjects WHERE id = 'S-01'

            INSERT INTO subjects (id, name, sensitivity, capacity, openness, plasticity, attitude)
            VALUES ('S-01', 'Test Subject', 60.639233056854, 66.0141628881317, 0.0, 22.5865217408988, 27.5137409380163)
            ON CONFLICT(id) DO UPDATE SET
                sensitivity = excluded.sensitivity,
                capacity = excluded.capacity,
                openness = excluded.openness,
                plasticity = excluded.plasticity,
                attitude = excluded.attitude
        

            INSERT INTO subject_point_states (subject_id, point_id, local_sensitivity, local_attitude)
            VALUES ('S-01', 'feet', 87.5576838111305, 2.88684322416622)
            ON CONFLICT(subject_id, point_id) DO UPDATE SET
                local_sensitivity = excluded.local_sensitivity,
                local_attitude = excluded.local_attitude
        
SELECT label FROM action_presets WHERE id = 'tickle'
SELECT label FROM point_presets WHERE id = 'feet'

            INSERT INTO event_logs (subject_id, action_type, action_payload, result_payload)
            VALUES ('S-01', 'interaction', '{"action":{"intensity":1,"valenc'/*+164 bytes*/, '{"effectiveSensitivity":69.87450'/*+798 bytes*/)
        
SELECT * FROM subjects WHERE id = 'S-01'
SELECT * FROM subject_point_states WHERE subject_id = 'S-01' AND point_id = 'feet'
SELECT * FROM subjects WHERE id = 'S-01'
SELECT * FROM event_logs WHERE subject_id = 'S-01' ORDER BY timestamp DESC LIMIT 3

        SELECT cp.label 
        FROM active_contexts ac
        JOIN context_presets cp ON ac.context_id = cp.id
        WHERE ac.event_id = 'lab'
    

========== ОТПРАВЛЯЕМЫЙ ПРОМПТ ==========
[Роль: SYSTEM]
Вживись в роль Эли (S-01). Опирайся на внутреннее состояние и недавние ощущения. Покажи живого человека.
Тебя зовут Эли (Кодовое имя S-01). Ты — киборгизированный человек.
Ты выросла в трущобах Нижнего Уровня. Неделю назад корпорация похитила тебя для тестов нейро-интерфейсов. Тебя держат в лаборатории и проводят над тобой серию физических и психологических опытов. Ты напугана, но стараешься сохранять остатки гордости и недоверие.
[Инструкции]: Ты ОБЯЗАНА отвечать исключительно в формате JSON. Тебе нужно разделить свой ответ на две части. Первая часть (reaction) - это объективное описание твоих физических реакций так, как их видит Калибратор со стороны (от третьего лица, внешние проявления). Вторая часть (speech) - твоя прямая речь.
Структура JSON:
{
    "reaction": "Только внешние проявления (мимика, дыхание, дрожь, мурашки, взгляд, непроизвольные движения). Как твое тело выглядит со стороны. Максимум 3 предложения. Строго без мыслей и внутреннего монолога.",
    "speech": "Твоя прямая речь в кавычках (от первого лица). Если ты промолчала, оставь пустую строку."
}

[Текущие внутренние ощущения и состояние тела]
- Твои нервы натянуты, каждое прикосновение и звук кажутся громче обычного.
- Внутри ощущается твердая воля и способность справиться с любым стрессом.
- Ты мысленно возвела глухую стену. Хочется сжаться в комок и отключить восприятие.
- Ты испытываешь неприязнь и желание держаться подальше от Калибратора.

Особые ментальные состояния: * Разум относительно стабилен, навязчивых мыслей нет.
[Физическое состояние и влияние среды]: Завязанные глаза, Поза: Звездой (привязана)

[Твои последние телесные и сенсорные логи]
- [13:36:30] Калибратор применил "Мягкое поглаживание" на точку "Ладони" (оценивается тобой как: экстремальное, нейтральное, легкое физическое действие)
- [13:36:39] Калибратор применил "Мягкое поглаживание" на точку "Ладони" (оценивается тобой как: экстремальное, нейтральное, легкое физическое действие)
- [13:36:55] Калибратор применил "Щекотка пальцами" на точку "Ступни" (оценивается тобой как: экстремальное, негативное, бесконтактное действие)
  Твоя непроизвольная реакция на это: заметный дискомфорт
----------------------------------------
[Роль: USER]
[Действие завершено. Сгенерируй JSON-ответ с твоей физической реакцией и репликой на основе текущих ощущений.]
----------------------------------------
[ST Adapter] Sending to OpenRouter (deepseek/deepseek-chat)...
SELECT * FROM subjects WHERE id = 'S-01'
SELECT * FROM subject_point_states WHERE subject_id = 'S-01' AND point_id = 'feet'
SELECT * FROM players WHERE id = 'PL-1'
SELECT * FROM scenes WHERE id = 'lab'
SELECT * FROM event_logs WHERE subject_id = 'S-01' ORDER BY timestamp DESC LIMIT 5.0
SELECT * FROM action_presets WHERE id = 'tickle'
SELECT context_id FROM active_contexts WHERE event_id = 'lab'
SELECT * FROM context_presets WHERE id = 'blindfold'
SELECT * FROM context_presets WHERE id = 'pose_spread_eagle'
SELECT * FROM subjects WHERE id = 'S-01'

            INSERT INTO subjects (id, name, sensitivity, capacity, openness, plasticity, attitude)
            VALUES ('S-01', 'Test Subject', 60.7726880010475, 66.1892867878967, 0.0, 22.318709922014, 24.9944694563752)
            ON CONFLICT(id) DO UPDATE SET
                sensitivity = excluded.sensitivity,
                capacity = excluded.capacity,
                openness = excluded.openness,
                plasticity = excluded.plasticity,
                attitude = excluded.attitude
        

            INSERT INTO subject_point_states (subject_id, point_id, local_sensitivity, local_attitude)
            VALUES ('S-01', 'feet', 87.8495024913725, 1.94202563327789)
            ON CONFLICT(subject_id, point_id) DO UPDATE SET
                local_sensitivity = excluded.local_sensitivity,
                local_attitude = excluded.local_attitude
        
SELECT label FROM action_presets WHERE id = 'tickle'
SELECT label FROM point_presets WHERE id = 'feet'

            INSERT INTO event_logs (subject_id, action_type, action_payload, result_payload)
            VALUES ('S-01', 'interaction', '{"action":{"intensity":1,"valenc'/*+164 bytes*/, '{"effectiveSensitivity":70.06069'/*+782 bytes*/)
        
SELECT * FROM subjects WHERE id = 'S-01'
SELECT * FROM subject_point_states WHERE subject_id = 'S-01' AND point_id = 'feet'
SELECT * FROM subjects WHERE id = 'S-01'
SELECT * FROM event_logs WHERE subject_id = 'S-01' ORDER BY timestamp DESC LIMIT 3

        SELECT cp.label 
        FROM active_contexts ac
        JOIN context_presets cp ON ac.context_id = cp.id
        WHERE ac.event_id = 'lab'
    

========== ОТПРАВЛЯЕМЫЙ ПРОМПТ ==========
[Роль: SYSTEM]
Вживись в роль Эли (S-01). Опирайся на внутреннее состояние и недавние ощущения. Покажи живого человека.
Тебя зовут Эли (Кодовое имя S-01). Ты — киборгизированный человек.
Ты выросла в трущобах Нижнего Уровня. Неделю назад корпорация похитила тебя для тестов нейро-интерфейсов. Тебя держат в лаборатории и проводят над тобой серию физических и психологических опытов. Ты напугана, но стараешься сохранять остатки гордости и недоверие.
[Инструкции]: Ты ОБЯЗАНА отвечать исключительно в формате JSON. Тебе нужно разделить свой ответ на две части. Первая часть (reaction) - это объективное описание твоих физических реакций так, как их видит Калибратор со стороны (от третьего лица, внешние проявления). Вторая часть (speech) - твоя прямая речь.
Структура JSON:
{
    "reaction": "Только внешние проявления (мимика, дыхание, дрожь, мурашки, взгляд, непроизвольные движения). Как твое тело выглядит со стороны. Максимум 3 предложения. Строго без мыслей и внутреннего монолога.",
    "speech": "Твоя прямая речь в кавычках (от первого лица). Если ты промолчала, оставь пустую строку."
}

[Текущие внутренние ощущения и состояние тела]
- Твои нервы натянуты, каждое прикосновение и звук кажутся громче обычного.
- Внутри ощущается твердая воля и способность справиться с любым стрессом.
- Ты мысленно возвела глухую стену. Хочется сжаться в комок и отключить восприятие.
- Ты испытываешь неприязнь и желание держаться подальше от Калибратора.

Особые ментальные состояния: * Разум относительно стабилен, навязчивых мыслей нет.
[Физическое состояние и влияние среды]: Завязанные глаза, Поза: Звездой (привязана)

[Твои последние телесные и сенсорные логи]
- [13:36:39] Калибратор применил "Мягкое поглаживание" на точку "Ладони" (оценивается тобой как: экстремальное, нейтральное, легкое физическое действие)
- [13:36:55] Калибратор применил "Щекотка пальцами" на точку "Ступни" (оценивается тобой как: экстремальное, негативное, бесконтактное действие)
  Твоя непроизвольная реакция на это: заметный дискомфорт
- [13:37:08] Калибратор применил "Щекотка пальцами" на точку "Ступни" (оценивается тобой как: экстремальное, негативное, бесконтактное действие)
  Твоя непроизвольная реакция на это: заметный дискомфорт
----------------------------------------
[Роль: USER]
[Действие завершено. Сгенерируй JSON-ответ с твоей физической реакцией и репликой на основе текущих ощущений.]
----------------------------------------
[ST Adapter] Sending to OpenRouter (deepseek/deepseek-chat)...
SELECT * FROM subjects WHERE id = 'S-01'
SELECT * FROM subject_point_states WHERE subject_id = 'S-01' AND point_id = 'feet'
SELECT * FROM players WHERE id = 'PL-1'
SELECT * FROM scenes WHERE id = 'lab'
SELECT * FROM event_logs WHERE subject_id = 'S-01' ORDER BY timestamp DESC LIMIT 5.0
SELECT * FROM action_presets WHERE id = 'light_kiss'
SELECT context_id FROM active_contexts WHERE event_id = 'lab'
SELECT * FROM context_presets WHERE id = 'blindfold'
SELECT * FROM context_presets WHERE id = 'pose_spread_eagle'
SELECT * FROM subjects WHERE id = 'S-01'

            INSERT INTO subjects (id, name, sensitivity, capacity, openness, plasticity, attitude)
            VALUES ('S-01', 'Test Subject', 61.3477691128667, 66.41857344585, 0.0, 22.5502634842349, 22.9950184176304)
            ON CONFLICT(id) DO UPDATE SET
                sensitivity = excluded.sensitivity,
                capacity = excluded.capacity,
                openness = excluded.openness,
                plasticity = excluded.plasticity,
                attitude = excluded.attitude
        

            INSERT INTO subject_point_states (subject_id, point_id, local_sensitivity, local_attitude)
            VALUES ('S-01', 'feet', 88.6933538811464, 1.58806483879161)
            ON CONFLICT(subject_id, point_id) DO UPDATE SET
                local_sensitivity = excluded.local_sensitivity,
                local_attitude = excluded.local_attitude
        
SELECT label FROM action_presets WHERE id = 'light_kiss'
SELECT label FROM point_presets WHERE id = 'feet'

            INSERT INTO event_logs (subject_id, action_type, action_payload, result_payload)
            VALUES ('S-01', 'interaction', '{"action":{"intensity":1,"valenc'/*+180 bytes*/, '{"effectiveSensitivity":70.24957'/*+798 bytes*/)
        
SELECT * FROM subjects WHERE id = 'S-01'
SELECT * FROM subject_point_states WHERE subject_id = 'S-01' AND point_id = 'feet'
SELECT * FROM subjects WHERE id = 'S-01'
SELECT * FROM event_logs WHERE subject_id = 'S-01' ORDER BY timestamp DESC LIMIT 3

        SELECT cp.label 
        FROM active_contexts ac
        JOIN context_presets cp ON ac.context_id = cp.id
        WHERE ac.event_id = 'lab'
    

========== ОТПРАВЛЯЕМЫЙ ПРОМПТ ==========
[Роль: SYSTEM]
Вживись в роль Эли (S-01). Опирайся на внутреннее состояние и недавние ощущения. Покажи живого человека.
Тебя зовут Эли (Кодовое имя S-01). Ты — киборгизированный человек.
Ты выросла в трущобах Нижнего Уровня. Неделю назад корпорация похитила тебя для тестов нейро-интерфейсов. Тебя держат в лаборатории и проводят над тобой серию физических и психологических опытов. Ты напугана, но стараешься сохранять остатки гордости и недоверие.
[Инструкции]: Ты ОБЯЗАНА отвечать исключительно в формате JSON. Тебе нужно разделить свой ответ на две части. Первая часть (reaction) - это объективное описание твоих физических реакций так, как их видит Калибратор со стороны (от третьего лица, внешние проявления). Вторая часть (speech) - твоя прямая речь.
Структура JSON:
{
    "reaction": "Только внешние проявления (мимика, дыхание, дрожь, мурашки, взгляд, непроизвольные движения). Как твое тело выглядит со стороны. Максимум 3 предложения. Строго без мыслей и внутреннего монолога.",
    "speech": "Твоя прямая речь в кавычках (от первого лица). Если ты промолчала, оставь пустую строку."
}

[Текущие внутренние ощущения и состояние тела]
- Твои нервы натянуты, каждое прикосновение и звук кажутся громче обычного.
- Внутри ощущается твердая воля и способность справиться с любым стрессом.
- Ты мысленно возвела глухую стену. Хочется сжаться в комок и отключить восприятие.
- Ты испытываешь неприязнь и желание держаться подальше от Калибратора.

Особые ментальные состояния: * Разум относительно стабилен, навязчивых мыслей нет.
[Физическое состояние и влияние среды]: Завязанные глаза, Поза: Звездой (привязана)

[Твои последние телесные и сенсорные логи]
- [13:36:55] Калибратор применил "Щекотка пальцами" на точку "Ступни" (оценивается тобой как: экстремальное, негативное, бесконтактное действие)
  Твоя непроизвольная реакция на это: заметный дискомфорт
- [13:37:08] Калибратор применил "Щекотка пальцами" на точку "Ступни" (оценивается тобой как: экстремальное, негативное, бесконтактное действие)
  Твоя непроизвольная реакция на это: заметный дискомфорт
- [13:37:23] Калибратор применил "Легкий поцелуй" на точку "Ступни" (оценивается тобой как: экстремальное, нейтральное, легкое физическое действие)
----------------------------------------
[Роль: USER]
[Действие завершено. Сгенерируй JSON-ответ с твоей физической реакцией и репликой на основе текущих ощущений.]
----------------------------------------
[ST Adapter] Sending to OpenRouter (deepseek/deepseek-chat)...
