characterId,character,characterSlug,pose,clothing,restraint,state,relativePath
"S-AV-01","Мира","mira","standing","nude","none","neutral","public/character-images/rendered/mira/standing__nude__none__neutral.png"
"S-AV-01","Мира","mira","standing","nude","none","receptive","public/character-images/rendered/mira/standing__nude__none__receptive.png"
"S-AV-01","Мира","mira","standing","nude","none","guarded","public/character-images/rendered/mira/standing__nude__none__guarded.png"
"S-AV-01","Мира","mira","standing","nude","none","high_positive","public/character-images/rendered/mira/standing__nude__none__high_positive.png"
"S-AV-01","Мира","mira","standing","nude","none","high_negative","public/character-images/rendered/mira/standing__nude__none__high_negative.png"
"S-AV-01","Мира","mira","standing","nude","none","subspace","public/character-images/rendered/mira/standing__nude__none__subspace.png"
"S-AV-01","Мира","mira","standing","nude","none","climax","public/character-images/rendered/mira/standing__nude__none__climax.png"
"S-AV-01","Мира","mira","standing","nude","none","unconscious","public/character-images/rendered/mira/standing__nude__none__unconscious.png"
"S-AV-01","Мира","mira","standing","underwear","none","neutral","public/character-images/rendered/mira/standing__underwear__none__neutral.png"
"S-AV-01","Мира","mira","standing","underwear","none","receptive","public/character-images/rendered/mira/standing__underwear__none__receptive.png"
"S-AV-01","Мира","mira","standing","underwear","none","guarded","public/character-images/rendered/mira/standing__underwear__none__guarded.png"
"S-AV-01","Мира","mira","standing","underwear","none","high_positive","public/character-images/rendered/mira/standing__underwear__none__high_positive.png"
"S-AV-01","Мира","mira","standing","underwear","none","high_negative","public/character-images/rendered/mira/standing__underwear__none__high_negative.png"
"S-AV-01","Мира","mira","standing","underwear","none","subspace","public/character-images/rendered/mira/standing__underwear__none__subspace.png"
"S-AV-01","Мира","mira","standing","underwear","none","climax","public/character-images/rendered/mira/standing__underwear__none__climax.png"
"S-AV-01","Мира","mira","standing","underwear","none","unconscious","public/character-images/rendered/mira/standing__underwear__none__unconscious.png"
"S-AV-01","Мира","mira","standing","dress","none","neutral","public/character-images/rendered/mira/standing__dress__none__neutral.png"
"S-AV-01","Мира","mira","standing","dress","none","receptive","public/character-images/rendered/mira/standing__dress__none__receptive.png"
"S-AV-01","Мира","mira","standing","dress","none","guarded","public/character-images/rendered/mira/standing__dress__none__guarded.png"
"S-AV-01","Мира","mira","standing","dress","none","high_positive","public/character-images/rendered/mira/standing__dress__none__high_positive.png"
"S-AV-01","Мира","mira","standing","dress","none","high_negative","public/character-images/rendered/mira/standing__dress__none__high_negative.png"
"S-AV-01","Мира","mira","standing","dress","none","subspace","public/character-images/rendered/mira/standing__dress__none__subspace.png"
"S-AV-01","Мира","mira","standing","dress","none","climax","public/character-images/rendered/mira/standing__dress__none__climax.png"
"S-AV-01","Мира","mira","standing","dress","none","unconscious","public/character-images/rendered/mira/standing__dress__none__unconscious.png"
"S-AV-01","Мира","mira","standing","dress_stockings","none","neutral","public/character-images/rendered/mira/standing__dress_stockings__none__neutral.png"
"S-AV-01","Мира","mira","standing","dress_stockings","none","receptive","public/character-images/rendered/mira/standing__dress_stockings__none__receptive.png"
"S-AV-01","Мира","mira","standing","dress_stockings","none","guarded","public/character-images/rendered/mira/standing__dress_stockings__none__guarded.png"
"S-AV-01","Мира","mira","standing","dress_stockings","none","high_positive","public/character-images/rendered/mira/standing__dress_stockings__none__high_positive.png"
"S-AV-01","Мира","mira","standing","dress_stockings","none","high_negative","public/character-images/rendered/mira/standing__dress_stockings__none__high_negative.png"
"S-AV-01","Мира","mira","standing","dress_stockings","none","subspace","public/character-images/rendered/mira/standing__dress_stockings__none__subspace.png"
"S-AV-01","Мира","mira","standing","dress_stockings","none","climax","public/character-images/rendered/mira/standing__dress_stockings__none__climax.png"
"S-AV-01","Мира","mira","standing","dress_stockings","none","unconscious","public/character-images/rendered/mira/standing__dress_stockings__none__unconscious.png"
"S-AV-01","Мира","mira","standing","jumpsuit","none","neutral","public/character-images/rendered/mira/standing__jumpsuit__none__neutral.png"
"S-AV-01","Мира","mira","standing","jumpsuit","none","receptive","public/character-images/rendered/mira/standing__jumpsuit__none__receptive.png"
"S-AV-01","Мира","mira","standing","jumpsuit","none","guarded","public/character-images/rendered/mira/standing__jumpsuit__none__guarded.png"
"S-AV-01","Мира","mira","standing","jumpsuit","none","high_positive","public/character-images/rendered/mira/standing__jumpsuit__none__high_positive.png"
"S-AV-01","Мира","mira","standing","jumpsuit","none","high_negative","public/character-images/rendered/mira/standing__jumpsuit__none__high_negative.png"
"S-AV-01","Мира","mira","standing","jumpsuit","none","subspace","public/character-images/rendered/mira/standing__jumpsuit__none__subspace.png"
"S-AV-01","Мира","mira","standing","jumpsuit","none","climax","public/character-images/rendered/mira/standing__jumpsuit__none__climax.png"
"S-AV-01","Мира","mira","standing","jumpsuit","none","unconscious","public/character-images/rendered/mira/standing__jumpsuit__none__unconscious.png"
"S-AV-01","Мира","mira","standing","lab_gown","none","neutral","public/character-images/rendered/mira/standing__lab_gown__none__neutral.png"
"S-AV-01","Мира","mira","standing","lab_gown","none","receptive","public/character-images/rendered/mira/standing__lab_gown__none__receptive.png"
"S-AV-01","Мира","mira","standing","lab_gown","none","guarded","public/character-images/rendered/mira/standing__lab_gown__none__guarded.png"
"S-AV-01","Мира","mira","standing","lab_gown","none","high_positive","public/character-images/rendered/mira/standing__lab_gown__none__high_positive.png"
"S-AV-01","Мира","mira","standing","lab_gown","none","high_negative","public/character-images/rendered/mira/standing__lab_gown__none__high_negative.png"
"S-AV-01","Мира","mira","standing","lab_gown","none","subspace","public/character-images/rendered/mira/standing__lab_gown__none__subspace.png"
"S-AV-01","Мира","mira","standing","lab_gown","none","climax","public/character-images/rendered/mira/standing__lab_gown__none__climax.png"
"S-AV-01","Мира","mira","standing","lab_gown","none","unconscious","public/character-images/rendered/mira/standing__lab_gown__none__unconscious.png"
"S-AV-01","Мира","mira","standing","calibration_set","none","neutral","public/character-images/rendered/mira/standing__calibration_set__none__neutral.png"
"S-AV-01","Мира","mira","standing","calibration_set","none","receptive","public/character-images/rendered/mira/standing__calibration_set__none__receptive.png"
"S-AV-01","Мира","mira","standing","calibration_set","none","guarded","public/character-images/rendered/mira/standing__calibration_set__none__guarded.png"
"S-AV-01","Мира","mira","standing","calibration_set","none","high_positive","public/character-images/rendered/mira/standing__calibration_set__none__high_positive.png"
"S-AV-01","Мира","mira","standing","calibration_set","none","high_negative","public/character-images/rendered/mira/standing__calibration_set__none__high_negative.png"
"S-AV-01","Мира","mira","standing","calibration_set","none","subspace","public/character-images/rendered/mira/standing__calibration_set__none__subspace.png"
"S-AV-01","Мира","mira","standing","calibration_set","none","climax","public/character-images/rendered/mira/standing__calibration_set__none__climax.png"
"S-AV-01","Мира","mira","standing","calibration_set","none","unconscious","public/character-images/rendered/mira/standing__calibration_set__none__unconscious.png"
"S-AV-01","Мира","mira","sitting","nude","none","neutral","public/character-images/rendered/mira/sitting__nude__none__neutral.png"
"S-AV-01","Мира","mira","sitting","nude","none","receptive","public/character-images/rendered/mira/sitting__nude__none__receptive.png"
"S-AV-01","Мира","mira","sitting","nude","none","guarded","public/character-images/rendered/mira/sitting__nude__none__guarded.png"
"S-AV-01","Мира","mira","sitting","nude","none","high_positive","public/character-images/rendered/mira/sitting__nude__none__high_positive.png"
"S-AV-01","Мира","mira","sitting","nude","none","high_negative","public/character-images/rendered/mira/sitting__nude__none__high_negative.png"
"S-AV-01","Мира","mira","sitting","nude","none","subspace","public/character-images/rendered/mira/sitting__nude__none__subspace.png"
"S-AV-01","Мира","mira","sitting","nude","none","climax","public/character-images/rendered/mira/sitting__nude__none__climax.png"
"S-AV-01","Мира","mira","sitting","nude","none","unconscious","public/character-images/rendered/mira/sitting__nude__none__unconscious.png"
"S-AV-01","Мира","mira","sitting","underwear","none","neutral","public/character-images/rendered/mira/sitting__underwear__none__neutral.png"
"S-AV-01","Мира","mira","sitting","underwear","none","receptive","public/character-images/rendered/mira/sitting__underwear__none__receptive.png"
"S-AV-01","Мира","mira","sitting","underwear","none","guarded","public/character-images/rendered/mira/sitting__underwear__none__guarded.png"
"S-AV-01","Мира","mira","sitting","underwear","none","high_positive","public/character-images/rendered/mira/sitting__underwear__none__high_positive.png"
"S-AV-01","Мира","mira","sitting","underwear","none","high_negative","public/character-images/rendered/mira/sitting__underwear__none__high_negative.png"
"S-AV-01","Мира","mira","sitting","underwear","none","subspace","public/character-images/rendered/mira/sitting__underwear__none__subspace.png"
"S-AV-01","Мира","mira","sitting","underwear","none","climax","public/character-images/rendered/mira/sitting__underwear__none__climax.png"
"S-AV-01","Мира","mira","sitting","underwear","none","unconscious","public/character-images/rendered/mira/sitting__underwear__none__unconscious.png"
"S-AV-01","Мира","mira","sitting","dress","none","neutral","public/character-images/rendered/mira/sitting__dress__none__neutral.png"
"S-AV-01","Мира","mira","sitting","dress","none","receptive","public/character-images/rendered/mira/sitting__dress__none__receptive.png"
"S-AV-01","Мира","mira","sitting","dress","none","guarded","public/character-images/rendered/mira/sitting__dress__none__guarded.png"
"S-AV-01","Мира","mira","sitting","dress","none","high_positive","public/character-images/rendered/mira/sitting__dress__none__high_positive.png"
"S-AV-01","Мира","mira","sitting","dress","none","high_negative","public/character-images/rendered/mira/sitting__dress__none__high_negative.png"
"S-AV-01","Мира","mira","sitting","dress","none","subspace","public/character-images/rendered/mira/sitting__dress__none__subspace.png"
"S-AV-01","Мира","mira","sitting","dress","none","climax","public/character-images/rendered/mira/sitting__dress__none__climax.png"
"S-AV-01","Мира","mira","sitting","dress","none","unconscious","public/character-images/rendered/mira/sitting__dress__none__unconscious.png"
"S-AV-01","Мира","mira","sitting","dress_stockings","none","neutral","public/character-images/rendered/mira/sitting__dress_stockings__none__neutral.png"
"S-AV-01","Мира","mira","sitting","dress_stockings","none","receptive","public/character-images/rendered/mira/sitting__dress_stockings__none__receptive.png"
"S-AV-01","Мира","mira","sitting","dress_stockings","none","guarded","public/character-images/rendered/mira/sitting__dress_stockings__none__guarded.png"
"S-AV-01","Мира","mira","sitting","dress_stockings","none","high_positive","public/character-images/rendered/mira/sitting__dress_stockings__none__high_positive.png"
"S-AV-01","Мира","mira","sitting","dress_stockings","none","high_negative","public/character-images/rendered/mira/sitting__dress_stockings__none__high_negative.png"
"S-AV-01","Мира","mira","sitting","dress_stockings","none","subspace","public/character-images/rendered/mira/sitting__dress_stockings__none__subspace.png"
"S-AV-01","Мира","mira","sitting","dress_stockings","none","climax","public/character-images/rendered/mira/sitting__dress_stockings__none__climax.png"
"S-AV-01","Мира","mira","sitting","dress_stockings","none","unconscious","public/character-images/rendered/mira/sitting__dress_stockings__none__unconscious.png"
"S-AV-01","Мира","mira","sitting","jumpsuit","none","neutral","public/character-images/rendered/mira/sitting__jumpsuit__none__neutral.png"
"S-AV-01","Мира","mira","sitting","jumpsuit","none","receptive","public/character-images/rendered/mira/sitting__jumpsuit__none__receptive.png"
"S-AV-01","Мира","mira","sitting","jumpsuit","none","guarded","public/character-images/rendered/mira/sitting__jumpsuit__none__guarded.png"
"S-AV-01","Мира","mira","sitting","jumpsuit","none","high_positive","public/character-images/rendered/mira/sitting__jumpsuit__none__high_positive.png"
"S-AV-01","Мира","mira","sitting","jumpsuit","none","high_negative","public/character-images/rendered/mira/sitting__jumpsuit__none__high_negative.png"
"S-AV-01","Мира","mira","sitting","jumpsuit","none","subspace","public/character-images/rendered/mira/sitting__jumpsuit__none__subspace.png"
"S-AV-01","Мира","mira","sitting","jumpsuit","none","climax","public/character-images/rendered/mira/sitting__jumpsuit__none__climax.png"
"S-AV-01","Мира","mira","sitting","jumpsuit","none","unconscious","public/character-images/rendered/mira/sitting__jumpsuit__none__unconscious.png"
"S-AV-01","Мира","mira","sitting","lab_gown","none","neutral","public/character-images/rendered/mira/sitting__lab_gown__none__neutral.png"
"S-AV-01","Мира","mira","sitting","lab_gown","none","receptive","public/character-images/rendered/mira/sitting__lab_gown__none__receptive.png"
"S-AV-01","Мира","mira","sitting","lab_gown","none","guarded","public/character-images/rendered/mira/sitting__lab_gown__none__guarded.png"
"S-AV-01","Мира","mira","sitting","lab_gown","none","high_positive","public/character-images/rendered/mira/sitting__lab_gown__none__high_positive.png"
"S-AV-01","Мира","mira","sitting","lab_gown","none","high_negative","public/character-images/rendered/mira/sitting__lab_gown__none__high_negative.png"
"S-AV-01","Мира","mira","sitting","lab_gown","none","subspace","public/character-images/rendered/mira/sitting__lab_gown__none__subspace.png"
"S-AV-01","Мира","mira","sitting","lab_gown","none","climax","public/character-images/rendered/mira/sitting__lab_gown__none__climax.png"
"S-AV-01","Мира","mira","sitting","lab_gown","none","unconscious","public/character-images/rendered/mira/sitting__lab_gown__none__unconscious.png"
"S-AV-01","Мира","mira","sitting","calibration_set","none","neutral","public/character-images/rendered/mira/sitting__calibration_set__none__neutral.png"
"S-AV-01","Мира","mira","sitting","calibration_set","none","receptive","public/character-images/rendered/mira/sitting__calibration_set__none__receptive.png"
"S-AV-01","Мира","mira","sitting","calibration_set","none","guarded","public/character-images/rendered/mira/sitting__calibration_set__none__guarded.png"
"S-AV-01","Мира","mira","sitting","calibration_set","none","high_positive","public/character-images/rendered/mira/sitting__calibration_set__none__high_positive.png"
"S-AV-01","Мира","mira","sitting","calibration_set","none","high_negative","public/character-images/rendered/mira/sitting__calibration_set__none__high_negative.png"
"S-AV-01","Мира","mira","sitting","calibration_set","none","subspace","public/character-images/rendered/mira/sitting__calibration_set__none__subspace.png"
"S-AV-01","Мира","mira","sitting","calibration_set","none","climax","public/character-images/rendered/mira/sitting__calibration_set__none__climax.png"
"S-AV-01","Мира","mira","sitting","calibration_set","none","unconscious","public/character-images/rendered/mira/sitting__calibration_set__none__unconscious.png"
"S-AV-01","Мира","mira","kneeling","nude","none","neutral","public/character-images/rendered/mira/kneeling__nude__none__neutral.png"
"S-AV-01","Мира","mira","kneeling","nude","none","receptive","public/character-images/rendered/mira/kneeling__nude__none__receptive.png"
"S-AV-01","Мира","mira","kneeling","nude","none","guarded","public/character-images/rendered/mira/kneeling__nude__none__guarded.png"
"S-AV-01","Мира","mira","kneeling","nude","none","high_positive","public/character-images/rendered/mira/kneeling__nude__none__high_positive.png"
"S-AV-01","Мира","mira","kneeling","nude","none","high_negative","public/character-images/rendered/mira/kneeling__nude__none__high_negative.png"
"S-AV-01","Мира","mira","kneeling","nude","none","subspace","public/character-images/rendered/mira/kneeling__nude__none__subspace.png"
"S-AV-01","Мира","mira","kneeling","nude","none","climax","public/character-images/rendered/mira/kneeling__nude__none__climax.png"
"S-AV-01","Мира","mira","kneeling","nude","none","unconscious","public/character-images/rendered/mira/kneeling__nude__none__unconscious.png"
"S-AV-01","Мира","mira","kneeling","underwear","none","neutral","public/character-images/rendered/mira/kneeling__underwear__none__neutral.png"
"S-AV-01","Мира","mira","kneeling","underwear","none","receptive","public/character-images/rendered/mira/kneeling__underwear__none__receptive.png"
"S-AV-01","Мира","mira","kneeling","underwear","none","guarded","public/character-images/rendered/mira/kneeling__underwear__none__guarded.png"
"S-AV-01","Мира","mira","kneeling","underwear","none","high_positive","public/character-images/rendered/mira/kneeling__underwear__none__high_positive.png"
"S-AV-01","Мира","mira","kneeling","underwear","none","high_negative","public/character-images/rendered/mira/kneeling__underwear__none__high_negative.png"
"S-AV-01","Мира","mira","kneeling","underwear","none","subspace","public/character-images/rendered/mira/kneeling__underwear__none__subspace.png"
"S-AV-01","Мира","mira","kneeling","underwear","none","climax","public/character-images/rendered/mira/kneeling__underwear__none__climax.png"
"S-AV-01","Мира","mira","kneeling","underwear","none","unconscious","public/character-images/rendered/mira/kneeling__underwear__none__unconscious.png"
"S-AV-01","Мира","mira","kneeling","dress","none","neutral","public/character-images/rendered/mira/kneeling__dress__none__neutral.png"
"S-AV-01","Мира","mira","kneeling","dress","none","receptive","public/character-images/rendered/mira/kneeling__dress__none__receptive.png"
"S-AV-01","Мира","mira","kneeling","dress","none","guarded","public/character-images/rendered/mira/kneeling__dress__none__guarded.png"
"S-AV-01","Мира","mira","kneeling","dress","none","high_positive","public/character-images/rendered/mira/kneeling__dress__none__high_positive.png"
"S-AV-01","Мира","mira","kneeling","dress","none","high_negative","public/character-images/rendered/mira/kneeling__dress__none__high_negative.png"
"S-AV-01","Мира","mira","kneeling","dress","none","subspace","public/character-images/rendered/mira/kneeling__dress__none__subspace.png"
"S-AV-01","Мира","mira","kneeling","dress","none","climax","public/character-images/rendered/mira/kneeling__dress__none__climax.png"
"S-AV-01","Мира","mira","kneeling","dress","none","unconscious","public/character-images/rendered/mira/kneeling__dress__none__unconscious.png"
"S-AV-01","Мира","mira","kneeling","dress_stockings","none","neutral","public/character-images/rendered/mira/kneeling__dress_stockings__none__neutral.png"
"S-AV-01","Мира","mira","kneeling","dress_stockings","none","receptive","public/character-images/rendered/mira/kneeling__dress_stockings__none__receptive.png"
"S-AV-01","Мира","mira","kneeling","dress_stockings","none","guarded","public/character-images/rendered/mira/kneeling__dress_stockings__none__guarded.png"
"S-AV-01","Мира","mira","kneeling","dress_stockings","none","high_positive","public/character-images/rendered/mira/kneeling__dress_stockings__none__high_positive.png"
"S-AV-01","Мира","mira","kneeling","dress_stockings","none","high_negative","public/character-images/rendered/mira/kneeling__dress_stockings__none__high_negative.png"
"S-AV-01","Мира","mira","kneeling","dress_stockings","none","subspace","public/character-images/rendered/mira/kneeling__dress_stockings__none__subspace.png"
"S-AV-01","Мира","mira","kneeling","dress_stockings","none","climax","public/character-images/rendered/mira/kneeling__dress_stockings__none__climax.png"
"S-AV-01","Мира","mira","kneeling","dress_stockings","none","unconscious","public/character-images/rendered/mira/kneeling__dress_stockings__none__unconscious.png"
"S-AV-01","Мира","mira","kneeling","jumpsuit","none","neutral","public/character-images/rendered/mira/kneeling__jumpsuit__none__neutral.png"
"S-AV-01","Мира","mira","kneeling","jumpsuit","none","receptive","public/character-images/rendered/mira/kneeling__jumpsuit__none__receptive.png"
"S-AV-01","Мира","mira","kneeling","jumpsuit","none","guarded","public/character-images/rendered/mira/kneeling__jumpsuit__none__guarded.png"
"S-AV-01","Мира","mira","kneeling","jumpsuit","none","high_positive","public/character-images/rendered/mira/kneeling__jumpsuit__none__high_positive.png"
"S-AV-01","Мира","mira","kneeling","jumpsuit","none","high_negative","public/character-images/rendered/mira/kneeling__jumpsuit__none__high_negative.png"
"S-AV-01","Мира","mira","kneeling","jumpsuit","none","subspace","public/character-images/rendered/mira/kneeling__jumpsuit__none__subspace.png"
"S-AV-01","Мира","mira","kneeling","jumpsuit","none","climax","public/character-images/rendered/mira/kneeling__jumpsuit__none__climax.png"
"S-AV-01","Мира","mira","kneeling","jumpsuit","none","unconscious","public/character-images/rendered/mira/kneeling__jumpsuit__none__unconscious.png"
"S-AV-01","Мира","mira","kneeling","lab_gown","none","neutral","public/character-images/rendered/mira/kneeling__lab_gown__none__neutral.png"
"S-AV-01","Мира","mira","kneeling","lab_gown","none","receptive","public/character-images/rendered/mira/kneeling__lab_gown__none__receptive.png"
"S-AV-01","Мира","mira","kneeling","lab_gown","none","guarded","public/character-images/rendered/mira/kneeling__lab_gown__none__guarded.png"
"S-AV-01","Мира","mira","kneeling","lab_gown","none","high_positive","public/character-images/rendered/mira/kneeling__lab_gown__none__high_positive.png"
"S-AV-01","Мира","mira","kneeling","lab_gown","none","high_negative","public/character-images/rendered/mira/kneeling__lab_gown__none__high_negative.png"
"S-AV-01","Мира","mira","kneeling","lab_gown","none","subspace","public/character-images/rendered/mira/kneeling__lab_gown__none__subspace.png"
"S-AV-01","Мира","mira","kneeling","lab_gown","none","climax","public/character-images/rendered/mira/kneeling__lab_gown__none__climax.png"
"S-AV-01","Мира","mira","kneeling","lab_gown","none","unconscious","public/character-images/rendered/mira/kneeling__lab_gown__none__unconscious.png"
"S-AV-01","Мира","mira","kneeling","calibration_set","none","neutral","public/character-images/rendered/mira/kneeling__calibration_set__none__neutral.png"
"S-AV-01","Мира","mira","kneeling","calibration_set","none","receptive","public/character-images/rendered/mira/kneeling__calibration_set__none__receptive.png"
"S-AV-01","Мира","mira","kneeling","calibration_set","none","guarded","public/character-images/rendered/mira/kneeling__calibration_set__none__guarded.png"
"S-AV-01","Мира","mira","kneeling","calibration_set","none","high_positive","public/character-images/rendered/mira/kneeling__calibration_set__none__high_positive.png"
"S-AV-01","Мира","mira","kneeling","calibration_set","none","high_negative","public/character-images/rendered/mira/kneeling__calibration_set__none__high_negative.png"
"S-AV-01","Мира","mira","kneeling","calibration_set","none","subspace","public/character-images/rendered/mira/kneeling__calibration_set__none__subspace.png"
"S-AV-01","Мира","mira","kneeling","calibration_set","none","climax","public/character-images/rendered/mira/kneeling__calibration_set__none__climax.png"
"S-AV-01","Мира","mira","kneeling","calibration_set","none","unconscious","public/character-images/rendered/mira/kneeling__calibration_set__none__unconscious.png"
"S-AV-01","Мира","mira","lying","nude","none","neutral","public/character-images/rendered/mira/lying__nude__none__neutral.png"
"S-AV-01","Мира","mira","lying","nude","none","receptive","public/character-images/rendered/mira/lying__nude__none__receptive.png"
"S-AV-01","Мира","mira","lying","nude","none","guarded","public/character-images/rendered/mira/lying__nude__none__guarded.png"
"S-AV-01","Мира","mira","lying","nude","none","high_positive","public/character-images/rendered/mira/lying__nude__none__high_positive.png"
"S-AV-01","Мира","mira","lying","nude","none","high_negative","public/character-images/rendered/mira/lying__nude__none__high_negative.png"
"S-AV-01","Мира","mira","lying","nude","none","subspace","public/character-images/rendered/mira/lying__nude__none__subspace.png"
"S-AV-01","Мира","mira","lying","nude","none","climax","public/character-images/rendered/mira/lying__nude__none__climax.png"
"S-AV-01","Мира","mira","lying","nude","none","unconscious","public/character-images/rendered/mira/lying__nude__none__unconscious.png"
"S-AV-01","Мира","mira","lying","underwear","none","neutral","public/character-images/rendered/mira/lying__underwear__none__neutral.png"
"S-AV-01","Мира","mira","lying","underwear","none","receptive","public/character-images/rendered/mira/lying__underwear__none__receptive.png"
"S-AV-01","Мира","mira","lying","underwear","none","guarded","public/character-images/rendered/mira/lying__underwear__none__guarded.png"
"S-AV-01","Мира","mira","lying","underwear","none","high_positive","public/character-images/rendered/mira/lying__underwear__none__high_positive.png"
"S-AV-01","Мира","mira","lying","underwear","none","high_negative","public/character-images/rendered/mira/lying__underwear__none__high_negative.png"
"S-AV-01","Мира","mira","lying","underwear","none","subspace","public/character-images/rendered/mira/lying__underwear__none__subspace.png"
"S-AV-01","Мира","mira","lying","underwear","none","climax","public/character-images/rendered/mira/lying__underwear__none__climax.png"
"S-AV-01","Мира","mira","lying","underwear","none","unconscious","public/character-images/rendered/mira/lying__underwear__none__unconscious.png"
"S-AV-01","Мира","mira","lying","dress","none","neutral","public/character-images/rendered/mira/lying__dress__none__neutral.png"
"S-AV-01","Мира","mira","lying","dress","none","receptive","public/character-images/rendered/mira/lying__dress__none__receptive.png"
"S-AV-01","Мира","mira","lying","dress","none","guarded","public/character-images/rendered/mira/lying__dress__none__guarded.png"
"S-AV-01","Мира","mira","lying","dress","none","high_positive","public/character-images/rendered/mira/lying__dress__none__high_positive.png"
"S-AV-01","Мира","mira","lying","dress","none","high_negative","public/character-images/rendered/mira/lying__dress__none__high_negative.png"
"S-AV-01","Мира","mira","lying","dress","none","subspace","public/character-images/rendered/mira/lying__dress__none__subspace.png"
"S-AV-01","Мира","mira","lying","dress","none","climax","public/character-images/rendered/mira/lying__dress__none__climax.png"
"S-AV-01","Мира","mira","lying","dress","none","unconscious","public/character-images/rendered/mira/lying__dress__none__unconscious.png"
"S-AV-01","Мира","mira","lying","dress_stockings","none","neutral","public/character-images/rendered/mira/lying__dress_stockings__none__neutral.png"
"S-AV-01","Мира","mira","lying","dress_stockings","none","receptive","public/character-images/rendered/mira/lying__dress_stockings__none__receptive.png"
"S-AV-01","Мира","mira","lying","dress_stockings","none","guarded","public/character-images/rendered/mira/lying__dress_stockings__none__guarded.png"
"S-AV-01","Мира","mira","lying","dress_stockings","none","high_positive","public/character-images/rendered/mira/lying__dress_stockings__none__high_positive.png"
"S-AV-01","Мира","mira","lying","dress_stockings","none","high_negative","public/character-images/rendered/mira/lying__dress_stockings__none__high_negative.png"
"S-AV-01","Мира","mira","lying","dress_stockings","none","subspace","public/character-images/rendered/mira/lying__dress_stockings__none__subspace.png"
"S-AV-01","Мира","mira","lying","dress_stockings","none","climax","public/character-images/rendered/mira/lying__dress_stockings__none__climax.png"
"S-AV-01","Мира","mira","lying","dress_stockings","none","unconscious","public/character-images/rendered/mira/lying__dress_stockings__none__unconscious.png"
"S-AV-01","Мира","mira","lying","jumpsuit","none","neutral","public/character-images/rendered/mira/lying__jumpsuit__none__neutral.png"
"S-AV-01","Мира","mira","lying","jumpsuit","none","receptive","public/character-images/rendered/mira/lying__jumpsuit__none__receptive.png"
"S-AV-01","Мира","mira","lying","jumpsuit","none","guarded","public/character-images/rendered/mira/lying__jumpsuit__none__guarded.png"
"S-AV-01","Мира","mira","lying","jumpsuit","none","high_positive","public/character-images/rendered/mira/lying__jumpsuit__none__high_positive.png"
"S-AV-01","Мира","mira","lying","jumpsuit","none","high_negative","public/character-images/rendered/mira/lying__jumpsuit__none__high_negative.png"
"S-AV-01","Мира","mira","lying","jumpsuit","none","subspace","public/character-images/rendered/mira/lying__jumpsuit__none__subspace.png"
"S-AV-01","Мира","mira","lying","jumpsuit","none","climax","public/character-images/rendered/mira/lying__jumpsuit__none__climax.png"
"S-AV-01","Мира","mira","lying","jumpsuit","none","unconscious","public/character-images/rendered/mira/lying__jumpsuit__none__unconscious.png"
"S-AV-01","Мира","mira","lying","lab_gown","none","neutral","public/character-images/rendered/mira/lying__lab_gown__none__neutral.png"
"S-AV-01","Мира","mira","lying","lab_gown","none","receptive","public/character-images/rendered/mira/lying__lab_gown__none__receptive.png"
"S-AV-01","Мира","mira","lying","lab_gown","none","guarded","public/character-images/rendered/mira/lying__lab_gown__none__guarded.png"
"S-AV-01","Мира","mira","lying","lab_gown","none","high_positive","public/character-images/rendered/mira/lying__lab_gown__none__high_positive.png"
"S-AV-01","Мира","mira","lying","lab_gown","none","high_negative","public/character-images/rendered/mira/lying__lab_gown__none__high_negative.png"
"S-AV-01","Мира","mira","lying","lab_gown","none","subspace","public/character-images/rendered/mira/lying__lab_gown__none__subspace.png"
"S-AV-01","Мира","mira","lying","lab_gown","none","climax","public/character-images/rendered/mira/lying__lab_gown__none__climax.png"
"S-AV-01","Мира","mira","lying","lab_gown","none","unconscious","public/character-images/rendered/mira/lying__lab_gown__none__unconscious.png"
"S-AV-01","Мира","mira","lying","calibration_set","none","neutral","public/character-images/rendered/mira/lying__calibration_set__none__neutral.png"
"S-AV-01","Мира","mira","lying","calibration_set","none","receptive","public/character-images/rendered/mira/lying__calibration_set__none__receptive.png"
"S-AV-01","Мира","mira","lying","calibration_set","none","guarded","public/character-images/rendered/mira/lying__calibration_set__none__guarded.png"
"S-AV-01","Мира","mira","lying","calibration_set","none","high_positive","public/character-images/rendered/mira/lying__calibration_set__none__high_positive.png"
"S-AV-01","Мира","mira","lying","calibration_set","none","high_negative","public/character-images/rendered/mira/lying__calibration_set__none__high_negative.png"
"S-AV-01","Мира","mira","lying","calibration_set","none","subspace","public/character-images/rendered/mira/lying__calibration_set__none__subspace.png"
"S-AV-01","Мира","mira","lying","calibration_set","none","climax","public/character-images/rendered/mira/lying__calibration_set__none__climax.png"
"S-AV-01","Мира","mira","lying","calibration_set","none","unconscious","public/character-images/rendered/mira/lying__calibration_set__none__unconscious.png"
"S-AV-01","Мира","mira","all_fours","nude","none","neutral","public/character-images/rendered/mira/all_fours__nude__none__neutral.png"
"S-AV-01","Мира","mira","all_fours","nude","none","receptive","public/character-images/rendered/mira/all_fours__nude__none__receptive.png"
"S-AV-01","Мира","mira","all_fours","nude","none","guarded","public/character-images/rendered/mira/all_fours__nude__none__guarded.png"
"S-AV-01","Мира","mira","all_fours","nude","none","high_positive","public/character-images/rendered/mira/all_fours__nude__none__high_positive.png"
"S-AV-01","Мира","mira","all_fours","nude","none","high_negative","public/character-images/rendered/mira/all_fours__nude__none__high_negative.png"
"S-AV-01","Мира","mira","all_fours","nude","none","subspace","public/character-images/rendered/mira/all_fours__nude__none__subspace.png"
"S-AV-01","Мира","mira","all_fours","nude","none","climax","public/character-images/rendered/mira/all_fours__nude__none__climax.png"
"S-AV-01","Мира","mira","all_fours","nude","none","unconscious","public/character-images/rendered/mira/all_fours__nude__none__unconscious.png"
"S-AV-01","Мира","mira","all_fours","underwear","none","neutral","public/character-images/rendered/mira/all_fours__underwear__none__neutral.png"
"S-AV-01","Мира","mira","all_fours","underwear","none","receptive","public/character-images/rendered/mira/all_fours__underwear__none__receptive.png"
"S-AV-01","Мира","mira","all_fours","underwear","none","guarded","public/character-images/rendered/mira/all_fours__underwear__none__guarded.png"
"S-AV-01","Мира","mira","all_fours","underwear","none","high_positive","public/character-images/rendered/mira/all_fours__underwear__none__high_positive.png"
"S-AV-01","Мира","mira","all_fours","underwear","none","high_negative","public/character-images/rendered/mira/all_fours__underwear__none__high_negative.png"
"S-AV-01","Мира","mira","all_fours","underwear","none","subspace","public/character-images/rendered/mira/all_fours__underwear__none__subspace.png"
"S-AV-01","Мира","mira","all_fours","underwear","none","climax","public/character-images/rendered/mira/all_fours__underwear__none__climax.png"
"S-AV-01","Мира","mira","all_fours","underwear","none","unconscious","public/character-images/rendered/mira/all_fours__underwear__none__unconscious.png"
"S-AV-01","Мира","mira","all_fours","dress","none","neutral","public/character-images/rendered/mira/all_fours__dress__none__neutral.png"
"S-AV-01","Мира","mira","all_fours","dress","none","receptive","public/character-images/rendered/mira/all_fours__dress__none__receptive.png"
"S-AV-01","Мира","mira","all_fours","dress","none","guarded","public/character-images/rendered/mira/all_fours__dress__none__guarded.png"
"S-AV-01","Мира","mira","all_fours","dress","none","high_positive","public/character-images/rendered/mira/all_fours__dress__none__high_positive.png"
"S-AV-01","Мира","mira","all_fours","dress","none","high_negative","public/character-images/rendered/mira/all_fours__dress__none__high_negative.png"
"S-AV-01","Мира","mira","all_fours","dress","none","subspace","public/character-images/rendered/mira/all_fours__dress__none__subspace.png"
"S-AV-01","Мира","mira","all_fours","dress","none","climax","public/character-images/rendered/mira/all_fours__dress__none__climax.png"
"S-AV-01","Мира","mira","all_fours","dress","none","unconscious","public/character-images/rendered/mira/all_fours__dress__none__unconscious.png"
"S-AV-01","Мира","mira","all_fours","dress_stockings","none","neutral","public/character-images/rendered/mira/all_fours__dress_stockings__none__neutral.png"
"S-AV-01","Мира","mira","all_fours","dress_stockings","none","receptive","public/character-images/rendered/mira/all_fours__dress_stockings__none__receptive.png"
"S-AV-01","Мира","mira","all_fours","dress_stockings","none","guarded","public/character-images/rendered/mira/all_fours__dress_stockings__none__guarded.png"
"S-AV-01","Мира","mira","all_fours","dress_stockings","none","high_positive","public/character-images/rendered/mira/all_fours__dress_stockings__none__high_positive.png"
"S-AV-01","Мира","mira","all_fours","dress_stockings","none","high_negative","public/character-images/rendered/mira/all_fours__dress_stockings__none__high_negative.png"
"S-AV-01","Мира","mira","all_fours","dress_stockings","none","subspace","public/character-images/rendered/mira/all_fours__dress_stockings__none__subspace.png"
"S-AV-01","Мира","mira","all_fours","dress_stockings","none","climax","public/character-images/rendered/mira/all_fours__dress_stockings__none__climax.png"
"S-AV-01","Мира","mira","all_fours","dress_stockings","none","unconscious","public/character-images/rendered/mira/all_fours__dress_stockings__none__unconscious.png"
"S-AV-01","Мира","mira","all_fours","jumpsuit","none","neutral","public/character-images/rendered/mira/all_fours__jumpsuit__none__neutral.png"
"S-AV-01","Мира","mira","all_fours","jumpsuit","none","receptive","public/character-images/rendered/mira/all_fours__jumpsuit__none__receptive.png"
"S-AV-01","Мира","mira","all_fours","jumpsuit","none","guarded","public/character-images/rendered/mira/all_fours__jumpsuit__none__guarded.png"
"S-AV-01","Мира","mira","all_fours","jumpsuit","none","high_positive","public/character-images/rendered/mira/all_fours__jumpsuit__none__high_positive.png"
"S-AV-01","Мира","mira","all_fours","jumpsuit","none","high_negative","public/character-images/rendered/mira/all_fours__jumpsuit__none__high_negative.png"
"S-AV-01","Мира","mira","all_fours","jumpsuit","none","subspace","public/character-images/rendered/mira/all_fours__jumpsuit__none__subspace.png"
"S-AV-01","Мира","mira","all_fours","jumpsuit","none","climax","public/character-images/rendered/mira/all_fours__jumpsuit__none__climax.png"
"S-AV-01","Мира","mira","all_fours","jumpsuit","none","unconscious","public/character-images/rendered/mira/all_fours__jumpsuit__none__unconscious.png"
"S-AV-01","Мира","mira","all_fours","lab_gown","none","neutral","public/character-images/rendered/mira/all_fours__lab_gown__none__neutral.png"
"S-AV-01","Мира","mira","all_fours","lab_gown","none","receptive","public/character-images/rendered/mira/all_fours__lab_gown__none__receptive.png"
"S-AV-01","Мира","mira","all_fours","lab_gown","none","guarded","public/character-images/rendered/mira/all_fours__lab_gown__none__guarded.png"
"S-AV-01","Мира","mira","all_fours","lab_gown","none","high_positive","public/character-images/rendered/mira/all_fours__lab_gown__none__high_positive.png"
"S-AV-01","Мира","mira","all_fours","lab_gown","none","high_negative","public/character-images/rendered/mira/all_fours__lab_gown__none__high_negative.png"
"S-AV-01","Мира","mira","all_fours","lab_gown","none","subspace","public/character-images/rendered/mira/all_fours__lab_gown__none__subspace.png"
"S-AV-01","Мира","mira","all_fours","lab_gown","none","climax","public/character-images/rendered/mira/all_fours__lab_gown__none__climax.png"
"S-AV-01","Мира","mira","all_fours","lab_gown","none","unconscious","public/character-images/rendered/mira/all_fours__lab_gown__none__unconscious.png"
"S-AV-01","Мира","mira","all_fours","calibration_set","none","neutral","public/character-images/rendered/mira/all_fours__calibration_set__none__neutral.png"
"S-AV-01","Мира","mira","all_fours","calibration_set","none","receptive","public/character-images/rendered/mira/all_fours__calibration_set__none__receptive.png"
"S-AV-01","Мира","mira","all_fours","calibration_set","none","guarded","public/character-images/rendered/mira/all_fours__calibration_set__none__guarded.png"
"S-AV-01","Мира","mira","all_fours","calibration_set","none","high_positive","public/character-images/rendered/mira/all_fours__calibration_set__none__high_positive.png"
"S-AV-01","Мира","mira","all_fours","calibration_set","none","high_negative","public/character-images/rendered/mira/all_fours__calibration_set__none__high_negative.png"
"S-AV-01","Мира","mira","all_fours","calibration_set","none","subspace","public/character-images/rendered/mira/all_fours__calibration_set__none__subspace.png"
"S-AV-01","Мира","mira","all_fours","calibration_set","none","climax","public/character-images/rendered/mira/all_fours__calibration_set__none__climax.png"
"S-AV-01","Мира","mira","all_fours","calibration_set","none","unconscious","public/character-images/rendered/mira/all_fours__calibration_set__none__unconscious.png"
"S-AV-01","Мира","mira","spread_eagle","nude","none","neutral","public/character-images/rendered/mira/spread_eagle__nude__none__neutral.png"
"S-AV-01","Мира","mira","spread_eagle","nude","none","receptive","public/character-images/rendered/mira/spread_eagle__nude__none__receptive.png"
"S-AV-01","Мира","mira","spread_eagle","nude","none","guarded","public/character-images/rendered/mira/spread_eagle__nude__none__guarded.png"
"S-AV-01","Мира","mira","spread_eagle","nude","none","high_positive","public/character-images/rendered/mira/spread_eagle__nude__none__high_positive.png"
"S-AV-01","Мира","mira","spread_eagle","nude","none","high_negative","public/character-images/rendered/mira/spread_eagle__nude__none__high_negative.png"
"S-AV-01","Мира","mira","spread_eagle","nude","none","subspace","public/character-images/rendered/mira/spread_eagle__nude__none__subspace.png"
"S-AV-01","Мира","mira","spread_eagle","nude","none","climax","public/character-images/rendered/mira/spread_eagle__nude__none__climax.png"
"S-AV-01","Мира","mira","spread_eagle","nude","none","unconscious","public/character-images/rendered/mira/spread_eagle__nude__none__unconscious.png"
"S-AV-01","Мира","mira","spread_eagle","underwear","none","neutral","public/character-images/rendered/mira/spread_eagle__underwear__none__neutral.png"
"S-AV-01","Мира","mira","spread_eagle","underwear","none","receptive","public/character-images/rendered/mira/spread_eagle__underwear__none__receptive.png"
"S-AV-01","Мира","mira","spread_eagle","underwear","none","guarded","public/character-images/rendered/mira/spread_eagle__underwear__none__guarded.png"
"S-AV-01","Мира","mira","spread_eagle","underwear","none","high_positive","public/character-images/rendered/mira/spread_eagle__underwear__none__high_positive.png"
"S-AV-01","Мира","mira","spread_eagle","underwear","none","high_negative","public/character-images/rendered/mira/spread_eagle__underwear__none__high_negative.png"
"S-AV-01","Мира","mira","spread_eagle","underwear","none","subspace","public/character-images/rendered/mira/spread_eagle__underwear__none__subspace.png"
"S-AV-01","Мира","mira","spread_eagle","underwear","none","climax","public/character-images/rendered/mira/spread_eagle__underwear__none__climax.png"
"S-AV-01","Мира","mira","spread_eagle","underwear","none","unconscious","public/character-images/rendered/mira/spread_eagle__underwear__none__unconscious.png"
"S-AV-01","Мира","mira","spread_eagle","dress","none","neutral","public/character-images/rendered/mira/spread_eagle__dress__none__neutral.png"
"S-AV-01","Мира","mira","spread_eagle","dress","none","receptive","public/character-images/rendered/mira/spread_eagle__dress__none__receptive.png"
"S-AV-01","Мира","mira","spread_eagle","dress","none","guarded","public/character-images/rendered/mira/spread_eagle__dress__none__guarded.png"
"S-AV-01","Мира","mira","spread_eagle","dress","none","high_positive","public/character-images/rendered/mira/spread_eagle__dress__none__high_positive.png"
"S-AV-01","Мира","mira","spread_eagle","dress","none","high_negative","public/character-images/rendered/mira/spread_eagle__dress__none__high_negative.png"
"S-AV-01","Мира","mira","spread_eagle","dress","none","subspace","public/character-images/rendered/mira/spread_eagle__dress__none__subspace.png"
"S-AV-01","Мира","mira","spread_eagle","dress","none","climax","public/character-images/rendered/mira/spread_eagle__dress__none__climax.png"
"S-AV-01","Мира","mira","spread_eagle","dress","none","unconscious","public/character-images/rendered/mira/spread_eagle__dress__none__unconscious.png"
"S-AV-01","Мира","mira","spread_eagle","dress_stockings","none","neutral","public/character-images/rendered/mira/spread_eagle__dress_stockings__none__neutral.png"
"S-AV-01","Мира","mira","spread_eagle","dress_stockings","none","receptive","public/character-images/rendered/mira/spread_eagle__dress_stockings__none__receptive.png"
"S-AV-01","Мира","mira","spread_eagle","dress_stockings","none","guarded","public/character-images/rendered/mira/spread_eagle__dress_stockings__none__guarded.png"
"S-AV-01","Мира","mira","spread_eagle","dress_stockings","none","high_positive","public/character-images/rendered/mira/spread_eagle__dress_stockings__none__high_positive.png"
"S-AV-01","Мира","mira","spread_eagle","dress_stockings","none","high_negative","public/character-images/rendered/mira/spread_eagle__dress_stockings__none__high_negative.png"
"S-AV-01","Мира","mira","spread_eagle","dress_stockings","none","subspace","public/character-images/rendered/mira/spread_eagle__dress_stockings__none__subspace.png"
"S-AV-01","Мира","mira","spread_eagle","dress_stockings","none","climax","public/character-images/rendered/mira/spread_eagle__dress_stockings__none__climax.png"
"S-AV-01","Мира","mira","spread_eagle","dress_stockings","none","unconscious","public/character-images/rendered/mira/spread_eagle__dress_stockings__none__unconscious.png"
"S-AV-01","Мира","mira","spread_eagle","jumpsuit","none","neutral","public/character-images/rendered/mira/spread_eagle__jumpsuit__none__neutral.png"
"S-AV-01","Мира","mira","spread_eagle","jumpsuit","none","receptive","public/character-images/rendered/mira/spread_eagle__jumpsuit__none__receptive.png"
"S-AV-01","Мира","mira","spread_eagle","jumpsuit","none","guarded","public/character-images/rendered/mira/spread_eagle__jumpsuit__none__guarded.png"
"S-AV-01","Мира","mira","spread_eagle","jumpsuit","none","high_positive","public/character-images/rendered/mira/spread_eagle__jumpsuit__none__high_positive.png"
"S-AV-01","Мира","mira","spread_eagle","jumpsuit","none","high_negative","public/character-images/rendered/mira/spread_eagle__jumpsuit__none__high_negative.png"
"S-AV-01","Мира","mira","spread_eagle","jumpsuit","none","subspace","public/character-images/rendered/mira/spread_eagle__jumpsuit__none__subspace.png"
"S-AV-01","Мира","mira","spread_eagle","jumpsuit","none","climax","public/character-images/rendered/mira/spread_eagle__jumpsuit__none__climax.png"
"S-AV-01","Мира","mira","spread_eagle","jumpsuit","none","unconscious","public/character-images/rendered/mira/spread_eagle__jumpsuit__none__unconscious.png"
"S-AV-01","Мира","mira","spread_eagle","lab_gown","none","neutral","public/character-images/rendered/mira/spread_eagle__lab_gown__none__neutral.png"
"S-AV-01","Мира","mira","spread_eagle","lab_gown","none","receptive","public/character-images/rendered/mira/spread_eagle__lab_gown__none__receptive.png"
"S-AV-01","Мира","mira","spread_eagle","lab_gown","none","guarded","public/character-images/rendered/mira/spread_eagle__lab_gown__none__guarded.png"
"S-AV-01","Мира","mira","spread_eagle","lab_gown","none","high_positive","public/character-images/rendered/mira/spread_eagle__lab_gown__none__high_positive.png"
"S-AV-01","Мира","mira","spread_eagle","lab_gown","none","high_negative","public/character-images/rendered/mira/spread_eagle__lab_gown__none__high_negative.png"
"S-AV-01","Мира","mira","spread_eagle","lab_gown","none","subspace","public/character-images/rendered/mira/spread_eagle__lab_gown__none__subspace.png"
"S-AV-01","Мира","mira","spread_eagle","lab_gown","none","climax","public/character-images/rendered/mira/spread_eagle__lab_gown__none__climax.png"
"S-AV-01","Мира","mira","spread_eagle","lab_gown","none","unconscious","public/character-images/rendered/mira/spread_eagle__lab_gown__none__unconscious.png"
"S-AV-01","Мира","mira","spread_eagle","calibration_set","none","neutral","public/character-images/rendered/mira/spread_eagle__calibration_set__none__neutral.png"
"S-AV-01","Мира","mira","spread_eagle","calibration_set","none","receptive","public/character-images/rendered/mira/spread_eagle__calibration_set__none__receptive.png"
"S-AV-01","Мира","mira","spread_eagle","calibration_set","none","guarded","public/character-images/rendered/mira/spread_eagle__calibration_set__none__guarded.png"
"S-AV-01","Мира","mira","spread_eagle","calibration_set","none","high_positive","public/character-images/rendered/mira/spread_eagle__calibration_set__none__high_positive.png"
"S-AV-01","Мира","mira","spread_eagle","calibration_set","none","high_negative","public/character-images/rendered/mira/spread_eagle__calibration_set__none__high_negative.png"
"S-AV-01","Мира","mira","spread_eagle","calibration_set","none","subspace","public/character-images/rendered/mira/spread_eagle__calibration_set__none__subspace.png"
"S-AV-01","Мира","mira","spread_eagle","calibration_set","none","climax","public/character-images/rendered/mira/spread_eagle__calibration_set__none__climax.png"
"S-AV-01","Мира","mira","spread_eagle","calibration_set","none","unconscious","public/character-images/rendered/mira/spread_eagle__calibration_set__none__unconscious.png"
"S-AV-01","Мира","mira","suspended","nude","none","neutral","public/character-images/rendered/mira/suspended__nude__none__neutral.png"
"S-AV-01","Мира","mira","suspended","nude","none","receptive","public/character-images/rendered/mira/suspended__nude__none__receptive.png"
"S-AV-01","Мира","mira","suspended","nude","none","guarded","public/character-images/rendered/mira/suspended__nude__none__guarded.png"
"S-AV-01","Мира","mira","suspended","nude","none","high_positive","public/character-images/rendered/mira/suspended__nude__none__high_positive.png"
"S-AV-01","Мира","mira","suspended","nude","none","high_negative","public/character-images/rendered/mira/suspended__nude__none__high_negative.png"
"S-AV-01","Мира","mira","suspended","nude","none","subspace","public/character-images/rendered/mira/suspended__nude__none__subspace.png"
"S-AV-01","Мира","mira","suspended","nude","none","climax","public/character-images/rendered/mira/suspended__nude__none__climax.png"
"S-AV-01","Мира","mira","suspended","nude","none","unconscious","public/character-images/rendered/mira/suspended__nude__none__unconscious.png"
"S-AV-01","Мира","mira","suspended","underwear","none","neutral","public/character-images/rendered/mira/suspended__underwear__none__neutral.png"
"S-AV-01","Мира","mira","suspended","underwear","none","receptive","public/character-images/rendered/mira/suspended__underwear__none__receptive.png"
"S-AV-01","Мира","mira","suspended","underwear","none","guarded","public/character-images/rendered/mira/suspended__underwear__none__guarded.png"
"S-AV-01","Мира","mira","suspended","underwear","none","high_positive","public/character-images/rendered/mira/suspended__underwear__none__high_positive.png"
"S-AV-01","Мира","mira","suspended","underwear","none","high_negative","public/character-images/rendered/mira/suspended__underwear__none__high_negative.png"
"S-AV-01","Мира","mira","suspended","underwear","none","subspace","public/character-images/rendered/mira/suspended__underwear__none__subspace.png"
"S-AV-01","Мира","mira","suspended","underwear","none","climax","public/character-images/rendered/mira/suspended__underwear__none__climax.png"
"S-AV-01","Мира","mira","suspended","underwear","none","unconscious","public/character-images/rendered/mira/suspended__underwear__none__unconscious.png"
"S-AV-01","Мира","mira","suspended","dress","none","neutral","public/character-images/rendered/mira/suspended__dress__none__neutral.png"
"S-AV-01","Мира","mira","suspended","dress","none","receptive","public/character-images/rendered/mira/suspended__dress__none__receptive.png"
"S-AV-01","Мира","mira","suspended","dress","none","guarded","public/character-images/rendered/mira/suspended__dress__none__guarded.png"
"S-AV-01","Мира","mira","suspended","dress","none","high_positive","public/character-images/rendered/mira/suspended__dress__none__high_positive.png"
"S-AV-01","Мира","mira","suspended","dress","none","high_negative","public/character-images/rendered/mira/suspended__dress__none__high_negative.png"
"S-AV-01","Мира","mira","suspended","dress","none","subspace","public/character-images/rendered/mira/suspended__dress__none__subspace.png"
"S-AV-01","Мира","mira","suspended","dress","none","climax","public/character-images/rendered/mira/suspended__dress__none__climax.png"
"S-AV-01","Мира","mira","suspended","dress","none","unconscious","public/character-images/rendered/mira/suspended__dress__none__unconscious.png"
"S-AV-01","Мира","mira","suspended","dress_stockings","none","neutral","public/character-images/rendered/mira/suspended__dress_stockings__none__neutral.png"
"S-AV-01","Мира","mira","suspended","dress_stockings","none","receptive","public/character-images/rendered/mira/suspended__dress_stockings__none__receptive.png"
"S-AV-01","Мира","mira","suspended","dress_stockings","none","guarded","public/character-images/rendered/mira/suspended__dress_stockings__none__guarded.png"
"S-AV-01","Мира","mira","suspended","dress_stockings","none","high_positive","public/character-images/rendered/mira/suspended__dress_stockings__none__high_positive.png"
"S-AV-01","Мира","mira","suspended","dress_stockings","none","high_negative","public/character-images/rendered/mira/suspended__dress_stockings__none__high_negative.png"
"S-AV-01","Мира","mira","suspended","dress_stockings","none","subspace","public/character-images/rendered/mira/suspended__dress_stockings__none__subspace.png"
"S-AV-01","Мира","mira","suspended","dress_stockings","none","climax","public/character-images/rendered/mira/suspended__dress_stockings__none__climax.png"
"S-AV-01","Мира","mira","suspended","dress_stockings","none","unconscious","public/character-images/rendered/mira/suspended__dress_stockings__none__unconscious.png"
"S-AV-01","Мира","mira","suspended","jumpsuit","none","neutral","public/character-images/rendered/mira/suspended__jumpsuit__none__neutral.png"
"S-AV-01","Мира","mira","suspended","jumpsuit","none","receptive","public/character-images/rendered/mira/suspended__jumpsuit__none__receptive.png"
"S-AV-01","Мира","mira","suspended","jumpsuit","none","guarded","public/character-images/rendered/mira/suspended__jumpsuit__none__guarded.png"
"S-AV-01","Мира","mira","suspended","jumpsuit","none","high_positive","public/character-images/rendered/mira/suspended__jumpsuit__none__high_positive.png"
"S-AV-01","Мира","mira","suspended","jumpsuit","none","high_negative","public/character-images/rendered/mira/suspended__jumpsuit__none__high_negative.png"
"S-AV-01","Мира","mira","suspended","jumpsuit","none","subspace","public/character-images/rendered/mira/suspended__jumpsuit__none__subspace.png"
"S-AV-01","Мира","mira","suspended","jumpsuit","none","climax","public/character-images/rendered/mira/suspended__jumpsuit__none__climax.png"
"S-AV-01","Мира","mira","suspended","jumpsuit","none","unconscious","public/character-images/rendered/mira/suspended__jumpsuit__none__unconscious.png"
"S-AV-01","Мира","mira","suspended","lab_gown","none","neutral","public/character-images/rendered/mira/suspended__lab_gown__none__neutral.png"
"S-AV-01","Мира","mira","suspended","lab_gown","none","receptive","public/character-images/rendered/mira/suspended__lab_gown__none__receptive.png"
"S-AV-01","Мира","mira","suspended","lab_gown","none","guarded","public/character-images/rendered/mira/suspended__lab_gown__none__guarded.png"
"S-AV-01","Мира","mira","suspended","lab_gown","none","high_positive","public/character-images/rendered/mira/suspended__lab_gown__none__high_positive.png"
"S-AV-01","Мира","mira","suspended","lab_gown","none","high_negative","public/character-images/rendered/mira/suspended__lab_gown__none__high_negative.png"
"S-AV-01","Мира","mira","suspended","lab_gown","none","subspace","public/character-images/rendered/mira/suspended__lab_gown__none__subspace.png"
"S-AV-01","Мира","mira","suspended","lab_gown","none","climax","public/character-images/rendered/mira/suspended__lab_gown__none__climax.png"
"S-AV-01","Мира","mira","suspended","lab_gown","none","unconscious","public/character-images/rendered/mira/suspended__lab_gown__none__unconscious.png"
"S-AV-01","Мира","mira","suspended","calibration_set","none","neutral","public/character-images/rendered/mira/suspended__calibration_set__none__neutral.png"
"S-AV-01","Мира","mira","suspended","calibration_set","none","receptive","public/character-images/rendered/mira/suspended__calibration_set__none__receptive.png"
"S-AV-01","Мира","mira","suspended","calibration_set","none","guarded","public/character-images/rendered/mira/suspended__calibration_set__none__guarded.png"
"S-AV-01","Мира","mira","suspended","calibration_set","none","high_positive","public/character-images/rendered/mira/suspended__calibration_set__none__high_positive.png"
"S-AV-01","Мира","mira","suspended","calibration_set","none","high_negative","public/character-images/rendered/mira/suspended__calibration_set__none__high_negative.png"
"S-AV-01","Мира","mira","suspended","calibration_set","none","subspace","public/character-images/rendered/mira/suspended__calibration_set__none__subspace.png"
"S-AV-01","Мира","mira","suspended","calibration_set","none","climax","public/character-images/rendered/mira/suspended__calibration_set__none__climax.png"
"S-AV-01","Мира","mira","suspended","calibration_set","none","unconscious","public/character-images/rendered/mira/suspended__calibration_set__none__unconscious.png"
"NPC-LAB-01","Иона","iona","standing","nude","none","neutral","public/character-images/rendered/iona/standing__nude__none__neutral.png"
"NPC-LAB-01","Иона","iona","standing","nude","none","receptive","public/character-images/rendered/iona/standing__nude__none__receptive.png"
"NPC-LAB-01","Иона","iona","standing","nude","none","guarded","public/character-images/rendered/iona/standing__nude__none__guarded.png"
"NPC-LAB-01","Иона","iona","standing","nude","none","high_positive","public/character-images/rendered/iona/standing__nude__none__high_positive.png"
"NPC-LAB-01","Иона","iona","standing","nude","none","high_negative","public/character-images/rendered/iona/standing__nude__none__high_negative.png"
"NPC-LAB-01","Иона","iona","standing","nude","none","subspace","public/character-images/rendered/iona/standing__nude__none__subspace.png"
"NPC-LAB-01","Иона","iona","standing","nude","none","climax","public/character-images/rendered/iona/standing__nude__none__climax.png"
"NPC-LAB-01","Иона","iona","standing","nude","none","unconscious","public/character-images/rendered/iona/standing__nude__none__unconscious.png"
"NPC-LAB-01","Иона","iona","standing","underwear","none","neutral","public/character-images/rendered/iona/standing__underwear__none__neutral.png"
"NPC-LAB-01","Иона","iona","standing","underwear","none","receptive","public/character-images/rendered/iona/standing__underwear__none__receptive.png"
"NPC-LAB-01","Иона","iona","standing","underwear","none","guarded","public/character-images/rendered/iona/standing__underwear__none__guarded.png"
"NPC-LAB-01","Иона","iona","standing","underwear","none","high_positive","public/character-images/rendered/iona/standing__underwear__none__high_positive.png"
"NPC-LAB-01","Иона","iona","standing","underwear","none","high_negative","public/character-images/rendered/iona/standing__underwear__none__high_negative.png"
"NPC-LAB-01","Иона","iona","standing","underwear","none","subspace","public/character-images/rendered/iona/standing__underwear__none__subspace.png"
"NPC-LAB-01","Иона","iona","standing","underwear","none","climax","public/character-images/rendered/iona/standing__underwear__none__climax.png"
"NPC-LAB-01","Иона","iona","standing","underwear","none","unconscious","public/character-images/rendered/iona/standing__underwear__none__unconscious.png"
"NPC-LAB-01","Иона","iona","standing","dress","none","neutral","public/character-images/rendered/iona/standing__dress__none__neutral.png"
"NPC-LAB-01","Иона","iona","standing","dress","none","receptive","public/character-images/rendered/iona/standing__dress__none__receptive.png"
"NPC-LAB-01","Иона","iona","standing","dress","none","guarded","public/character-images/rendered/iona/standing__dress__none__guarded.png"
"NPC-LAB-01","Иона","iona","standing","dress","none","high_positive","public/character-images/rendered/iona/standing__dress__none__high_positive.png"
"NPC-LAB-01","Иона","iona","standing","dress","none","high_negative","public/character-images/rendered/iona/standing__dress__none__high_negative.png"
"NPC-LAB-01","Иона","iona","standing","dress","none","subspace","public/character-images/rendered/iona/standing__dress__none__subspace.png"
"NPC-LAB-01","Иона","iona","standing","dress","none","climax","public/character-images/rendered/iona/standing__dress__none__climax.png"
"NPC-LAB-01","Иона","iona","standing","dress","none","unconscious","public/character-images/rendered/iona/standing__dress__none__unconscious.png"
"NPC-LAB-01","Иона","iona","standing","dress_stockings","none","neutral","public/character-images/rendered/iona/standing__dress_stockings__none__neutral.png"
"NPC-LAB-01","Иона","iona","standing","dress_stockings","none","receptive","public/character-images/rendered/iona/standing__dress_stockings__none__receptive.png"
"NPC-LAB-01","Иона","iona","standing","dress_stockings","none","guarded","public/character-images/rendered/iona/standing__dress_stockings__none__guarded.png"
"NPC-LAB-01","Иона","iona","standing","dress_stockings","none","high_positive","public/character-images/rendered/iona/standing__dress_stockings__none__high_positive.png"
"NPC-LAB-01","Иона","iona","standing","dress_stockings","none","high_negative","public/character-images/rendered/iona/standing__dress_stockings__none__high_negative.png"
"NPC-LAB-01","Иона","iona","standing","dress_stockings","none","subspace","public/character-images/rendered/iona/standing__dress_stockings__none__subspace.png"
"NPC-LAB-01","Иона","iona","standing","dress_stockings","none","climax","public/character-images/rendered/iona/standing__dress_stockings__none__climax.png"
"NPC-LAB-01","Иона","iona","standing","dress_stockings","none","unconscious","public/character-images/rendered/iona/standing__dress_stockings__none__unconscious.png"
"NPC-LAB-01","Иона","iona","standing","jumpsuit","none","neutral","public/character-images/rendered/iona/standing__jumpsuit__none__neutral.png"
"NPC-LAB-01","Иона","iona","standing","jumpsuit","none","receptive","public/character-images/rendered/iona/standing__jumpsuit__none__receptive.png"
"NPC-LAB-01","Иона","iona","standing","jumpsuit","none","guarded","public/character-images/rendered/iona/standing__jumpsuit__none__guarded.png"
"NPC-LAB-01","Иона","iona","standing","jumpsuit","none","high_positive","public/character-images/rendered/iona/standing__jumpsuit__none__high_positive.png"
"NPC-LAB-01","Иона","iona","standing","jumpsuit","none","high_negative","public/character-images/rendered/iona/standing__jumpsuit__none__high_negative.png"
"NPC-LAB-01","Иона","iona","standing","jumpsuit","none","subspace","public/character-images/rendered/iona/standing__jumpsuit__none__subspace.png"
"NPC-LAB-01","Иона","iona","standing","jumpsuit","none","climax","public/character-images/rendered/iona/standing__jumpsuit__none__climax.png"
"NPC-LAB-01","Иона","iona","standing","jumpsuit","none","unconscious","public/character-images/rendered/iona/standing__jumpsuit__none__unconscious.png"
"NPC-LAB-01","Иона","iona","standing","lab_gown","none","neutral","public/character-images/rendered/iona/standing__lab_gown__none__neutral.png"
"NPC-LAB-01","Иона","iona","standing","lab_gown","none","receptive","public/character-images/rendered/iona/standing__lab_gown__none__receptive.png"
"NPC-LAB-01","Иона","iona","standing","lab_gown","none","guarded","public/character-images/rendered/iona/standing__lab_gown__none__guarded.png"
"NPC-LAB-01","Иона","iona","standing","lab_gown","none","high_positive","public/character-images/rendered/iona/standing__lab_gown__none__high_positive.png"
"NPC-LAB-01","Иона","iona","standing","lab_gown","none","high_negative","public/character-images/rendered/iona/standing__lab_gown__none__high_negative.png"
"NPC-LAB-01","Иона","iona","standing","lab_gown","none","subspace","public/character-images/rendered/iona/standing__lab_gown__none__subspace.png"
"NPC-LAB-01","Иона","iona","standing","lab_gown","none","climax","public/character-images/rendered/iona/standing__lab_gown__none__climax.png"
"NPC-LAB-01","Иона","iona","standing","lab_gown","none","unconscious","public/character-images/rendered/iona/standing__lab_gown__none__unconscious.png"
"NPC-LAB-01","Иона","iona","standing","calibration_set","none","neutral","public/character-images/rendered/iona/standing__calibration_set__none__neutral.png"
"NPC-LAB-01","Иона","iona","standing","calibration_set","none","receptive","public/character-images/rendered/iona/standing__calibration_set__none__receptive.png"
"NPC-LAB-01","Иона","iona","standing","calibration_set","none","guarded","public/character-images/rendered/iona/standing__calibration_set__none__guarded.png"
"NPC-LAB-01","Иона","iona","standing","calibration_set","none","high_positive","public/character-images/rendered/iona/standing__calibration_set__none__high_positive.png"
"NPC-LAB-01","Иона","iona","standing","calibration_set","none","high_negative","public/character-images/rendered/iona/standing__calibration_set__none__high_negative.png"
"NPC-LAB-01","Иона","iona","standing","calibration_set","none","subspace","public/character-images/rendered/iona/standing__calibration_set__none__subspace.png"
"NPC-LAB-01","Иона","iona","standing","calibration_set","none","climax","public/character-images/rendered/iona/standing__calibration_set__none__climax.png"
"NPC-LAB-01","Иона","iona","standing","calibration_set","none","unconscious","public/character-images/rendered/iona/standing__calibration_set__none__unconscious.png"
"NPC-LAB-01","Иона","iona","sitting","nude","none","neutral","public/character-images/rendered/iona/sitting__nude__none__neutral.png"
"NPC-LAB-01","Иона","iona","sitting","nude","none","receptive","public/character-images/rendered/iona/sitting__nude__none__receptive.png"
"NPC-LAB-01","Иона","iona","sitting","nude","none","guarded","public/character-images/rendered/iona/sitting__nude__none__guarded.png"
"NPC-LAB-01","Иона","iona","sitting","nude","none","high_positive","public/character-images/rendered/iona/sitting__nude__none__high_positive.png"
"NPC-LAB-01","Иона","iona","sitting","nude","none","high_negative","public/character-images/rendered/iona/sitting__nude__none__high_negative.png"
"NPC-LAB-01","Иона","iona","sitting","nude","none","subspace","public/character-images/rendered/iona/sitting__nude__none__subspace.png"
"NPC-LAB-01","Иона","iona","sitting","nude","none","climax","public/character-images/rendered/iona/sitting__nude__none__climax.png"
"NPC-LAB-01","Иона","iona","sitting","nude","none","unconscious","public/character-images/rendered/iona/sitting__nude__none__unconscious.png"
"NPC-LAB-01","Иона","iona","sitting","underwear","none","neutral","public/character-images/rendered/iona/sitting__underwear__none__neutral.png"
"NPC-LAB-01","Иона","iona","sitting","underwear","none","receptive","public/character-images/rendered/iona/sitting__underwear__none__receptive.png"
"NPC-LAB-01","Иона","iona","sitting","underwear","none","guarded","public/character-images/rendered/iona/sitting__underwear__none__guarded.png"
"NPC-LAB-01","Иона","iona","sitting","underwear","none","high_positive","public/character-images/rendered/iona/sitting__underwear__none__high_positive.png"
"NPC-LAB-01","Иона","iona","sitting","underwear","none","high_negative","public/character-images/rendered/iona/sitting__underwear__none__high_negative.png"
"NPC-LAB-01","Иона","iona","sitting","underwear","none","subspace","public/character-images/rendered/iona/sitting__underwear__none__subspace.png"
"NPC-LAB-01","Иона","iona","sitting","underwear","none","climax","public/character-images/rendered/iona/sitting__underwear__none__climax.png"
"NPC-LAB-01","Иона","iona","sitting","underwear","none","unconscious","public/character-images/rendered/iona/sitting__underwear__none__unconscious.png"
"NPC-LAB-01","Иона","iona","sitting","dress","none","neutral","public/character-images/rendered/iona/sitting__dress__none__neutral.png"
"NPC-LAB-01","Иона","iona","sitting","dress","none","receptive","public/character-images/rendered/iona/sitting__dress__none__receptive.png"
"NPC-LAB-01","Иона","iona","sitting","dress","none","guarded","public/character-images/rendered/iona/sitting__dress__none__guarded.png"
"NPC-LAB-01","Иона","iona","sitting","dress","none","high_positive","public/character-images/rendered/iona/sitting__dress__none__high_positive.png"
"NPC-LAB-01","Иона","iona","sitting","dress","none","high_negative","public/character-images/rendered/iona/sitting__dress__none__high_negative.png"
"NPC-LAB-01","Иона","iona","sitting","dress","none","subspace","public/character-images/rendered/iona/sitting__dress__none__subspace.png"
"NPC-LAB-01","Иона","iona","sitting","dress","none","climax","public/character-images/rendered/iona/sitting__dress__none__climax.png"
"NPC-LAB-01","Иона","iona","sitting","dress","none","unconscious","public/character-images/rendered/iona/sitting__dress__none__unconscious.png"
"NPC-LAB-01","Иона","iona","sitting","dress_stockings","none","neutral","public/character-images/rendered/iona/sitting__dress_stockings__none__neutral.png"
"NPC-LAB-01","Иона","iona","sitting","dress_stockings","none","receptive","public/character-images/rendered/iona/sitting__dress_stockings__none__receptive.png"
"NPC-LAB-01","Иона","iona","sitting","dress_stockings","none","guarded","public/character-images/rendered/iona/sitting__dress_stockings__none__guarded.png"
"NPC-LAB-01","Иона","iona","sitting","dress_stockings","none","high_positive","public/character-images/rendered/iona/sitting__dress_stockings__none__high_positive.png"
"NPC-LAB-01","Иона","iona","sitting","dress_stockings","none","high_negative","public/character-images/rendered/iona/sitting__dress_stockings__none__high_negative.png"
"NPC-LAB-01","Иона","iona","sitting","dress_stockings","none","subspace","public/character-images/rendered/iona/sitting__dress_stockings__none__subspace.png"
"NPC-LAB-01","Иона","iona","sitting","dress_stockings","none","climax","public/character-images/rendered/iona/sitting__dress_stockings__none__climax.png"
"NPC-LAB-01","Иона","iona","sitting","dress_stockings","none","unconscious","public/character-images/rendered/iona/sitting__dress_stockings__none__unconscious.png"
"NPC-LAB-01","Иона","iona","sitting","jumpsuit","none","neutral","public/character-images/rendered/iona/sitting__jumpsuit__none__neutral.png"
"NPC-LAB-01","Иона","iona","sitting","jumpsuit","none","receptive","public/character-images/rendered/iona/sitting__jumpsuit__none__receptive.png"
"NPC-LAB-01","Иона","iona","sitting","jumpsuit","none","guarded","public/character-images/rendered/iona/sitting__jumpsuit__none__guarded.png"
"NPC-LAB-01","Иона","iona","sitting","jumpsuit","none","high_positive","public/character-images/rendered/iona/sitting__jumpsuit__none__high_positive.png"
"NPC-LAB-01","Иона","iona","sitting","jumpsuit","none","high_negative","public/character-images/rendered/iona/sitting__jumpsuit__none__high_negative.png"
"NPC-LAB-01","Иона","iona","sitting","jumpsuit","none","subspace","public/character-images/rendered/iona/sitting__jumpsuit__none__subspace.png"
"NPC-LAB-01","Иона","iona","sitting","jumpsuit","none","climax","public/character-images/rendered/iona/sitting__jumpsuit__none__climax.png"
"NPC-LAB-01","Иона","iona","sitting","jumpsuit","none","unconscious","public/character-images/rendered/iona/sitting__jumpsuit__none__unconscious.png"
"NPC-LAB-01","Иона","iona","sitting","lab_gown","none","neutral","public/character-images/rendered/iona/sitting__lab_gown__none__neutral.png"
"NPC-LAB-01","Иона","iona","sitting","lab_gown","none","receptive","public/character-images/rendered/iona/sitting__lab_gown__none__receptive.png"
"NPC-LAB-01","Иона","iona","sitting","lab_gown","none","guarded","public/character-images/rendered/iona/sitting__lab_gown__none__guarded.png"
"NPC-LAB-01","Иона","iona","sitting","lab_gown","none","high_positive","public/character-images/rendered/iona/sitting__lab_gown__none__high_positive.png"
"NPC-LAB-01","Иона","iona","sitting","lab_gown","none","high_negative","public/character-images/rendered/iona/sitting__lab_gown__none__high_negative.png"
"NPC-LAB-01","Иона","iona","sitting","lab_gown","none","subspace","public/character-images/rendered/iona/sitting__lab_gown__none__subspace.png"
"NPC-LAB-01","Иона","iona","sitting","lab_gown","none","climax","public/character-images/rendered/iona/sitting__lab_gown__none__climax.png"
"NPC-LAB-01","Иона","iona","sitting","lab_gown","none","unconscious","public/character-images/rendered/iona/sitting__lab_gown__none__unconscious.png"
"NPC-LAB-01","Иона","iona","sitting","calibration_set","none","neutral","public/character-images/rendered/iona/sitting__calibration_set__none__neutral.png"
"NPC-LAB-01","Иона","iona","sitting","calibration_set","none","receptive","public/character-images/rendered/iona/sitting__calibration_set__none__receptive.png"
"NPC-LAB-01","Иона","iona","sitting","calibration_set","none","guarded","public/character-images/rendered/iona/sitting__calibration_set__none__guarded.png"
"NPC-LAB-01","Иона","iona","sitting","calibration_set","none","high_positive","public/character-images/rendered/iona/sitting__calibration_set__none__high_positive.png"
"NPC-LAB-01","Иона","iona","sitting","calibration_set","none","high_negative","public/character-images/rendered/iona/sitting__calibration_set__none__high_negative.png"
"NPC-LAB-01","Иона","iona","sitting","calibration_set","none","subspace","public/character-images/rendered/iona/sitting__calibration_set__none__subspace.png"
"NPC-LAB-01","Иона","iona","sitting","calibration_set","none","climax","public/character-images/rendered/iona/sitting__calibration_set__none__climax.png"
"NPC-LAB-01","Иона","iona","sitting","calibration_set","none","unconscious","public/character-images/rendered/iona/sitting__calibration_set__none__unconscious.png"
"NPC-LAB-01","Иона","iona","kneeling","nude","none","neutral","public/character-images/rendered/iona/kneeling__nude__none__neutral.png"
"NPC-LAB-01","Иона","iona","kneeling","nude","none","receptive","public/character-images/rendered/iona/kneeling__nude__none__receptive.png"
"NPC-LAB-01","Иона","iona","kneeling","nude","none","guarded","public/character-images/rendered/iona/kneeling__nude__none__guarded.png"
"NPC-LAB-01","Иона","iona","kneeling","nude","none","high_positive","public/character-images/rendered/iona/kneeling__nude__none__high_positive.png"
"NPC-LAB-01","Иона","iona","kneeling","nude","none","high_negative","public/character-images/rendered/iona/kneeling__nude__none__high_negative.png"
"NPC-LAB-01","Иона","iona","kneeling","nude","none","subspace","public/character-images/rendered/iona/kneeling__nude__none__subspace.png"
"NPC-LAB-01","Иона","iona","kneeling","nude","none","climax","public/character-images/rendered/iona/kneeling__nude__none__climax.png"
"NPC-LAB-01","Иона","iona","kneeling","nude","none","unconscious","public/character-images/rendered/iona/kneeling__nude__none__unconscious.png"
"NPC-LAB-01","Иона","iona","kneeling","underwear","none","neutral","public/character-images/rendered/iona/kneeling__underwear__none__neutral.png"
"NPC-LAB-01","Иона","iona","kneeling","underwear","none","receptive","public/character-images/rendered/iona/kneeling__underwear__none__receptive.png"
"NPC-LAB-01","Иона","iona","kneeling","underwear","none","guarded","public/character-images/rendered/iona/kneeling__underwear__none__guarded.png"
"NPC-LAB-01","Иона","iona","kneeling","underwear","none","high_positive","public/character-images/rendered/iona/kneeling__underwear__none__high_positive.png"
"NPC-LAB-01","Иона","iona","kneeling","underwear","none","high_negative","public/character-images/rendered/iona/kneeling__underwear__none__high_negative.png"
"NPC-LAB-01","Иона","iona","kneeling","underwear","none","subspace","public/character-images/rendered/iona/kneeling__underwear__none__subspace.png"
"NPC-LAB-01","Иона","iona","kneeling","underwear","none","climax","public/character-images/rendered/iona/kneeling__underwear__none__climax.png"
"NPC-LAB-01","Иона","iona","kneeling","underwear","none","unconscious","public/character-images/rendered/iona/kneeling__underwear__none__unconscious.png"
"NPC-LAB-01","Иона","iona","kneeling","dress","none","neutral","public/character-images/rendered/iona/kneeling__dress__none__neutral.png"
"NPC-LAB-01","Иона","iona","kneeling","dress","none","receptive","public/character-images/rendered/iona/kneeling__dress__none__receptive.png"
"NPC-LAB-01","Иона","iona","kneeling","dress","none","guarded","public/character-images/rendered/iona/kneeling__dress__none__guarded.png"
"NPC-LAB-01","Иона","iona","kneeling","dress","none","high_positive","public/character-images/rendered/iona/kneeling__dress__none__high_positive.png"
"NPC-LAB-01","Иона","iona","kneeling","dress","none","high_negative","public/character-images/rendered/iona/kneeling__dress__none__high_negative.png"
"NPC-LAB-01","Иона","iona","kneeling","dress","none","subspace","public/character-images/rendered/iona/kneeling__dress__none__subspace.png"
"NPC-LAB-01","Иона","iona","kneeling","dress","none","climax","public/character-images/rendered/iona/kneeling__dress__none__climax.png"
"NPC-LAB-01","Иона","iona","kneeling","dress","none","unconscious","public/character-images/rendered/iona/kneeling__dress__none__unconscious.png"
"NPC-LAB-01","Иона","iona","kneeling","dress_stockings","none","neutral","public/character-images/rendered/iona/kneeling__dress_stockings__none__neutral.png"
"NPC-LAB-01","Иона","iona","kneeling","dress_stockings","none","receptive","public/character-images/rendered/iona/kneeling__dress_stockings__none__receptive.png"
"NPC-LAB-01","Иона","iona","kneeling","dress_stockings","none","guarded","public/character-images/rendered/iona/kneeling__dress_stockings__none__guarded.png"
"NPC-LAB-01","Иона","iona","kneeling","dress_stockings","none","high_positive","public/character-images/rendered/iona/kneeling__dress_stockings__none__high_positive.png"
"NPC-LAB-01","Иона","iona","kneeling","dress_stockings","none","high_negative","public/character-images/rendered/iona/kneeling__dress_stockings__none__high_negative.png"
"NPC-LAB-01","Иона","iona","kneeling","dress_stockings","none","subspace","public/character-images/rendered/iona/kneeling__dress_stockings__none__subspace.png"
"NPC-LAB-01","Иона","iona","kneeling","dress_stockings","none","climax","public/character-images/rendered/iona/kneeling__dress_stockings__none__climax.png"
"NPC-LAB-01","Иона","iona","kneeling","dress_stockings","none","unconscious","public/character-images/rendered/iona/kneeling__dress_stockings__none__unconscious.png"
"NPC-LAB-01","Иона","iona","kneeling","jumpsuit","none","neutral","public/character-images/rendered/iona/kneeling__jumpsuit__none__neutral.png"
"NPC-LAB-01","Иона","iona","kneeling","jumpsuit","none","receptive","public/character-images/rendered/iona/kneeling__jumpsuit__none__receptive.png"
"NPC-LAB-01","Иона","iona","kneeling","jumpsuit","none","guarded","public/character-images/rendered/iona/kneeling__jumpsuit__none__guarded.png"
"NPC-LAB-01","Иона","iona","kneeling","jumpsuit","none","high_positive","public/character-images/rendered/iona/kneeling__jumpsuit__none__high_positive.png"
"NPC-LAB-01","Иона","iona","kneeling","jumpsuit","none","high_negative","public/character-images/rendered/iona/kneeling__jumpsuit__none__high_negative.png"
"NPC-LAB-01","Иона","iona","kneeling","jumpsuit","none","subspace","public/character-images/rendered/iona/kneeling__jumpsuit__none__subspace.png"
"NPC-LAB-01","Иона","iona","kneeling","jumpsuit","none","climax","public/character-images/rendered/iona/kneeling__jumpsuit__none__climax.png"
"NPC-LAB-01","Иона","iona","kneeling","jumpsuit","none","unconscious","public/character-images/rendered/iona/kneeling__jumpsuit__none__unconscious.png"
"NPC-LAB-01","Иона","iona","kneeling","lab_gown","none","neutral","public/character-images/rendered/iona/kneeling__lab_gown__none__neutral.png"
"NPC-LAB-01","Иона","iona","kneeling","lab_gown","none","receptive","public/character-images/rendered/iona/kneeling__lab_gown__none__receptive.png"
"NPC-LAB-01","Иона","iona","kneeling","lab_gown","none","guarded","public/character-images/rendered/iona/kneeling__lab_gown__none__guarded.png"
"NPC-LAB-01","Иона","iona","kneeling","lab_gown","none","high_positive","public/character-images/rendered/iona/kneeling__lab_gown__none__high_positive.png"
"NPC-LAB-01","Иона","iona","kneeling","lab_gown","none","high_negative","public/character-images/rendered/iona/kneeling__lab_gown__none__high_negative.png"
"NPC-LAB-01","Иона","iona","kneeling","lab_gown","none","subspace","public/character-images/rendered/iona/kneeling__lab_gown__none__subspace.png"
"NPC-LAB-01","Иона","iona","kneeling","lab_gown","none","climax","public/character-images/rendered/iona/kneeling__lab_gown__none__climax.png"
"NPC-LAB-01","Иона","iona","kneeling","lab_gown","none","unconscious","public/character-images/rendered/iona/kneeling__lab_gown__none__unconscious.png"
"NPC-LAB-01","Иона","iona","kneeling","calibration_set","none","neutral","public/character-images/rendered/iona/kneeling__calibration_set__none__neutral.png"
"NPC-LAB-01","Иона","iona","kneeling","calibration_set","none","receptive","public/character-images/rendered/iona/kneeling__calibration_set__none__receptive.png"
"NPC-LAB-01","Иона","iona","kneeling","calibration_set","none","guarded","public/character-images/rendered/iona/kneeling__calibration_set__none__guarded.png"
"NPC-LAB-01","Иона","iona","kneeling","calibration_set","none","high_positive","public/character-images/rendered/iona/kneeling__calibration_set__none__high_positive.png"
"NPC-LAB-01","Иона","iona","kneeling","calibration_set","none","high_negative","public/character-images/rendered/iona/kneeling__calibration_set__none__high_negative.png"
"NPC-LAB-01","Иона","iona","kneeling","calibration_set","none","subspace","public/character-images/rendered/iona/kneeling__calibration_set__none__subspace.png"
"NPC-LAB-01","Иона","iona","kneeling","calibration_set","none","climax","public/character-images/rendered/iona/kneeling__calibration_set__none__climax.png"
"NPC-LAB-01","Иона","iona","kneeling","calibration_set","none","unconscious","public/character-images/rendered/iona/kneeling__calibration_set__none__unconscious.png"
"NPC-LAB-01","Иона","iona","lying","nude","none","neutral","public/character-images/rendered/iona/lying__nude__none__neutral.png"
"NPC-LAB-01","Иона","iona","lying","nude","none","receptive","public/character-images/rendered/iona/lying__nude__none__receptive.png"
"NPC-LAB-01","Иона","iona","lying","nude","none","guarded","public/character-images/rendered/iona/lying__nude__none__guarded.png"
"NPC-LAB-01","Иона","iona","lying","nude","none","high_positive","public/character-images/rendered/iona/lying__nude__none__high_positive.png"
"NPC-LAB-01","Иона","iona","lying","nude","none","high_negative","public/character-images/rendered/iona/lying__nude__none__high_negative.png"
"NPC-LAB-01","Иона","iona","lying","nude","none","subspace","public/character-images/rendered/iona/lying__nude__none__subspace.png"
"NPC-LAB-01","Иона","iona","lying","nude","none","climax","public/character-images/rendered/iona/lying__nude__none__climax.png"
"NPC-LAB-01","Иона","iona","lying","nude","none","unconscious","public/character-images/rendered/iona/lying__nude__none__unconscious.png"
"NPC-LAB-01","Иона","iona","lying","underwear","none","neutral","public/character-images/rendered/iona/lying__underwear__none__neutral.png"
"NPC-LAB-01","Иона","iona","lying","underwear","none","receptive","public/character-images/rendered/iona/lying__underwear__none__receptive.png"
"NPC-LAB-01","Иона","iona","lying","underwear","none","guarded","public/character-images/rendered/iona/lying__underwear__none__guarded.png"
"NPC-LAB-01","Иона","iona","lying","underwear","none","high_positive","public/character-images/rendered/iona/lying__underwear__none__high_positive.png"
"NPC-LAB-01","Иона","iona","lying","underwear","none","high_negative","public/character-images/rendered/iona/lying__underwear__none__high_negative.png"
"NPC-LAB-01","Иона","iona","lying","underwear","none","subspace","public/character-images/rendered/iona/lying__underwear__none__subspace.png"
"NPC-LAB-01","Иона","iona","lying","underwear","none","climax","public/character-images/rendered/iona/lying__underwear__none__climax.png"
"NPC-LAB-01","Иона","iona","lying","underwear","none","unconscious","public/character-images/rendered/iona/lying__underwear__none__unconscious.png"
"NPC-LAB-01","Иона","iona","lying","dress","none","neutral","public/character-images/rendered/iona/lying__dress__none__neutral.png"
"NPC-LAB-01","Иона","iona","lying","dress","none","receptive","public/character-images/rendered/iona/lying__dress__none__receptive.png"
"NPC-LAB-01","Иона","iona","lying","dress","none","guarded","public/character-images/rendered/iona/lying__dress__none__guarded.png"
"NPC-LAB-01","Иона","iona","lying","dress","none","high_positive","public/character-images/rendered/iona/lying__dress__none__high_positive.png"
"NPC-LAB-01","Иона","iona","lying","dress","none","high_negative","public/character-images/rendered/iona/lying__dress__none__high_negative.png"
"NPC-LAB-01","Иона","iona","lying","dress","none","subspace","public/character-images/rendered/iona/lying__dress__none__subspace.png"
"NPC-LAB-01","Иона","iona","lying","dress","none","climax","public/character-images/rendered/iona/lying__dress__none__climax.png"
"NPC-LAB-01","Иона","iona","lying","dress","none","unconscious","public/character-images/rendered/iona/lying__dress__none__unconscious.png"
"NPC-LAB-01","Иона","iona","lying","dress_stockings","none","neutral","public/character-images/rendered/iona/lying__dress_stockings__none__neutral.png"
"NPC-LAB-01","Иона","iona","lying","dress_stockings","none","receptive","public/character-images/rendered/iona/lying__dress_stockings__none__receptive.png"
"NPC-LAB-01","Иона","iona","lying","dress_stockings","none","guarded","public/character-images/rendered/iona/lying__dress_stockings__none__guarded.png"
"NPC-LAB-01","Иона","iona","lying","dress_stockings","none","high_positive","public/character-images/rendered/iona/lying__dress_stockings__none__high_positive.png"
"NPC-LAB-01","Иона","iona","lying","dress_stockings","none","high_negative","public/character-images/rendered/iona/lying__dress_stockings__none__high_negative.png"
"NPC-LAB-01","Иона","iona","lying","dress_stockings","none","subspace","public/character-images/rendered/iona/lying__dress_stockings__none__subspace.png"
"NPC-LAB-01","Иона","iona","lying","dress_stockings","none","climax","public/character-images/rendered/iona/lying__dress_stockings__none__climax.png"
"NPC-LAB-01","Иона","iona","lying","dress_stockings","none","unconscious","public/character-images/rendered/iona/lying__dress_stockings__none__unconscious.png"
"NPC-LAB-01","Иона","iona","lying","jumpsuit","none","neutral","public/character-images/rendered/iona/lying__jumpsuit__none__neutral.png"
"NPC-LAB-01","Иона","iona","lying","jumpsuit","none","receptive","public/character-images/rendered/iona/lying__jumpsuit__none__receptive.png"
"NPC-LAB-01","Иона","iona","lying","jumpsuit","none","guarded","public/character-images/rendered/iona/lying__jumpsuit__none__guarded.png"
"NPC-LAB-01","Иона","iona","lying","jumpsuit","none","high_positive","public/character-images/rendered/iona/lying__jumpsuit__none__high_positive.png"
"NPC-LAB-01","Иона","iona","lying","jumpsuit","none","high_negative","public/character-images/rendered/iona/lying__jumpsuit__none__high_negative.png"
"NPC-LAB-01","Иона","iona","lying","jumpsuit","none","subspace","public/character-images/rendered/iona/lying__jumpsuit__none__subspace.png"
"NPC-LAB-01","Иона","iona","lying","jumpsuit","none","climax","public/character-images/rendered/iona/lying__jumpsuit__none__climax.png"
"NPC-LAB-01","Иона","iona","lying","jumpsuit","none","unconscious","public/character-images/rendered/iona/lying__jumpsuit__none__unconscious.png"
"NPC-LAB-01","Иона","iona","lying","lab_gown","none","neutral","public/character-images/rendered/iona/lying__lab_gown__none__neutral.png"
"NPC-LAB-01","Иона","iona","lying","lab_gown","none","receptive","public/character-images/rendered/iona/lying__lab_gown__none__receptive.png"
"NPC-LAB-01","Иона","iona","lying","lab_gown","none","guarded","public/character-images/rendered/iona/lying__lab_gown__none__guarded.png"
"NPC-LAB-01","Иона","iona","lying","lab_gown","none","high_positive","public/character-images/rendered/iona/lying__lab_gown__none__high_positive.png"
"NPC-LAB-01","Иона","iona","lying","lab_gown","none","high_negative","public/character-images/rendered/iona/lying__lab_gown__none__high_negative.png"
"NPC-LAB-01","Иона","iona","lying","lab_gown","none","subspace","public/character-images/rendered/iona/lying__lab_gown__none__subspace.png"
"NPC-LAB-01","Иона","iona","lying","lab_gown","none","climax","public/character-images/rendered/iona/lying__lab_gown__none__climax.png"
"NPC-LAB-01","Иона","iona","lying","lab_gown","none","unconscious","public/character-images/rendered/iona/lying__lab_gown__none__unconscious.png"
"NPC-LAB-01","Иона","iona","lying","calibration_set","none","neutral","public/character-images/rendered/iona/lying__calibration_set__none__neutral.png"
"NPC-LAB-01","Иона","iona","lying","calibration_set","none","receptive","public/character-images/rendered/iona/lying__calibration_set__none__receptive.png"
"NPC-LAB-01","Иона","iona","lying","calibration_set","none","guarded","public/character-images/rendered/iona/lying__calibration_set__none__guarded.png"
"NPC-LAB-01","Иона","iona","lying","calibration_set","none","high_positive","public/character-images/rendered/iona/lying__calibration_set__none__high_positive.png"
"NPC-LAB-01","Иона","iona","lying","calibration_set","none","high_negative","public/character-images/rendered/iona/lying__calibration_set__none__high_negative.png"
"NPC-LAB-01","Иона","iona","lying","calibration_set","none","subspace","public/character-images/rendered/iona/lying__calibration_set__none__subspace.png"
"NPC-LAB-01","Иона","iona","lying","calibration_set","none","climax","public/character-images/rendered/iona/lying__calibration_set__none__climax.png"
"NPC-LAB-01","Иона","iona","lying","calibration_set","none","unconscious","public/character-images/rendered/iona/lying__calibration_set__none__unconscious.png"
"NPC-LAB-01","Иона","iona","all_fours","nude","none","neutral","public/character-images/rendered/iona/all_fours__nude__none__neutral.png"
"NPC-LAB-01","Иона","iona","all_fours","nude","none","receptive","public/character-images/rendered/iona/all_fours__nude__none__receptive.png"
"NPC-LAB-01","Иона","iona","all_fours","nude","none","guarded","public/character-images/rendered/iona/all_fours__nude__none__guarded.png"
"NPC-LAB-01","Иона","iona","all_fours","nude","none","high_positive","public/character-images/rendered/iona/all_fours__nude__none__high_positive.png"
"NPC-LAB-01","Иона","iona","all_fours","nude","none","high_negative","public/character-images/rendered/iona/all_fours__nude__none__high_negative.png"
"NPC-LAB-01","Иона","iona","all_fours","nude","none","subspace","public/character-images/rendered/iona/all_fours__nude__none__subspace.png"
"NPC-LAB-01","Иона","iona","all_fours","nude","none","climax","public/character-images/rendered/iona/all_fours__nude__none__climax.png"
"NPC-LAB-01","Иона","iona","all_fours","nude","none","unconscious","public/character-images/rendered/iona/all_fours__nude__none__unconscious.png"
"NPC-LAB-01","Иона","iona","all_fours","underwear","none","neutral","public/character-images/rendered/iona/all_fours__underwear__none__neutral.png"
"NPC-LAB-01","Иона","iona","all_fours","underwear","none","receptive","public/character-images/rendered/iona/all_fours__underwear__none__receptive.png"
"NPC-LAB-01","Иона","iona","all_fours","underwear","none","guarded","public/character-images/rendered/iona/all_fours__underwear__none__guarded.png"
"NPC-LAB-01","Иона","iona","all_fours","underwear","none","high_positive","public/character-images/rendered/iona/all_fours__underwear__none__high_positive.png"
"NPC-LAB-01","Иона","iona","all_fours","underwear","none","high_negative","public/character-images/rendered/iona/all_fours__underwear__none__high_negative.png"
"NPC-LAB-01","Иона","iona","all_fours","underwear","none","subspace","public/character-images/rendered/iona/all_fours__underwear__none__subspace.png"
"NPC-LAB-01","Иона","iona","all_fours","underwear","none","climax","public/character-images/rendered/iona/all_fours__underwear__none__climax.png"
"NPC-LAB-01","Иона","iona","all_fours","underwear","none","unconscious","public/character-images/rendered/iona/all_fours__underwear__none__unconscious.png"
"NPC-LAB-01","Иона","iona","all_fours","dress","none","neutral","public/character-images/rendered/iona/all_fours__dress__none__neutral.png"
"NPC-LAB-01","Иона","iona","all_fours","dress","none","receptive","public/character-images/rendered/iona/all_fours__dress__none__receptive.png"
"NPC-LAB-01","Иона","iona","all_fours","dress","none","guarded","public/character-images/rendered/iona/all_fours__dress__none__guarded.png"
"NPC-LAB-01","Иона","iona","all_fours","dress","none","high_positive","public/character-images/rendered/iona/all_fours__dress__none__high_positive.png"
"NPC-LAB-01","Иона","iona","all_fours","dress","none","high_negative","public/character-images/rendered/iona/all_fours__dress__none__high_negative.png"
"NPC-LAB-01","Иона","iona","all_fours","dress","none","subspace","public/character-images/rendered/iona/all_fours__dress__none__subspace.png"
"NPC-LAB-01","Иона","iona","all_fours","dress","none","climax","public/character-images/rendered/iona/all_fours__dress__none__climax.png"
"NPC-LAB-01","Иона","iona","all_fours","dress","none","unconscious","public/character-images/rendered/iona/all_fours__dress__none__unconscious.png"
"NPC-LAB-01","Иона","iona","all_fours","dress_stockings","none","neutral","public/character-images/rendered/iona/all_fours__dress_stockings__none__neutral.png"
"NPC-LAB-01","Иона","iona","all_fours","dress_stockings","none","receptive","public/character-images/rendered/iona/all_fours__dress_stockings__none__receptive.png"
"NPC-LAB-01","Иона","iona","all_fours","dress_stockings","none","guarded","public/character-images/rendered/iona/all_fours__dress_stockings__none__guarded.png"
"NPC-LAB-01","Иона","iona","all_fours","dress_stockings","none","high_positive","public/character-images/rendered/iona/all_fours__dress_stockings__none__high_positive.png"
"NPC-LAB-01","Иона","iona","all_fours","dress_stockings","none","high_negative","public/character-images/rendered/iona/all_fours__dress_stockings__none__high_negative.png"
"NPC-LAB-01","Иона","iona","all_fours","dress_stockings","none","subspace","public/character-images/rendered/iona/all_fours__dress_stockings__none__subspace.png"
"NPC-LAB-01","Иона","iona","all_fours","dress_stockings","none","climax","public/character-images/rendered/iona/all_fours__dress_stockings__none__climax.png"
"NPC-LAB-01","Иона","iona","all_fours","dress_stockings","none","unconscious","public/character-images/rendered/iona/all_fours__dress_stockings__none__unconscious.png"
"NPC-LAB-01","Иона","iona","all_fours","jumpsuit","none","neutral","public/character-images/rendered/iona/all_fours__jumpsuit__none__neutral.png"
"NPC-LAB-01","Иона","iona","all_fours","jumpsuit","none","receptive","public/character-images/rendered/iona/all_fours__jumpsuit__none__receptive.png"
"NPC-LAB-01","Иона","iona","all_fours","jumpsuit","none","guarded","public/character-images/rendered/iona/all_fours__jumpsuit__none__guarded.png"
"NPC-LAB-01","Иона","iona","all_fours","jumpsuit","none","high_positive","public/character-images/rendered/iona/all_fours__jumpsuit__none__high_positive.png"
"NPC-LAB-01","Иона","iona","all_fours","jumpsuit","none","high_negative","public/character-images/rendered/iona/all_fours__jumpsuit__none__high_negative.png"
"NPC-LAB-01","Иона","iona","all_fours","jumpsuit","none","subspace","public/character-images/rendered/iona/all_fours__jumpsuit__none__subspace.png"
"NPC-LAB-01","Иона","iona","all_fours","jumpsuit","none","climax","public/character-images/rendered/iona/all_fours__jumpsuit__none__climax.png"
"NPC-LAB-01","Иона","iona","all_fours","jumpsuit","none","unconscious","public/character-images/rendered/iona/all_fours__jumpsuit__none__unconscious.png"
"NPC-LAB-01","Иона","iona","all_fours","lab_gown","none","neutral","public/character-images/rendered/iona/all_fours__lab_gown__none__neutral.png"
"NPC-LAB-01","Иона","iona","all_fours","lab_gown","none","receptive","public/character-images/rendered/iona/all_fours__lab_gown__none__receptive.png"
"NPC-LAB-01","Иона","iona","all_fours","lab_gown","none","guarded","public/character-images/rendered/iona/all_fours__lab_gown__none__guarded.png"
"NPC-LAB-01","Иона","iona","all_fours","lab_gown","none","high_positive","public/character-images/rendered/iona/all_fours__lab_gown__none__high_positive.png"
"NPC-LAB-01","Иона","iona","all_fours","lab_gown","none","high_negative","public/character-images/rendered/iona/all_fours__lab_gown__none__high_negative.png"
"NPC-LAB-01","Иона","iona","all_fours","lab_gown","none","subspace","public/character-images/rendered/iona/all_fours__lab_gown__none__subspace.png"
"NPC-LAB-01","Иона","iona","all_fours","lab_gown","none","climax","public/character-images/rendered/iona/all_fours__lab_gown__none__climax.png"
"NPC-LAB-01","Иона","iona","all_fours","lab_gown","none","unconscious","public/character-images/rendered/iona/all_fours__lab_gown__none__unconscious.png"
"NPC-LAB-01","Иона","iona","all_fours","calibration_set","none","neutral","public/character-images/rendered/iona/all_fours__calibration_set__none__neutral.png"
"NPC-LAB-01","Иона","iona","all_fours","calibration_set","none","receptive","public/character-images/rendered/iona/all_fours__calibration_set__none__receptive.png"
"NPC-LAB-01","Иона","iona","all_fours","calibration_set","none","guarded","public/character-images/rendered/iona/all_fours__calibration_set__none__guarded.png"
"NPC-LAB-01","Иона","iona","all_fours","calibration_set","none","high_positive","public/character-images/rendered/iona/all_fours__calibration_set__none__high_positive.png"
"NPC-LAB-01","Иона","iona","all_fours","calibration_set","none","high_negative","public/character-images/rendered/iona/all_fours__calibration_set__none__high_negative.png"
"NPC-LAB-01","Иона","iona","all_fours","calibration_set","none","subspace","public/character-images/rendered/iona/all_fours__calibration_set__none__subspace.png"
"NPC-LAB-01","Иона","iona","all_fours","calibration_set","none","climax","public/character-images/rendered/iona/all_fours__calibration_set__none__climax.png"
"NPC-LAB-01","Иона","iona","all_fours","calibration_set","none","unconscious","public/character-images/rendered/iona/all_fours__calibration_set__none__unconscious.png"
"NPC-LAB-01","Иона","iona","spread_eagle","nude","none","neutral","public/character-images/rendered/iona/spread_eagle__nude__none__neutral.png"
"NPC-LAB-01","Иона","iona","spread_eagle","nude","none","receptive","public/character-images/rendered/iona/spread_eagle__nude__none__receptive.png"
"NPC-LAB-01","Иона","iona","spread_eagle","nude","none","guarded","public/character-images/rendered/iona/spread_eagle__nude__none__guarded.png"
"NPC-LAB-01","Иона","iona","spread_eagle","nude","none","high_positive","public/character-images/rendered/iona/spread_eagle__nude__none__high_positive.png"
"NPC-LAB-01","Иона","iona","spread_eagle","nude","none","high_negative","public/character-images/rendered/iona/spread_eagle__nude__none__high_negative.png"
"NPC-LAB-01","Иона","iona","spread_eagle","nude","none","subspace","public/character-images/rendered/iona/spread_eagle__nude__none__subspace.png"
"NPC-LAB-01","Иона","iona","spread_eagle","nude","none","climax","public/character-images/rendered/iona/spread_eagle__nude__none__climax.png"
"NPC-LAB-01","Иона","iona","spread_eagle","nude","none","unconscious","public/character-images/rendered/iona/spread_eagle__nude__none__unconscious.png"
"NPC-LAB-01","Иона","iona","spread_eagle","underwear","none","neutral","public/character-images/rendered/iona/spread_eagle__underwear__none__neutral.png"
"NPC-LAB-01","Иона","iona","spread_eagle","underwear","none","receptive","public/character-images/rendered/iona/spread_eagle__underwear__none__receptive.png"
"NPC-LAB-01","Иона","iona","spread_eagle","underwear","none","guarded","public/character-images/rendered/iona/spread_eagle__underwear__none__guarded.png"
"NPC-LAB-01","Иона","iona","spread_eagle","underwear","none","high_positive","public/character-images/rendered/iona/spread_eagle__underwear__none__high_positive.png"
"NPC-LAB-01","Иона","iona","spread_eagle","underwear","none","high_negative","public/character-images/rendered/iona/spread_eagle__underwear__none__high_negative.png"
"NPC-LAB-01","Иона","iona","spread_eagle","underwear","none","subspace","public/character-images/rendered/iona/spread_eagle__underwear__none__subspace.png"
"NPC-LAB-01","Иона","iona","spread_eagle","underwear","none","climax","public/character-images/rendered/iona/spread_eagle__underwear__none__climax.png"
"NPC-LAB-01","Иона","iona","spread_eagle","underwear","none","unconscious","public/character-images/rendered/iona/spread_eagle__underwear__none__unconscious.png"
"NPC-LAB-01","Иона","iona","spread_eagle","dress","none","neutral","public/character-images/rendered/iona/spread_eagle__dress__none__neutral.png"
"NPC-LAB-01","Иона","iona","spread_eagle","dress","none","receptive","public/character-images/rendered/iona/spread_eagle__dress__none__receptive.png"
"NPC-LAB-01","Иона","iona","spread_eagle","dress","none","guarded","public/character-images/rendered/iona/spread_eagle__dress__none__guarded.png"
"NPC-LAB-01","Иона","iona","spread_eagle","dress","none","high_positive","public/character-images/rendered/iona/spread_eagle__dress__none__high_positive.png"
"NPC-LAB-01","Иона","iona","spread_eagle","dress","none","high_negative","public/character-images/rendered/iona/spread_eagle__dress__none__high_negative.png"
"NPC-LAB-01","Иона","iona","spread_eagle","dress","none","subspace","public/character-images/rendered/iona/spread_eagle__dress__none__subspace.png"
"NPC-LAB-01","Иона","iona","spread_eagle","dress","none","climax","public/character-images/rendered/iona/spread_eagle__dress__none__climax.png"
"NPC-LAB-01","Иона","iona","spread_eagle","dress","none","unconscious","public/character-images/rendered/iona/spread_eagle__dress__none__unconscious.png"
"NPC-LAB-01","Иона","iona","spread_eagle","dress_stockings","none","neutral","public/character-images/rendered/iona/spread_eagle__dress_stockings__none__neutral.png"
"NPC-LAB-01","Иона","iona","spread_eagle","dress_stockings","none","receptive","public/character-images/rendered/iona/spread_eagle__dress_stockings__none__receptive.png"
"NPC-LAB-01","Иона","iona","spread_eagle","dress_stockings","none","guarded","public/character-images/rendered/iona/spread_eagle__dress_stockings__none__guarded.png"
"NPC-LAB-01","Иона","iona","spread_eagle","dress_stockings","none","high_positive","public/character-images/rendered/iona/spread_eagle__dress_stockings__none__high_positive.png"
"NPC-LAB-01","Иона","iona","spread_eagle","dress_stockings","none","high_negative","public/character-images/rendered/iona/spread_eagle__dress_stockings__none__high_negative.png"
"NPC-LAB-01","Иона","iona","spread_eagle","dress_stockings","none","subspace","public/character-images/rendered/iona/spread_eagle__dress_stockings__none__subspace.png"
"NPC-LAB-01","Иона","iona","spread_eagle","dress_stockings","none","climax","public/character-images/rendered/iona/spread_eagle__dress_stockings__none__climax.png"
"NPC-LAB-01","Иона","iona","spread_eagle","dress_stockings","none","unconscious","public/character-images/rendered/iona/spread_eagle__dress_stockings__none__unconscious.png"
"NPC-LAB-01","Иона","iona","spread_eagle","jumpsuit","none","neutral","public/character-images/rendered/iona/spread_eagle__jumpsuit__none__neutral.png"
"NPC-LAB-01","Иона","iona","spread_eagle","jumpsuit","none","receptive","public/character-images/rendered/iona/spread_eagle__jumpsuit__none__receptive.png"
"NPC-LAB-01","Иона","iona","spread_eagle","jumpsuit","none","guarded","public/character-images/rendered/iona/spread_eagle__jumpsuit__none__guarded.png"
"NPC-LAB-01","Иона","iona","spread_eagle","jumpsuit","none","high_positive","public/character-images/rendered/iona/spread_eagle__jumpsuit__none__high_positive.png"
"NPC-LAB-01","Иона","iona","spread_eagle","jumpsuit","none","high_negative","public/character-images/rendered/iona/spread_eagle__jumpsuit__none__high_negative.png"
"NPC-LAB-01","Иона","iona","spread_eagle","jumpsuit","none","subspace","public/character-images/rendered/iona/spread_eagle__jumpsuit__none__subspace.png"
"NPC-LAB-01","Иона","iona","spread_eagle","jumpsuit","none","climax","public/character-images/rendered/iona/spread_eagle__jumpsuit__none__climax.png"
"NPC-LAB-01","Иона","iona","spread_eagle","jumpsuit","none","unconscious","public/character-images/rendered/iona/spread_eagle__jumpsuit__none__unconscious.png"
"NPC-LAB-01","Иона","iona","spread_eagle","lab_gown","none","neutral","public/character-images/rendered/iona/spread_eagle__lab_gown__none__neutral.png"
"NPC-LAB-01","Иона","iona","spread_eagle","lab_gown","none","receptive","public/character-images/rendered/iona/spread_eagle__lab_gown__none__receptive.png"
"NPC-LAB-01","Иона","iona","spread_eagle","lab_gown","none","guarded","public/character-images/rendered/iona/spread_eagle__lab_gown__none__guarded.png"
"NPC-LAB-01","Иона","iona","spread_eagle","lab_gown","none","high_positive","public/character-images/rendered/iona/spread_eagle__lab_gown__none__high_positive.png"
"NPC-LAB-01","Иона","iona","spread_eagle","lab_gown","none","high_negative","public/character-images/rendered/iona/spread_eagle__lab_gown__none__high_negative.png"
"NPC-LAB-01","Иона","iona","spread_eagle","lab_gown","none","subspace","public/character-images/rendered/iona/spread_eagle__lab_gown__none__subspace.png"
"NPC-LAB-01","Иона","iona","spread_eagle","lab_gown","none","climax","public/character-images/rendered/iona/spread_eagle__lab_gown__none__climax.png"
"NPC-LAB-01","Иона","iona","spread_eagle","lab_gown","none","unconscious","public/character-images/rendered/iona/spread_eagle__lab_gown__none__unconscious.png"
"NPC-LAB-01","Иона","iona","spread_eagle","calibration_set","none","neutral","public/character-images/rendered/iona/spread_eagle__calibration_set__none__neutral.png"
"NPC-LAB-01","Иона","iona","spread_eagle","calibration_set","none","receptive","public/character-images/rendered/iona/spread_eagle__calibration_set__none__receptive.png"
"NPC-LAB-01","Иона","iona","spread_eagle","calibration_set","none","guarded","public/character-images/rendered/iona/spread_eagle__calibration_set__none__guarded.png"
"NPC-LAB-01","Иона","iona","spread_eagle","calibration_set","none","high_positive","public/character-images/rendered/iona/spread_eagle__calibration_set__none__high_positive.png"
"NPC-LAB-01","Иона","iona","spread_eagle","calibration_set","none","high_negative","public/character-images/rendered/iona/spread_eagle__calibration_set__none__high_negative.png"
"NPC-LAB-01","Иона","iona","spread_eagle","calibration_set","none","subspace","public/character-images/rendered/iona/spread_eagle__calibration_set__none__subspace.png"
"NPC-LAB-01","Иона","iona","spread_eagle","calibration_set","none","climax","public/character-images/rendered/iona/spread_eagle__calibration_set__none__climax.png"
"NPC-LAB-01","Иона","iona","spread_eagle","calibration_set","none","unconscious","public/character-images/rendered/iona/spread_eagle__calibration_set__none__unconscious.png"
"NPC-LAB-01","Иона","iona","suspended","nude","none","neutral","public/character-images/rendered/iona/suspended__nude__none__neutral.png"
"NPC-LAB-01","Иона","iona","suspended","nude","none","receptive","public/character-images/rendered/iona/suspended__nude__none__receptive.png"
"NPC-LAB-01","Иона","iona","suspended","nude","none","guarded","public/character-images/rendered/iona/suspended__nude__none__guarded.png"
"NPC-LAB-01","Иона","iona","suspended","nude","none","high_positive","public/character-images/rendered/iona/suspended__nude__none__high_positive.png"
"NPC-LAB-01","Иона","iona","suspended","nude","none","high_negative","public/character-images/rendered/iona/suspended__nude__none__high_negative.png"
"NPC-LAB-01","Иона","iona","suspended","nude","none","subspace","public/character-images/rendered/iona/suspended__nude__none__subspace.png"
"NPC-LAB-01","Иона","iona","suspended","nude","none","climax","public/character-images/rendered/iona/suspended__nude__none__climax.png"
"NPC-LAB-01","Иона","iona","suspended","nude","none","unconscious","public/character-images/rendered/iona/suspended__nude__none__unconscious.png"
"NPC-LAB-01","Иона","iona","suspended","underwear","none","neutral","public/character-images/rendered/iona/suspended__underwear__none__neutral.png"
"NPC-LAB-01","Иона","iona","suspended","underwear","none","receptive","public/character-images/rendered/iona/suspended__underwear__none__receptive.png"
"NPC-LAB-01","Иона","iona","suspended","underwear","none","guarded","public/character-images/rendered/iona/suspended__underwear__none__guarded.png"
"NPC-LAB-01","Иона","iona","suspended","underwear","none","high_positive","public/character-images/rendered/iona/suspended__underwear__none__high_positive.png"
"NPC-LAB-01","Иона","iona","suspended","underwear","none","high_negative","public/character-images/rendered/iona/suspended__underwear__none__high_negative.png"
"NPC-LAB-01","Иона","iona","suspended","underwear","none","subspace","public/character-images/rendered/iona/suspended__underwear__none__subspace.png"
"NPC-LAB-01","Иона","iona","suspended","underwear","none","climax","public/character-images/rendered/iona/suspended__underwear__none__climax.png"
"NPC-LAB-01","Иона","iona","suspended","underwear","none","unconscious","public/character-images/rendered/iona/suspended__underwear__none__unconscious.png"
"NPC-LAB-01","Иона","iona","suspended","dress","none","neutral","public/character-images/rendered/iona/suspended__dress__none__neutral.png"
"NPC-LAB-01","Иона","iona","suspended","dress","none","receptive","public/character-images/rendered/iona/suspended__dress__none__receptive.png"
"NPC-LAB-01","Иона","iona","suspended","dress","none","guarded","public/character-images/rendered/iona/suspended__dress__none__guarded.png"
"NPC-LAB-01","Иона","iona","suspended","dress","none","high_positive","public/character-images/rendered/iona/suspended__dress__none__high_positive.png"
"NPC-LAB-01","Иона","iona","suspended","dress","none","high_negative","public/character-images/rendered/iona/suspended__dress__none__high_negative.png"
"NPC-LAB-01","Иона","iona","suspended","dress","none","subspace","public/character-images/rendered/iona/suspended__dress__none__subspace.png"
"NPC-LAB-01","Иона","iona","suspended","dress","none","climax","public/character-images/rendered/iona/suspended__dress__none__climax.png"
"NPC-LAB-01","Иона","iona","suspended","dress","none","unconscious","public/character-images/rendered/iona/suspended__dress__none__unconscious.png"
"NPC-LAB-01","Иона","iona","suspended","dress_stockings","none","neutral","public/character-images/rendered/iona/suspended__dress_stockings__none__neutral.png"
"NPC-LAB-01","Иона","iona","suspended","dress_stockings","none","receptive","public/character-images/rendered/iona/suspended__dress_stockings__none__receptive.png"
"NPC-LAB-01","Иона","iona","suspended","dress_stockings","none","guarded","public/character-images/rendered/iona/suspended__dress_stockings__none__guarded.png"
"NPC-LAB-01","Иона","iona","suspended","dress_stockings","none","high_positive","public/character-images/rendered/iona/suspended__dress_stockings__none__high_positive.png"
"NPC-LAB-01","Иона","iona","suspended","dress_stockings","none","high_negative","public/character-images/rendered/iona/suspended__dress_stockings__none__high_negative.png"
"NPC-LAB-01","Иона","iona","suspended","dress_stockings","none","subspace","public/character-images/rendered/iona/suspended__dress_stockings__none__subspace.png"
"NPC-LAB-01","Иона","iona","suspended","dress_stockings","none","climax","public/character-images/rendered/iona/suspended__dress_stockings__none__climax.png"
"NPC-LAB-01","Иона","iona","suspended","dress_stockings","none","unconscious","public/character-images/rendered/iona/suspended__dress_stockings__none__unconscious.png"
"NPC-LAB-01","Иона","iona","suspended","jumpsuit","none","neutral","public/character-images/rendered/iona/suspended__jumpsuit__none__neutral.png"
"NPC-LAB-01","Иона","iona","suspended","jumpsuit","none","receptive","public/character-images/rendered/iona/suspended__jumpsuit__none__receptive.png"
"NPC-LAB-01","Иона","iona","suspended","jumpsuit","none","guarded","public/character-images/rendered/iona/suspended__jumpsuit__none__guarded.png"
"NPC-LAB-01","Иона","iona","suspended","jumpsuit","none","high_positive","public/character-images/rendered/iona/suspended__jumpsuit__none__high_positive.png"
"NPC-LAB-01","Иона","iona","suspended","jumpsuit","none","high_negative","public/character-images/rendered/iona/suspended__jumpsuit__none__high_negative.png"
"NPC-LAB-01","Иона","iona","suspended","jumpsuit","none","subspace","public/character-images/rendered/iona/suspended__jumpsuit__none__subspace.png"
"NPC-LAB-01","Иона","iona","suspended","jumpsuit","none","climax","public/character-images/rendered/iona/suspended__jumpsuit__none__climax.png"
"NPC-LAB-01","Иона","iona","suspended","jumpsuit","none","unconscious","public/character-images/rendered/iona/suspended__jumpsuit__none__unconscious.png"
"NPC-LAB-01","Иона","iona","suspended","lab_gown","none","neutral","public/character-images/rendered/iona/suspended__lab_gown__none__neutral.png"
"NPC-LAB-01","Иона","iona","suspended","lab_gown","none","receptive","public/character-images/rendered/iona/suspended__lab_gown__none__receptive.png"
"NPC-LAB-01","Иона","iona","suspended","lab_gown","none","guarded","public/character-images/rendered/iona/suspended__lab_gown__none__guarded.png"
"NPC-LAB-01","Иона","iona","suspended","lab_gown","none","high_positive","public/character-images/rendered/iona/suspended__lab_gown__none__high_positive.png"
"NPC-LAB-01","Иона","iona","suspended","lab_gown","none","high_negative","public/character-images/rendered/iona/suspended__lab_gown__none__high_negative.png"
"NPC-LAB-01","Иона","iona","suspended","lab_gown","none","subspace","public/character-images/rendered/iona/suspended__lab_gown__none__subspace.png"
"NPC-LAB-01","Иона","iona","suspended","lab_gown","none","climax","public/character-images/rendered/iona/suspended__lab_gown__none__climax.png"
"NPC-LAB-01","Иона","iona","suspended","lab_gown","none","unconscious","public/character-images/rendered/iona/suspended__lab_gown__none__unconscious.png"
"NPC-LAB-01","Иона","iona","suspended","calibration_set","none","neutral","public/character-images/rendered/iona/suspended__calibration_set__none__neutral.png"
"NPC-LAB-01","Иона","iona","suspended","calibration_set","none","receptive","public/character-images/rendered/iona/suspended__calibration_set__none__receptive.png"
"NPC-LAB-01","Иона","iona","suspended","calibration_set","none","guarded","public/character-images/rendered/iona/suspended__calibration_set__none__guarded.png"
"NPC-LAB-01","Иона","iona","suspended","calibration_set","none","high_positive","public/character-images/rendered/iona/suspended__calibration_set__none__high_positive.png"
"NPC-LAB-01","Иона","iona","suspended","calibration_set","none","high_negative","public/character-images/rendered/iona/suspended__calibration_set__none__high_negative.png"
"NPC-LAB-01","Иона","iona","suspended","calibration_set","none","subspace","public/character-images/rendered/iona/suspended__calibration_set__none__subspace.png"
"NPC-LAB-01","Иона","iona","suspended","calibration_set","none","climax","public/character-images/rendered/iona/suspended__calibration_set__none__climax.png"
"NPC-LAB-01","Иона","iona","suspended","calibration_set","none","unconscious","public/character-images/rendered/iona/suspended__calibration_set__none__unconscious.png"
"NPC-CAND-01","Ника","nika","standing","nude","none","neutral","public/character-images/rendered/nika/standing__nude__none__neutral.png"
"NPC-CAND-01","Ника","nika","standing","nude","none","receptive","public/character-images/rendered/nika/standing__nude__none__receptive.png"
"NPC-CAND-01","Ника","nika","standing","nude","none","guarded","public/character-images/rendered/nika/standing__nude__none__guarded.png"
"NPC-CAND-01","Ника","nika","standing","nude","none","high_positive","public/character-images/rendered/nika/standing__nude__none__high_positive.png"
"NPC-CAND-01","Ника","nika","standing","nude","none","high_negative","public/character-images/rendered/nika/standing__nude__none__high_negative.png"
"NPC-CAND-01","Ника","nika","standing","nude","none","subspace","public/character-images/rendered/nika/standing__nude__none__subspace.png"
"NPC-CAND-01","Ника","nika","standing","nude","none","climax","public/character-images/rendered/nika/standing__nude__none__climax.png"
"NPC-CAND-01","Ника","nika","standing","nude","none","unconscious","public/character-images/rendered/nika/standing__nude__none__unconscious.png"
"NPC-CAND-01","Ника","nika","standing","underwear","none","neutral","public/character-images/rendered/nika/standing__underwear__none__neutral.png"
"NPC-CAND-01","Ника","nika","standing","underwear","none","receptive","public/character-images/rendered/nika/standing__underwear__none__receptive.png"
"NPC-CAND-01","Ника","nika","standing","underwear","none","guarded","public/character-images/rendered/nika/standing__underwear__none__guarded.png"
"NPC-CAND-01","Ника","nika","standing","underwear","none","high_positive","public/character-images/rendered/nika/standing__underwear__none__high_positive.png"
"NPC-CAND-01","Ника","nika","standing","underwear","none","high_negative","public/character-images/rendered/nika/standing__underwear__none__high_negative.png"
"NPC-CAND-01","Ника","nika","standing","underwear","none","subspace","public/character-images/rendered/nika/standing__underwear__none__subspace.png"
"NPC-CAND-01","Ника","nika","standing","underwear","none","climax","public/character-images/rendered/nika/standing__underwear__none__climax.png"
"NPC-CAND-01","Ника","nika","standing","underwear","none","unconscious","public/character-images/rendered/nika/standing__underwear__none__unconscious.png"
"NPC-CAND-01","Ника","nika","standing","dress","none","neutral","public/character-images/rendered/nika/standing__dress__none__neutral.png"
"NPC-CAND-01","Ника","nika","standing","dress","none","receptive","public/character-images/rendered/nika/standing__dress__none__receptive.png"
"NPC-CAND-01","Ника","nika","standing","dress","none","guarded","public/character-images/rendered/nika/standing__dress__none__guarded.png"
"NPC-CAND-01","Ника","nika","standing","dress","none","high_positive","public/character-images/rendered/nika/standing__dress__none__high_positive.png"
"NPC-CAND-01","Ника","nika","standing","dress","none","high_negative","public/character-images/rendered/nika/standing__dress__none__high_negative.png"
"NPC-CAND-01","Ника","nika","standing","dress","none","subspace","public/character-images/rendered/nika/standing__dress__none__subspace.png"
"NPC-CAND-01","Ника","nika","standing","dress","none","climax","public/character-images/rendered/nika/standing__dress__none__climax.png"
"NPC-CAND-01","Ника","nika","standing","dress","none","unconscious","public/character-images/rendered/nika/standing__dress__none__unconscious.png"
"NPC-CAND-01","Ника","nika","standing","dress_stockings","none","neutral","public/character-images/rendered/nika/standing__dress_stockings__none__neutral.png"
"NPC-CAND-01","Ника","nika","standing","dress_stockings","none","receptive","public/character-images/rendered/nika/standing__dress_stockings__none__receptive.png"
"NPC-CAND-01","Ника","nika","standing","dress_stockings","none","guarded","public/character-images/rendered/nika/standing__dress_stockings__none__guarded.png"
"NPC-CAND-01","Ника","nika","standing","dress_stockings","none","high_positive","public/character-images/rendered/nika/standing__dress_stockings__none__high_positive.png"
"NPC-CAND-01","Ника","nika","standing","dress_stockings","none","high_negative","public/character-images/rendered/nika/standing__dress_stockings__none__high_negative.png"
"NPC-CAND-01","Ника","nika","standing","dress_stockings","none","subspace","public/character-images/rendered/nika/standing__dress_stockings__none__subspace.png"
"NPC-CAND-01","Ника","nika","standing","dress_stockings","none","climax","public/character-images/rendered/nika/standing__dress_stockings__none__climax.png"
"NPC-CAND-01","Ника","nika","standing","dress_stockings","none","unconscious","public/character-images/rendered/nika/standing__dress_stockings__none__unconscious.png"
"NPC-CAND-01","Ника","nika","standing","jumpsuit","none","neutral","public/character-images/rendered/nika/standing__jumpsuit__none__neutral.png"
"NPC-CAND-01","Ника","nika","standing","jumpsuit","none","receptive","public/character-images/rendered/nika/standing__jumpsuit__none__receptive.png"
"NPC-CAND-01","Ника","nika","standing","jumpsuit","none","guarded","public/character-images/rendered/nika/standing__jumpsuit__none__guarded.png"
"NPC-CAND-01","Ника","nika","standing","jumpsuit","none","high_positive","public/character-images/rendered/nika/standing__jumpsuit__none__high_positive.png"
"NPC-CAND-01","Ника","nika","standing","jumpsuit","none","high_negative","public/character-images/rendered/nika/standing__jumpsuit__none__high_negative.png"
"NPC-CAND-01","Ника","nika","standing","jumpsuit","none","subspace","public/character-images/rendered/nika/standing__jumpsuit__none__subspace.png"
"NPC-CAND-01","Ника","nika","standing","jumpsuit","none","climax","public/character-images/rendered/nika/standing__jumpsuit__none__climax.png"
"NPC-CAND-01","Ника","nika","standing","jumpsuit","none","unconscious","public/character-images/rendered/nika/standing__jumpsuit__none__unconscious.png"
"NPC-CAND-01","Ника","nika","standing","lab_gown","none","neutral","public/character-images/rendered/nika/standing__lab_gown__none__neutral.png"
"NPC-CAND-01","Ника","nika","standing","lab_gown","none","receptive","public/character-images/rendered/nika/standing__lab_gown__none__receptive.png"
"NPC-CAND-01","Ника","nika","standing","lab_gown","none","guarded","public/character-images/rendered/nika/standing__lab_gown__none__guarded.png"
"NPC-CAND-01","Ника","nika","standing","lab_gown","none","high_positive","public/character-images/rendered/nika/standing__lab_gown__none__high_positive.png"
"NPC-CAND-01","Ника","nika","standing","lab_gown","none","high_negative","public/character-images/rendered/nika/standing__lab_gown__none__high_negative.png"
"NPC-CAND-01","Ника","nika","standing","lab_gown","none","subspace","public/character-images/rendered/nika/standing__lab_gown__none__subspace.png"
"NPC-CAND-01","Ника","nika","standing","lab_gown","none","climax","public/character-images/rendered/nika/standing__lab_gown__none__climax.png"
"NPC-CAND-01","Ника","nika","standing","lab_gown","none","unconscious","public/character-images/rendered/nika/standing__lab_gown__none__unconscious.png"
"NPC-CAND-01","Ника","nika","standing","calibration_set","none","neutral","public/character-images/rendered/nika/standing__calibration_set__none__neutral.png"
"NPC-CAND-01","Ника","nika","standing","calibration_set","none","receptive","public/character-images/rendered/nika/standing__calibration_set__none__receptive.png"
"NPC-CAND-01","Ника","nika","standing","calibration_set","none","guarded","public/character-images/rendered/nika/standing__calibration_set__none__guarded.png"
"NPC-CAND-01","Ника","nika","standing","calibration_set","none","high_positive","public/character-images/rendered/nika/standing__calibration_set__none__high_positive.png"
"NPC-CAND-01","Ника","nika","standing","calibration_set","none","high_negative","public/character-images/rendered/nika/standing__calibration_set__none__high_negative.png"
"NPC-CAND-01","Ника","nika","standing","calibration_set","none","subspace","public/character-images/rendered/nika/standing__calibration_set__none__subspace.png"
"NPC-CAND-01","Ника","nika","standing","calibration_set","none","climax","public/character-images/rendered/nika/standing__calibration_set__none__climax.png"
"NPC-CAND-01","Ника","nika","standing","calibration_set","none","unconscious","public/character-images/rendered/nika/standing__calibration_set__none__unconscious.png"
"NPC-CAND-01","Ника","nika","sitting","nude","none","neutral","public/character-images/rendered/nika/sitting__nude__none__neutral.png"
"NPC-CAND-01","Ника","nika","sitting","nude","none","receptive","public/character-images/rendered/nika/sitting__nude__none__receptive.png"
"NPC-CAND-01","Ника","nika","sitting","nude","none","guarded","public/character-images/rendered/nika/sitting__nude__none__guarded.png"
"NPC-CAND-01","Ника","nika","sitting","nude","none","high_positive","public/character-images/rendered/nika/sitting__nude__none__high_positive.png"
"NPC-CAND-01","Ника","nika","sitting","nude","none","high_negative","public/character-images/rendered/nika/sitting__nude__none__high_negative.png"
"NPC-CAND-01","Ника","nika","sitting","nude","none","subspace","public/character-images/rendered/nika/sitting__nude__none__subspace.png"
"NPC-CAND-01","Ника","nika","sitting","nude","none","climax","public/character-images/rendered/nika/sitting__nude__none__climax.png"
"NPC-CAND-01","Ника","nika","sitting","nude","none","unconscious","public/character-images/rendered/nika/sitting__nude__none__unconscious.png"
"NPC-CAND-01","Ника","nika","sitting","underwear","none","neutral","public/character-images/rendered/nika/sitting__underwear__none__neutral.png"
"NPC-CAND-01","Ника","nika","sitting","underwear","none","receptive","public/character-images/rendered/nika/sitting__underwear__none__receptive.png"
"NPC-CAND-01","Ника","nika","sitting","underwear","none","guarded","public/character-images/rendered/nika/sitting__underwear__none__guarded.png"
"NPC-CAND-01","Ника","nika","sitting","underwear","none","high_positive","public/character-images/rendered/nika/sitting__underwear__none__high_positive.png"
"NPC-CAND-01","Ника","nika","sitting","underwear","none","high_negative","public/character-images/rendered/nika/sitting__underwear__none__high_negative.png"
"NPC-CAND-01","Ника","nika","sitting","underwear","none","subspace","public/character-images/rendered/nika/sitting__underwear__none__subspace.png"
"NPC-CAND-01","Ника","nika","sitting","underwear","none","climax","public/character-images/rendered/nika/sitting__underwear__none__climax.png"
"NPC-CAND-01","Ника","nika","sitting","underwear","none","unconscious","public/character-images/rendered/nika/sitting__underwear__none__unconscious.png"
"NPC-CAND-01","Ника","nika","sitting","dress","none","neutral","public/character-images/rendered/nika/sitting__dress__none__neutral.png"
"NPC-CAND-01","Ника","nika","sitting","dress","none","receptive","public/character-images/rendered/nika/sitting__dress__none__receptive.png"
"NPC-CAND-01","Ника","nika","sitting","dress","none","guarded","public/character-images/rendered/nika/sitting__dress__none__guarded.png"
"NPC-CAND-01","Ника","nika","sitting","dress","none","high_positive","public/character-images/rendered/nika/sitting__dress__none__high_positive.png"
"NPC-CAND-01","Ника","nika","sitting","dress","none","high_negative","public/character-images/rendered/nika/sitting__dress__none__high_negative.png"
"NPC-CAND-01","Ника","nika","sitting","dress","none","subspace","public/character-images/rendered/nika/sitting__dress__none__subspace.png"
"NPC-CAND-01","Ника","nika","sitting","dress","none","climax","public/character-images/rendered/nika/sitting__dress__none__climax.png"
"NPC-CAND-01","Ника","nika","sitting","dress","none","unconscious","public/character-images/rendered/nika/sitting__dress__none__unconscious.png"
"NPC-CAND-01","Ника","nika","sitting","dress_stockings","none","neutral","public/character-images/rendered/nika/sitting__dress_stockings__none__neutral.png"
"NPC-CAND-01","Ника","nika","sitting","dress_stockings","none","receptive","public/character-images/rendered/nika/sitting__dress_stockings__none__receptive.png"
"NPC-CAND-01","Ника","nika","sitting","dress_stockings","none","guarded","public/character-images/rendered/nika/sitting__dress_stockings__none__guarded.png"
"NPC-CAND-01","Ника","nika","sitting","dress_stockings","none","high_positive","public/character-images/rendered/nika/sitting__dress_stockings__none__high_positive.png"
"NPC-CAND-01","Ника","nika","sitting","dress_stockings","none","high_negative","public/character-images/rendered/nika/sitting__dress_stockings__none__high_negative.png"
"NPC-CAND-01","Ника","nika","sitting","dress_stockings","none","subspace","public/character-images/rendered/nika/sitting__dress_stockings__none__subspace.png"
"NPC-CAND-01","Ника","nika","sitting","dress_stockings","none","climax","public/character-images/rendered/nika/sitting__dress_stockings__none__climax.png"
"NPC-CAND-01","Ника","nika","sitting","dress_stockings","none","unconscious","public/character-images/rendered/nika/sitting__dress_stockings__none__unconscious.png"
"NPC-CAND-01","Ника","nika","sitting","jumpsuit","none","neutral","public/character-images/rendered/nika/sitting__jumpsuit__none__neutral.png"
"NPC-CAND-01","Ника","nika","sitting","jumpsuit","none","receptive","public/character-images/rendered/nika/sitting__jumpsuit__none__receptive.png"
"NPC-CAND-01","Ника","nika","sitting","jumpsuit","none","guarded","public/character-images/rendered/nika/sitting__jumpsuit__none__guarded.png"
"NPC-CAND-01","Ника","nika","sitting","jumpsuit","none","high_positive","public/character-images/rendered/nika/sitting__jumpsuit__none__high_positive.png"
"NPC-CAND-01","Ника","nika","sitting","jumpsuit","none","high_negative","public/character-images/rendered/nika/sitting__jumpsuit__none__high_negative.png"
"NPC-CAND-01","Ника","nika","sitting","jumpsuit","none","subspace","public/character-images/rendered/nika/sitting__jumpsuit__none__subspace.png"
"NPC-CAND-01","Ника","nika","sitting","jumpsuit","none","climax","public/character-images/rendered/nika/sitting__jumpsuit__none__climax.png"
"NPC-CAND-01","Ника","nika","sitting","jumpsuit","none","unconscious","public/character-images/rendered/nika/sitting__jumpsuit__none__unconscious.png"
"NPC-CAND-01","Ника","nika","sitting","lab_gown","none","neutral","public/character-images/rendered/nika/sitting__lab_gown__none__neutral.png"
"NPC-CAND-01","Ника","nika","sitting","lab_gown","none","receptive","public/character-images/rendered/nika/sitting__lab_gown__none__receptive.png"
"NPC-CAND-01","Ника","nika","sitting","lab_gown","none","guarded","public/character-images/rendered/nika/sitting__lab_gown__none__guarded.png"
"NPC-CAND-01","Ника","nika","sitting","lab_gown","none","high_positive","public/character-images/rendered/nika/sitting__lab_gown__none__high_positive.png"
"NPC-CAND-01","Ника","nika","sitting","lab_gown","none","high_negative","public/character-images/rendered/nika/sitting__lab_gown__none__high_negative.png"
"NPC-CAND-01","Ника","nika","sitting","lab_gown","none","subspace","public/character-images/rendered/nika/sitting__lab_gown__none__subspace.png"
"NPC-CAND-01","Ника","nika","sitting","lab_gown","none","climax","public/character-images/rendered/nika/sitting__lab_gown__none__climax.png"
"NPC-CAND-01","Ника","nika","sitting","lab_gown","none","unconscious","public/character-images/rendered/nika/sitting__lab_gown__none__unconscious.png"
"NPC-CAND-01","Ника","nika","sitting","calibration_set","none","neutral","public/character-images/rendered/nika/sitting__calibration_set__none__neutral.png"
"NPC-CAND-01","Ника","nika","sitting","calibration_set","none","receptive","public/character-images/rendered/nika/sitting__calibration_set__none__receptive.png"
"NPC-CAND-01","Ника","nika","sitting","calibration_set","none","guarded","public/character-images/rendered/nika/sitting__calibration_set__none__guarded.png"
"NPC-CAND-01","Ника","nika","sitting","calibration_set","none","high_positive","public/character-images/rendered/nika/sitting__calibration_set__none__high_positive.png"
"NPC-CAND-01","Ника","nika","sitting","calibration_set","none","high_negative","public/character-images/rendered/nika/sitting__calibration_set__none__high_negative.png"
"NPC-CAND-01","Ника","nika","sitting","calibration_set","none","subspace","public/character-images/rendered/nika/sitting__calibration_set__none__subspace.png"
"NPC-CAND-01","Ника","nika","sitting","calibration_set","none","climax","public/character-images/rendered/nika/sitting__calibration_set__none__climax.png"
"NPC-CAND-01","Ника","nika","sitting","calibration_set","none","unconscious","public/character-images/rendered/nika/sitting__calibration_set__none__unconscious.png"
"NPC-CAND-01","Ника","nika","kneeling","nude","none","neutral","public/character-images/rendered/nika/kneeling__nude__none__neutral.png"
"NPC-CAND-01","Ника","nika","kneeling","nude","none","receptive","public/character-images/rendered/nika/kneeling__nude__none__receptive.png"
"NPC-CAND-01","Ника","nika","kneeling","nude","none","guarded","public/character-images/rendered/nika/kneeling__nude__none__guarded.png"
"NPC-CAND-01","Ника","nika","kneeling","nude","none","high_positive","public/character-images/rendered/nika/kneeling__nude__none__high_positive.png"
"NPC-CAND-01","Ника","nika","kneeling","nude","none","high_negative","public/character-images/rendered/nika/kneeling__nude__none__high_negative.png"
"NPC-CAND-01","Ника","nika","kneeling","nude","none","subspace","public/character-images/rendered/nika/kneeling__nude__none__subspace.png"
"NPC-CAND-01","Ника","nika","kneeling","nude","none","climax","public/character-images/rendered/nika/kneeling__nude__none__climax.png"
"NPC-CAND-01","Ника","nika","kneeling","nude","none","unconscious","public/character-images/rendered/nika/kneeling__nude__none__unconscious.png"
"NPC-CAND-01","Ника","nika","kneeling","underwear","none","neutral","public/character-images/rendered/nika/kneeling__underwear__none__neutral.png"
"NPC-CAND-01","Ника","nika","kneeling","underwear","none","receptive","public/character-images/rendered/nika/kneeling__underwear__none__receptive.png"
"NPC-CAND-01","Ника","nika","kneeling","underwear","none","guarded","public/character-images/rendered/nika/kneeling__underwear__none__guarded.png"
"NPC-CAND-01","Ника","nika","kneeling","underwear","none","high_positive","public/character-images/rendered/nika/kneeling__underwear__none__high_positive.png"
"NPC-CAND-01","Ника","nika","kneeling","underwear","none","high_negative","public/character-images/rendered/nika/kneeling__underwear__none__high_negative.png"
"NPC-CAND-01","Ника","nika","kneeling","underwear","none","subspace","public/character-images/rendered/nika/kneeling__underwear__none__subspace.png"
"NPC-CAND-01","Ника","nika","kneeling","underwear","none","climax","public/character-images/rendered/nika/kneeling__underwear__none__climax.png"
"NPC-CAND-01","Ника","nika","kneeling","underwear","none","unconscious","public/character-images/rendered/nika/kneeling__underwear__none__unconscious.png"
"NPC-CAND-01","Ника","nika","kneeling","dress","none","neutral","public/character-images/rendered/nika/kneeling__dress__none__neutral.png"
"NPC-CAND-01","Ника","nika","kneeling","dress","none","receptive","public/character-images/rendered/nika/kneeling__dress__none__receptive.png"
"NPC-CAND-01","Ника","nika","kneeling","dress","none","guarded","public/character-images/rendered/nika/kneeling__dress__none__guarded.png"
"NPC-CAND-01","Ника","nika","kneeling","dress","none","high_positive","public/character-images/rendered/nika/kneeling__dress__none__high_positive.png"
"NPC-CAND-01","Ника","nika","kneeling","dress","none","high_negative","public/character-images/rendered/nika/kneeling__dress__none__high_negative.png"
"NPC-CAND-01","Ника","nika","kneeling","dress","none","subspace","public/character-images/rendered/nika/kneeling__dress__none__subspace.png"
"NPC-CAND-01","Ника","nika","kneeling","dress","none","climax","public/character-images/rendered/nika/kneeling__dress__none__climax.png"
"NPC-CAND-01","Ника","nika","kneeling","dress","none","unconscious","public/character-images/rendered/nika/kneeling__dress__none__unconscious.png"
"NPC-CAND-01","Ника","nika","kneeling","dress_stockings","none","neutral","public/character-images/rendered/nika/kneeling__dress_stockings__none__neutral.png"
"NPC-CAND-01","Ника","nika","kneeling","dress_stockings","none","receptive","public/character-images/rendered/nika/kneeling__dress_stockings__none__receptive.png"
"NPC-CAND-01","Ника","nika","kneeling","dress_stockings","none","guarded","public/character-images/rendered/nika/kneeling__dress_stockings__none__guarded.png"
"NPC-CAND-01","Ника","nika","kneeling","dress_stockings","none","high_positive","public/character-images/rendered/nika/kneeling__dress_stockings__none__high_positive.png"
"NPC-CAND-01","Ника","nika","kneeling","dress_stockings","none","high_negative","public/character-images/rendered/nika/kneeling__dress_stockings__none__high_negative.png"
"NPC-CAND-01","Ника","nika","kneeling","dress_stockings","none","subspace","public/character-images/rendered/nika/kneeling__dress_stockings__none__subspace.png"
"NPC-CAND-01","Ника","nika","kneeling","dress_stockings","none","climax","public/character-images/rendered/nika/kneeling__dress_stockings__none__climax.png"
"NPC-CAND-01","Ника","nika","kneeling","dress_stockings","none","unconscious","public/character-images/rendered/nika/kneeling__dress_stockings__none__unconscious.png"
"NPC-CAND-01","Ника","nika","kneeling","jumpsuit","none","neutral","public/character-images/rendered/nika/kneeling__jumpsuit__none__neutral.png"
"NPC-CAND-01","Ника","nika","kneeling","jumpsuit","none","receptive","public/character-images/rendered/nika/kneeling__jumpsuit__none__receptive.png"
"NPC-CAND-01","Ника","nika","kneeling","jumpsuit","none","guarded","public/character-images/rendered/nika/kneeling__jumpsuit__none__guarded.png"
"NPC-CAND-01","Ника","nika","kneeling","jumpsuit","none","high_positive","public/character-images/rendered/nika/kneeling__jumpsuit__none__high_positive.png"
"NPC-CAND-01","Ника","nika","kneeling","jumpsuit","none","high_negative","public/character-images/rendered/nika/kneeling__jumpsuit__none__high_negative.png"
"NPC-CAND-01","Ника","nika","kneeling","jumpsuit","none","subspace","public/character-images/rendered/nika/kneeling__jumpsuit__none__subspace.png"
"NPC-CAND-01","Ника","nika","kneeling","jumpsuit","none","climax","public/character-images/rendered/nika/kneeling__jumpsuit__none__climax.png"
"NPC-CAND-01","Ника","nika","kneeling","jumpsuit","none","unconscious","public/character-images/rendered/nika/kneeling__jumpsuit__none__unconscious.png"
"NPC-CAND-01","Ника","nika","kneeling","lab_gown","none","neutral","public/character-images/rendered/nika/kneeling__lab_gown__none__neutral.png"
"NPC-CAND-01","Ника","nika","kneeling","lab_gown","none","receptive","public/character-images/rendered/nika/kneeling__lab_gown__none__receptive.png"
"NPC-CAND-01","Ника","nika","kneeling","lab_gown","none","guarded","public/character-images/rendered/nika/kneeling__lab_gown__none__guarded.png"
"NPC-CAND-01","Ника","nika","kneeling","lab_gown","none","high_positive","public/character-images/rendered/nika/kneeling__lab_gown__none__high_positive.png"
"NPC-CAND-01","Ника","nika","kneeling","lab_gown","none","high_negative","public/character-images/rendered/nika/kneeling__lab_gown__none__high_negative.png"
"NPC-CAND-01","Ника","nika","kneeling","lab_gown","none","subspace","public/character-images/rendered/nika/kneeling__lab_gown__none__subspace.png"
"NPC-CAND-01","Ника","nika","kneeling","lab_gown","none","climax","public/character-images/rendered/nika/kneeling__lab_gown__none__climax.png"
"NPC-CAND-01","Ника","nika","kneeling","lab_gown","none","unconscious","public/character-images/rendered/nika/kneeling__lab_gown__none__unconscious.png"
"NPC-CAND-01","Ника","nika","kneeling","calibration_set","none","neutral","public/character-images/rendered/nika/kneeling__calibration_set__none__neutral.png"
"NPC-CAND-01","Ника","nika","kneeling","calibration_set","none","receptive","public/character-images/rendered/nika/kneeling__calibration_set__none__receptive.png"
"NPC-CAND-01","Ника","nika","kneeling","calibration_set","none","guarded","public/character-images/rendered/nika/kneeling__calibration_set__none__guarded.png"
"NPC-CAND-01","Ника","nika","kneeling","calibration_set","none","high_positive","public/character-images/rendered/nika/kneeling__calibration_set__none__high_positive.png"
"NPC-CAND-01","Ника","nika","kneeling","calibration_set","none","high_negative","public/character-images/rendered/nika/kneeling__calibration_set__none__high_negative.png"
"NPC-CAND-01","Ника","nika","kneeling","calibration_set","none","subspace","public/character-images/rendered/nika/kneeling__calibration_set__none__subspace.png"
"NPC-CAND-01","Ника","nika","kneeling","calibration_set","none","climax","public/character-images/rendered/nika/kneeling__calibration_set__none__climax.png"
"NPC-CAND-01","Ника","nika","kneeling","calibration_set","none","unconscious","public/character-images/rendered/nika/kneeling__calibration_set__none__unconscious.png"
"NPC-CAND-01","Ника","nika","lying","nude","none","neutral","public/character-images/rendered/nika/lying__nude__none__neutral.png"
"NPC-CAND-01","Ника","nika","lying","nude","none","receptive","public/character-images/rendered/nika/lying__nude__none__receptive.png"
"NPC-CAND-01","Ника","nika","lying","nude","none","guarded","public/character-images/rendered/nika/lying__nude__none__guarded.png"
"NPC-CAND-01","Ника","nika","lying","nude","none","high_positive","public/character-images/rendered/nika/lying__nude__none__high_positive.png"
"NPC-CAND-01","Ника","nika","lying","nude","none","high_negative","public/character-images/rendered/nika/lying__nude__none__high_negative.png"
"NPC-CAND-01","Ника","nika","lying","nude","none","subspace","public/character-images/rendered/nika/lying__nude__none__subspace.png"
"NPC-CAND-01","Ника","nika","lying","nude","none","climax","public/character-images/rendered/nika/lying__nude__none__climax.png"
"NPC-CAND-01","Ника","nika","lying","nude","none","unconscious","public/character-images/rendered/nika/lying__nude__none__unconscious.png"
"NPC-CAND-01","Ника","nika","lying","underwear","none","neutral","public/character-images/rendered/nika/lying__underwear__none__neutral.png"
"NPC-CAND-01","Ника","nika","lying","underwear","none","receptive","public/character-images/rendered/nika/lying__underwear__none__receptive.png"
"NPC-CAND-01","Ника","nika","lying","underwear","none","guarded","public/character-images/rendered/nika/lying__underwear__none__guarded.png"
"NPC-CAND-01","Ника","nika","lying","underwear","none","high_positive","public/character-images/rendered/nika/lying__underwear__none__high_positive.png"
"NPC-CAND-01","Ника","nika","lying","underwear","none","high_negative","public/character-images/rendered/nika/lying__underwear__none__high_negative.png"
"NPC-CAND-01","Ника","nika","lying","underwear","none","subspace","public/character-images/rendered/nika/lying__underwear__none__subspace.png"
"NPC-CAND-01","Ника","nika","lying","underwear","none","climax","public/character-images/rendered/nika/lying__underwear__none__climax.png"
"NPC-CAND-01","Ника","nika","lying","underwear","none","unconscious","public/character-images/rendered/nika/lying__underwear__none__unconscious.png"
"NPC-CAND-01","Ника","nika","lying","dress","none","neutral","public/character-images/rendered/nika/lying__dress__none__neutral.png"
"NPC-CAND-01","Ника","nika","lying","dress","none","receptive","public/character-images/rendered/nika/lying__dress__none__receptive.png"
"NPC-CAND-01","Ника","nika","lying","dress","none","guarded","public/character-images/rendered/nika/lying__dress__none__guarded.png"
"NPC-CAND-01","Ника","nika","lying","dress","none","high_positive","public/character-images/rendered/nika/lying__dress__none__high_positive.png"
"NPC-CAND-01","Ника","nika","lying","dress","none","high_negative","public/character-images/rendered/nika/lying__dress__none__high_negative.png"
"NPC-CAND-01","Ника","nika","lying","dress","none","subspace","public/character-images/rendered/nika/lying__dress__none__subspace.png"
"NPC-CAND-01","Ника","nika","lying","dress","none","climax","public/character-images/rendered/nika/lying__dress__none__climax.png"
"NPC-CAND-01","Ника","nika","lying","dress","none","unconscious","public/character-images/rendered/nika/lying__dress__none__unconscious.png"
"NPC-CAND-01","Ника","nika","lying","dress_stockings","none","neutral","public/character-images/rendered/nika/lying__dress_stockings__none__neutral.png"
"NPC-CAND-01","Ника","nika","lying","dress_stockings","none","receptive","public/character-images/rendered/nika/lying__dress_stockings__none__receptive.png"
"NPC-CAND-01","Ника","nika","lying","dress_stockings","none","guarded","public/character-images/rendered/nika/lying__dress_stockings__none__guarded.png"
"NPC-CAND-01","Ника","nika","lying","dress_stockings","none","high_positive","public/character-images/rendered/nika/lying__dress_stockings__none__high_positive.png"
"NPC-CAND-01","Ника","nika","lying","dress_stockings","none","high_negative","public/character-images/rendered/nika/lying__dress_stockings__none__high_negative.png"
"NPC-CAND-01","Ника","nika","lying","dress_stockings","none","subspace","public/character-images/rendered/nika/lying__dress_stockings__none__subspace.png"
"NPC-CAND-01","Ника","nika","lying","dress_stockings","none","climax","public/character-images/rendered/nika/lying__dress_stockings__none__climax.png"
"NPC-CAND-01","Ника","nika","lying","dress_stockings","none","unconscious","public/character-images/rendered/nika/lying__dress_stockings__none__unconscious.png"
"NPC-CAND-01","Ника","nika","lying","jumpsuit","none","neutral","public/character-images/rendered/nika/lying__jumpsuit__none__neutral.png"
"NPC-CAND-01","Ника","nika","lying","jumpsuit","none","receptive","public/character-images/rendered/nika/lying__jumpsuit__none__receptive.png"
"NPC-CAND-01","Ника","nika","lying","jumpsuit","none","guarded","public/character-images/rendered/nika/lying__jumpsuit__none__guarded.png"
"NPC-CAND-01","Ника","nika","lying","jumpsuit","none","high_positive","public/character-images/rendered/nika/lying__jumpsuit__none__high_positive.png"
"NPC-CAND-01","Ника","nika","lying","jumpsuit","none","high_negative","public/character-images/rendered/nika/lying__jumpsuit__none__high_negative.png"
"NPC-CAND-01","Ника","nika","lying","jumpsuit","none","subspace","public/character-images/rendered/nika/lying__jumpsuit__none__subspace.png"
"NPC-CAND-01","Ника","nika","lying","jumpsuit","none","climax","public/character-images/rendered/nika/lying__jumpsuit__none__climax.png"
"NPC-CAND-01","Ника","nika","lying","jumpsuit","none","unconscious","public/character-images/rendered/nika/lying__jumpsuit__none__unconscious.png"
"NPC-CAND-01","Ника","nika","lying","lab_gown","none","neutral","public/character-images/rendered/nika/lying__lab_gown__none__neutral.png"
"NPC-CAND-01","Ника","nika","lying","lab_gown","none","receptive","public/character-images/rendered/nika/lying__lab_gown__none__receptive.png"
"NPC-CAND-01","Ника","nika","lying","lab_gown","none","guarded","public/character-images/rendered/nika/lying__lab_gown__none__guarded.png"
"NPC-CAND-01","Ника","nika","lying","lab_gown","none","high_positive","public/character-images/rendered/nika/lying__lab_gown__none__high_positive.png"
"NPC-CAND-01","Ника","nika","lying","lab_gown","none","high_negative","public/character-images/rendered/nika/lying__lab_gown__none__high_negative.png"
"NPC-CAND-01","Ника","nika","lying","lab_gown","none","subspace","public/character-images/rendered/nika/lying__lab_gown__none__subspace.png"
"NPC-CAND-01","Ника","nika","lying","lab_gown","none","climax","public/character-images/rendered/nika/lying__lab_gown__none__climax.png"
"NPC-CAND-01","Ника","nika","lying","lab_gown","none","unconscious","public/character-images/rendered/nika/lying__lab_gown__none__unconscious.png"
"NPC-CAND-01","Ника","nika","lying","calibration_set","none","neutral","public/character-images/rendered/nika/lying__calibration_set__none__neutral.png"
"NPC-CAND-01","Ника","nika","lying","calibration_set","none","receptive","public/character-images/rendered/nika/lying__calibration_set__none__receptive.png"
"NPC-CAND-01","Ника","nika","lying","calibration_set","none","guarded","public/character-images/rendered/nika/lying__calibration_set__none__guarded.png"
"NPC-CAND-01","Ника","nika","lying","calibration_set","none","high_positive","public/character-images/rendered/nika/lying__calibration_set__none__high_positive.png"
"NPC-CAND-01","Ника","nika","lying","calibration_set","none","high_negative","public/character-images/rendered/nika/lying__calibration_set__none__high_negative.png"
"NPC-CAND-01","Ника","nika","lying","calibration_set","none","subspace","public/character-images/rendered/nika/lying__calibration_set__none__subspace.png"
"NPC-CAND-01","Ника","nika","lying","calibration_set","none","climax","public/character-images/rendered/nika/lying__calibration_set__none__climax.png"
"NPC-CAND-01","Ника","nika","lying","calibration_set","none","unconscious","public/character-images/rendered/nika/lying__calibration_set__none__unconscious.png"
"NPC-CAND-01","Ника","nika","all_fours","nude","none","neutral","public/character-images/rendered/nika/all_fours__nude__none__neutral.png"
"NPC-CAND-01","Ника","nika","all_fours","nude","none","receptive","public/character-images/rendered/nika/all_fours__nude__none__receptive.png"
"NPC-CAND-01","Ника","nika","all_fours","nude","none","guarded","public/character-images/rendered/nika/all_fours__nude__none__guarded.png"
"NPC-CAND-01","Ника","nika","all_fours","nude","none","high_positive","public/character-images/rendered/nika/all_fours__nude__none__high_positive.png"
"NPC-CAND-01","Ника","nika","all_fours","nude","none","high_negative","public/character-images/rendered/nika/all_fours__nude__none__high_negative.png"
"NPC-CAND-01","Ника","nika","all_fours","nude","none","subspace","public/character-images/rendered/nika/all_fours__nude__none__subspace.png"
"NPC-CAND-01","Ника","nika","all_fours","nude","none","climax","public/character-images/rendered/nika/all_fours__nude__none__climax.png"
"NPC-CAND-01","Ника","nika","all_fours","nude","none","unconscious","public/character-images/rendered/nika/all_fours__nude__none__unconscious.png"
"NPC-CAND-01","Ника","nika","all_fours","underwear","none","neutral","public/character-images/rendered/nika/all_fours__underwear__none__neutral.png"
"NPC-CAND-01","Ника","nika","all_fours","underwear","none","receptive","public/character-images/rendered/nika/all_fours__underwear__none__receptive.png"
"NPC-CAND-01","Ника","nika","all_fours","underwear","none","guarded","public/character-images/rendered/nika/all_fours__underwear__none__guarded.png"
"NPC-CAND-01","Ника","nika","all_fours","underwear","none","high_positive","public/character-images/rendered/nika/all_fours__underwear__none__high_positive.png"
"NPC-CAND-01","Ника","nika","all_fours","underwear","none","high_negative","public/character-images/rendered/nika/all_fours__underwear__none__high_negative.png"
"NPC-CAND-01","Ника","nika","all_fours","underwear","none","subspace","public/character-images/rendered/nika/all_fours__underwear__none__subspace.png"
"NPC-CAND-01","Ника","nika","all_fours","underwear","none","climax","public/character-images/rendered/nika/all_fours__underwear__none__climax.png"
"NPC-CAND-01","Ника","nika","all_fours","underwear","none","unconscious","public/character-images/rendered/nika/all_fours__underwear__none__unconscious.png"
"NPC-CAND-01","Ника","nika","all_fours","dress","none","neutral","public/character-images/rendered/nika/all_fours__dress__none__neutral.png"
"NPC-CAND-01","Ника","nika","all_fours","dress","none","receptive","public/character-images/rendered/nika/all_fours__dress__none__receptive.png"
"NPC-CAND-01","Ника","nika","all_fours","dress","none","guarded","public/character-images/rendered/nika/all_fours__dress__none__guarded.png"
"NPC-CAND-01","Ника","nika","all_fours","dress","none","high_positive","public/character-images/rendered/nika/all_fours__dress__none__high_positive.png"
"NPC-CAND-01","Ника","nika","all_fours","dress","none","high_negative","public/character-images/rendered/nika/all_fours__dress__none__high_negative.png"
"NPC-CAND-01","Ника","nika","all_fours","dress","none","subspace","public/character-images/rendered/nika/all_fours__dress__none__subspace.png"
"NPC-CAND-01","Ника","nika","all_fours","dress","none","climax","public/character-images/rendered/nika/all_fours__dress__none__climax.png"
"NPC-CAND-01","Ника","nika","all_fours","dress","none","unconscious","public/character-images/rendered/nika/all_fours__dress__none__unconscious.png"
"NPC-CAND-01","Ника","nika","all_fours","dress_stockings","none","neutral","public/character-images/rendered/nika/all_fours__dress_stockings__none__neutral.png"
"NPC-CAND-01","Ника","nika","all_fours","dress_stockings","none","receptive","public/character-images/rendered/nika/all_fours__dress_stockings__none__receptive.png"
"NPC-CAND-01","Ника","nika","all_fours","dress_stockings","none","guarded","public/character-images/rendered/nika/all_fours__dress_stockings__none__guarded.png"
"NPC-CAND-01","Ника","nika","all_fours","dress_stockings","none","high_positive","public/character-images/rendered/nika/all_fours__dress_stockings__none__high_positive.png"
"NPC-CAND-01","Ника","nika","all_fours","dress_stockings","none","high_negative","public/character-images/rendered/nika/all_fours__dress_stockings__none__high_negative.png"
"NPC-CAND-01","Ника","nika","all_fours","dress_stockings","none","subspace","public/character-images/rendered/nika/all_fours__dress_stockings__none__subspace.png"
"NPC-CAND-01","Ника","nika","all_fours","dress_stockings","none","climax","public/character-images/rendered/nika/all_fours__dress_stockings__none__climax.png"
"NPC-CAND-01","Ника","nika","all_fours","dress_stockings","none","unconscious","public/character-images/rendered/nika/all_fours__dress_stockings__none__unconscious.png"
"NPC-CAND-01","Ника","nika","all_fours","jumpsuit","none","neutral","public/character-images/rendered/nika/all_fours__jumpsuit__none__neutral.png"
"NPC-CAND-01","Ника","nika","all_fours","jumpsuit","none","receptive","public/character-images/rendered/nika/all_fours__jumpsuit__none__receptive.png"
"NPC-CAND-01","Ника","nika","all_fours","jumpsuit","none","guarded","public/character-images/rendered/nika/all_fours__jumpsuit__none__guarded.png"
"NPC-CAND-01","Ника","nika","all_fours","jumpsuit","none","high_positive","public/character-images/rendered/nika/all_fours__jumpsuit__none__high_positive.png"
"NPC-CAND-01","Ника","nika","all_fours","jumpsuit","none","high_negative","public/character-images/rendered/nika/all_fours__jumpsuit__none__high_negative.png"
"NPC-CAND-01","Ника","nika","all_fours","jumpsuit","none","subspace","public/character-images/rendered/nika/all_fours__jumpsuit__none__subspace.png"
"NPC-CAND-01","Ника","nika","all_fours","jumpsuit","none","climax","public/character-images/rendered/nika/all_fours__jumpsuit__none__climax.png"
"NPC-CAND-01","Ника","nika","all_fours","jumpsuit","none","unconscious","public/character-images/rendered/nika/all_fours__jumpsuit__none__unconscious.png"
"NPC-CAND-01","Ника","nika","all_fours","lab_gown","none","neutral","public/character-images/rendered/nika/all_fours__lab_gown__none__neutral.png"
"NPC-CAND-01","Ника","nika","all_fours","lab_gown","none","receptive","public/character-images/rendered/nika/all_fours__lab_gown__none__receptive.png"
"NPC-CAND-01","Ника","nika","all_fours","lab_gown","none","guarded","public/character-images/rendered/nika/all_fours__lab_gown__none__guarded.png"
"NPC-CAND-01","Ника","nika","all_fours","lab_gown","none","high_positive","public/character-images/rendered/nika/all_fours__lab_gown__none__high_positive.png"
"NPC-CAND-01","Ника","nika","all_fours","lab_gown","none","high_negative","public/character-images/rendered/nika/all_fours__lab_gown__none__high_negative.png"
"NPC-CAND-01","Ника","nika","all_fours","lab_gown","none","subspace","public/character-images/rendered/nika/all_fours__lab_gown__none__subspace.png"
"NPC-CAND-01","Ника","nika","all_fours","lab_gown","none","climax","public/character-images/rendered/nika/all_fours__lab_gown__none__climax.png"
"NPC-CAND-01","Ника","nika","all_fours","lab_gown","none","unconscious","public/character-images/rendered/nika/all_fours__lab_gown__none__unconscious.png"
"NPC-CAND-01","Ника","nika","all_fours","calibration_set","none","neutral","public/character-images/rendered/nika/all_fours__calibration_set__none__neutral.png"
"NPC-CAND-01","Ника","nika","all_fours","calibration_set","none","receptive","public/character-images/rendered/nika/all_fours__calibration_set__none__receptive.png"
"NPC-CAND-01","Ника","nika","all_fours","calibration_set","none","guarded","public/character-images/rendered/nika/all_fours__calibration_set__none__guarded.png"
"NPC-CAND-01","Ника","nika","all_fours","calibration_set","none","high_positive","public/character-images/rendered/nika/all_fours__calibration_set__none__high_positive.png"
"NPC-CAND-01","Ника","nika","all_fours","calibration_set","none","high_negative","public/character-images/rendered/nika/all_fours__calibration_set__none__high_negative.png"
"NPC-CAND-01","Ника","nika","all_fours","calibration_set","none","subspace","public/character-images/rendered/nika/all_fours__calibration_set__none__subspace.png"
"NPC-CAND-01","Ника","nika","all_fours","calibration_set","none","climax","public/character-images/rendered/nika/all_fours__calibration_set__none__climax.png"
"NPC-CAND-01","Ника","nika","all_fours","calibration_set","none","unconscious","public/character-images/rendered/nika/all_fours__calibration_set__none__unconscious.png"
"NPC-CAND-01","Ника","nika","spread_eagle","nude","none","neutral","public/character-images/rendered/nika/spread_eagle__nude__none__neutral.png"
"NPC-CAND-01","Ника","nika","spread_eagle","nude","none","receptive","public/character-images/rendered/nika/spread_eagle__nude__none__receptive.png"
"NPC-CAND-01","Ника","nika","spread_eagle","nude","none","guarded","public/character-images/rendered/nika/spread_eagle__nude__none__guarded.png"
"NPC-CAND-01","Ника","nika","spread_eagle","nude","none","high_positive","public/character-images/rendered/nika/spread_eagle__nude__none__high_positive.png"
"NPC-CAND-01","Ника","nika","spread_eagle","nude","none","high_negative","public/character-images/rendered/nika/spread_eagle__nude__none__high_negative.png"
"NPC-CAND-01","Ника","nika","spread_eagle","nude","none","subspace","public/character-images/rendered/nika/spread_eagle__nude__none__subspace.png"
"NPC-CAND-01","Ника","nika","spread_eagle","nude","none","climax","public/character-images/rendered/nika/spread_eagle__nude__none__climax.png"
"NPC-CAND-01","Ника","nika","spread_eagle","nude","none","unconscious","public/character-images/rendered/nika/spread_eagle__nude__none__unconscious.png"
"NPC-CAND-01","Ника","nika","spread_eagle","underwear","none","neutral","public/character-images/rendered/nika/spread_eagle__underwear__none__neutral.png"
"NPC-CAND-01","Ника","nika","spread_eagle","underwear","none","receptive","public/character-images/rendered/nika/spread_eagle__underwear__none__receptive.png"
"NPC-CAND-01","Ника","nika","spread_eagle","underwear","none","guarded","public/character-images/rendered/nika/spread_eagle__underwear__none__guarded.png"
"NPC-CAND-01","Ника","nika","spread_eagle","underwear","none","high_positive","public/character-images/rendered/nika/spread_eagle__underwear__none__high_positive.png"
"NPC-CAND-01","Ника","nika","spread_eagle","underwear","none","high_negative","public/character-images/rendered/nika/spread_eagle__underwear__none__high_negative.png"
"NPC-CAND-01","Ника","nika","spread_eagle","underwear","none","subspace","public/character-images/rendered/nika/spread_eagle__underwear__none__subspace.png"
"NPC-CAND-01","Ника","nika","spread_eagle","underwear","none","climax","public/character-images/rendered/nika/spread_eagle__underwear__none__climax.png"
"NPC-CAND-01","Ника","nika","spread_eagle","underwear","none","unconscious","public/character-images/rendered/nika/spread_eagle__underwear__none__unconscious.png"
"NPC-CAND-01","Ника","nika","spread_eagle","dress","none","neutral","public/character-images/rendered/nika/spread_eagle__dress__none__neutral.png"
"NPC-CAND-01","Ника","nika","spread_eagle","dress","none","receptive","public/character-images/rendered/nika/spread_eagle__dress__none__receptive.png"
"NPC-CAND-01","Ника","nika","spread_eagle","dress","none","guarded","public/character-images/rendered/nika/spread_eagle__dress__none__guarded.png"
"NPC-CAND-01","Ника","nika","spread_eagle","dress","none","high_positive","public/character-images/rendered/nika/spread_eagle__dress__none__high_positive.png"
"NPC-CAND-01","Ника","nika","spread_eagle","dress","none","high_negative","public/character-images/rendered/nika/spread_eagle__dress__none__high_negative.png"
"NPC-CAND-01","Ника","nika","spread_eagle","dress","none","subspace","public/character-images/rendered/nika/spread_eagle__dress__none__subspace.png"
"NPC-CAND-01","Ника","nika","spread_eagle","dress","none","climax","public/character-images/rendered/nika/spread_eagle__dress__none__climax.png"
"NPC-CAND-01","Ника","nika","spread_eagle","dress","none","unconscious","public/character-images/rendered/nika/spread_eagle__dress__none__unconscious.png"
"NPC-CAND-01","Ника","nika","spread_eagle","dress_stockings","none","neutral","public/character-images/rendered/nika/spread_eagle__dress_stockings__none__neutral.png"
"NPC-CAND-01","Ника","nika","spread_eagle","dress_stockings","none","receptive","public/character-images/rendered/nika/spread_eagle__dress_stockings__none__receptive.png"
"NPC-CAND-01","Ника","nika","spread_eagle","dress_stockings","none","guarded","public/character-images/rendered/nika/spread_eagle__dress_stockings__none__guarded.png"
"NPC-CAND-01","Ника","nika","spread_eagle","dress_stockings","none","high_positive","public/character-images/rendered/nika/spread_eagle__dress_stockings__none__high_positive.png"
"NPC-CAND-01","Ника","nika","spread_eagle","dress_stockings","none","high_negative","public/character-images/rendered/nika/spread_eagle__dress_stockings__none__high_negative.png"
"NPC-CAND-01","Ника","nika","spread_eagle","dress_stockings","none","subspace","public/character-images/rendered/nika/spread_eagle__dress_stockings__none__subspace.png"
"NPC-CAND-01","Ника","nika","spread_eagle","dress_stockings","none","climax","public/character-images/rendered/nika/spread_eagle__dress_stockings__none__climax.png"
"NPC-CAND-01","Ника","nika","spread_eagle","dress_stockings","none","unconscious","public/character-images/rendered/nika/spread_eagle__dress_stockings__none__unconscious.png"
"NPC-CAND-01","Ника","nika","spread_eagle","jumpsuit","none","neutral","public/character-images/rendered/nika/spread_eagle__jumpsuit__none__neutral.png"
"NPC-CAND-01","Ника","nika","spread_eagle","jumpsuit","none","receptive","public/character-images/rendered/nika/spread_eagle__jumpsuit__none__receptive.png"
"NPC-CAND-01","Ника","nika","spread_eagle","jumpsuit","none","guarded","public/character-images/rendered/nika/spread_eagle__jumpsuit__none__guarded.png"
"NPC-CAND-01","Ника","nika","spread_eagle","jumpsuit","none","high_positive","public/character-images/rendered/nika/spread_eagle__jumpsuit__none__high_positive.png"
"NPC-CAND-01","Ника","nika","spread_eagle","jumpsuit","none","high_negative","public/character-images/rendered/nika/spread_eagle__jumpsuit__none__high_negative.png"
"NPC-CAND-01","Ника","nika","spread_eagle","jumpsuit","none","subspace","public/character-images/rendered/nika/spread_eagle__jumpsuit__none__subspace.png"
"NPC-CAND-01","Ника","nika","spread_eagle","jumpsuit","none","climax","public/character-images/rendered/nika/spread_eagle__jumpsuit__none__climax.png"
"NPC-CAND-01","Ника","nika","spread_eagle","jumpsuit","none","unconscious","public/character-images/rendered/nika/spread_eagle__jumpsuit__none__unconscious.png"
"NPC-CAND-01","Ника","nika","spread_eagle","lab_gown","none","neutral","public/character-images/rendered/nika/spread_eagle__lab_gown__none__neutral.png"
"NPC-CAND-01","Ника","nika","spread_eagle","lab_gown","none","receptive","public/character-images/rendered/nika/spread_eagle__lab_gown__none__receptive.png"
"NPC-CAND-01","Ника","nika","spread_eagle","lab_gown","none","guarded","public/character-images/rendered/nika/spread_eagle__lab_gown__none__guarded.png"
"NPC-CAND-01","Ника","nika","spread_eagle","lab_gown","none","high_positive","public/character-images/rendered/nika/spread_eagle__lab_gown__none__high_positive.png"
"NPC-CAND-01","Ника","nika","spread_eagle","lab_gown","none","high_negative","public/character-images/rendered/nika/spread_eagle__lab_gown__none__high_negative.png"
"NPC-CAND-01","Ника","nika","spread_eagle","lab_gown","none","subspace","public/character-images/rendered/nika/spread_eagle__lab_gown__none__subspace.png"
"NPC-CAND-01","Ника","nika","spread_eagle","lab_gown","none","climax","public/character-images/rendered/nika/spread_eagle__lab_gown__none__climax.png"
"NPC-CAND-01","Ника","nika","spread_eagle","lab_gown","none","unconscious","public/character-images/rendered/nika/spread_eagle__lab_gown__none__unconscious.png"
"NPC-CAND-01","Ника","nika","spread_eagle","calibration_set","none","neutral","public/character-images/rendered/nika/spread_eagle__calibration_set__none__neutral.png"
"NPC-CAND-01","Ника","nika","spread_eagle","calibration_set","none","receptive","public/character-images/rendered/nika/spread_eagle__calibration_set__none__receptive.png"
"NPC-CAND-01","Ника","nika","spread_eagle","calibration_set","none","guarded","public/character-images/rendered/nika/spread_eagle__calibration_set__none__guarded.png"
"NPC-CAND-01","Ника","nika","spread_eagle","calibration_set","none","high_positive","public/character-images/rendered/nika/spread_eagle__calibration_set__none__high_positive.png"
"NPC-CAND-01","Ника","nika","spread_eagle","calibration_set","none","high_negative","public/character-images/rendered/nika/spread_eagle__calibration_set__none__high_negative.png"
"NPC-CAND-01","Ника","nika","spread_eagle","calibration_set","none","subspace","public/character-images/rendered/nika/spread_eagle__calibration_set__none__subspace.png"
"NPC-CAND-01","Ника","nika","spread_eagle","calibration_set","none","climax","public/character-images/rendered/nika/spread_eagle__calibration_set__none__climax.png"
"NPC-CAND-01","Ника","nika","spread_eagle","calibration_set","none","unconscious","public/character-images/rendered/nika/spread_eagle__calibration_set__none__unconscious.png"
"NPC-CAND-01","Ника","nika","suspended","nude","none","neutral","public/character-images/rendered/nika/suspended__nude__none__neutral.png"
"NPC-CAND-01","Ника","nika","suspended","nude","none","receptive","public/character-images/rendered/nika/suspended__nude__none__receptive.png"
"NPC-CAND-01","Ника","nika","suspended","nude","none","guarded","public/character-images/rendered/nika/suspended__nude__none__guarded.png"
"NPC-CAND-01","Ника","nika","suspended","nude","none","high_positive","public/character-images/rendered/nika/suspended__nude__none__high_positive.png"
"NPC-CAND-01","Ника","nika","suspended","nude","none","high_negative","public/character-images/rendered/nika/suspended__nude__none__high_negative.png"
"NPC-CAND-01","Ника","nika","suspended","nude","none","subspace","public/character-images/rendered/nika/suspended__nude__none__subspace.png"
"NPC-CAND-01","Ника","nika","suspended","nude","none","climax","public/character-images/rendered/nika/suspended__nude__none__climax.png"
"NPC-CAND-01","Ника","nika","suspended","nude","none","unconscious","public/character-images/rendered/nika/suspended__nude__none__unconscious.png"
"NPC-CAND-01","Ника","nika","suspended","underwear","none","neutral","public/character-images/rendered/nika/suspended__underwear__none__neutral.png"
"NPC-CAND-01","Ника","nika","suspended","underwear","none","receptive","public/character-images/rendered/nika/suspended__underwear__none__receptive.png"
"NPC-CAND-01","Ника","nika","suspended","underwear","none","guarded","public/character-images/rendered/nika/suspended__underwear__none__guarded.png"
"NPC-CAND-01","Ника","nika","suspended","underwear","none","high_positive","public/character-images/rendered/nika/suspended__underwear__none__high_positive.png"
"NPC-CAND-01","Ника","nika","suspended","underwear","none","high_negative","public/character-images/rendered/nika/suspended__underwear__none__high_negative.png"
"NPC-CAND-01","Ника","nika","suspended","underwear","none","subspace","public/character-images/rendered/nika/suspended__underwear__none__subspace.png"
"NPC-CAND-01","Ника","nika","suspended","underwear","none","climax","public/character-images/rendered/nika/suspended__underwear__none__climax.png"
"NPC-CAND-01","Ника","nika","suspended","underwear","none","unconscious","public/character-images/rendered/nika/suspended__underwear__none__unconscious.png"
"NPC-CAND-01","Ника","nika","suspended","dress","none","neutral","public/character-images/rendered/nika/suspended__dress__none__neutral.png"
"NPC-CAND-01","Ника","nika","suspended","dress","none","receptive","public/character-images/rendered/nika/suspended__dress__none__receptive.png"
"NPC-CAND-01","Ника","nika","suspended","dress","none","guarded","public/character-images/rendered/nika/suspended__dress__none__guarded.png"
"NPC-CAND-01","Ника","nika","suspended","dress","none","high_positive","public/character-images/rendered/nika/suspended__dress__none__high_positive.png"
"NPC-CAND-01","Ника","nika","suspended","dress","none","high_negative","public/character-images/rendered/nika/suspended__dress__none__high_negative.png"
"NPC-CAND-01","Ника","nika","suspended","dress","none","subspace","public/character-images/rendered/nika/suspended__dress__none__subspace.png"
"NPC-CAND-01","Ника","nika","suspended","dress","none","climax","public/character-images/rendered/nika/suspended__dress__none__climax.png"
"NPC-CAND-01","Ника","nika","suspended","dress","none","unconscious","public/character-images/rendered/nika/suspended__dress__none__unconscious.png"
"NPC-CAND-01","Ника","nika","suspended","dress_stockings","none","neutral","public/character-images/rendered/nika/suspended__dress_stockings__none__neutral.png"
"NPC-CAND-01","Ника","nika","suspended","dress_stockings","none","receptive","public/character-images/rendered/nika/suspended__dress_stockings__none__receptive.png"
"NPC-CAND-01","Ника","nika","suspended","dress_stockings","none","guarded","public/character-images/rendered/nika/suspended__dress_stockings__none__guarded.png"
"NPC-CAND-01","Ника","nika","suspended","dress_stockings","none","high_positive","public/character-images/rendered/nika/suspended__dress_stockings__none__high_positive.png"
"NPC-CAND-01","Ника","nika","suspended","dress_stockings","none","high_negative","public/character-images/rendered/nika/suspended__dress_stockings__none__high_negative.png"
"NPC-CAND-01","Ника","nika","suspended","dress_stockings","none","subspace","public/character-images/rendered/nika/suspended__dress_stockings__none__subspace.png"
"NPC-CAND-01","Ника","nika","suspended","dress_stockings","none","climax","public/character-images/rendered/nika/suspended__dress_stockings__none__climax.png"
"NPC-CAND-01","Ника","nika","suspended","dress_stockings","none","unconscious","public/character-images/rendered/nika/suspended__dress_stockings__none__unconscious.png"
"NPC-CAND-01","Ника","nika","suspended","jumpsuit","none","neutral","public/character-images/rendered/nika/suspended__jumpsuit__none__neutral.png"
"NPC-CAND-01","Ника","nika","suspended","jumpsuit","none","receptive","public/character-images/rendered/nika/suspended__jumpsuit__none__receptive.png"
"NPC-CAND-01","Ника","nika","suspended","jumpsuit","none","guarded","public/character-images/rendered/nika/suspended__jumpsuit__none__guarded.png"
"NPC-CAND-01","Ника","nika","suspended","jumpsuit","none","high_positive","public/character-images/rendered/nika/suspended__jumpsuit__none__high_positive.png"
"NPC-CAND-01","Ника","nika","suspended","jumpsuit","none","high_negative","public/character-images/rendered/nika/suspended__jumpsuit__none__high_negative.png"
"NPC-CAND-01","Ника","nika","suspended","jumpsuit","none","subspace","public/character-images/rendered/nika/suspended__jumpsuit__none__subspace.png"
"NPC-CAND-01","Ника","nika","suspended","jumpsuit","none","climax","public/character-images/rendered/nika/suspended__jumpsuit__none__climax.png"
"NPC-CAND-01","Ника","nika","suspended","jumpsuit","none","unconscious","public/character-images/rendered/nika/suspended__jumpsuit__none__unconscious.png"
"NPC-CAND-01","Ника","nika","suspended","lab_gown","none","neutral","public/character-images/rendered/nika/suspended__lab_gown__none__neutral.png"
"NPC-CAND-01","Ника","nika","suspended","lab_gown","none","receptive","public/character-images/rendered/nika/suspended__lab_gown__none__receptive.png"
"NPC-CAND-01","Ника","nika","suspended","lab_gown","none","guarded","public/character-images/rendered/nika/suspended__lab_gown__none__guarded.png"
"NPC-CAND-01","Ника","nika","suspended","lab_gown","none","high_positive","public/character-images/rendered/nika/suspended__lab_gown__none__high_positive.png"
"NPC-CAND-01","Ника","nika","suspended","lab_gown","none","high_negative","public/character-images/rendered/nika/suspended__lab_gown__none__high_negative.png"
"NPC-CAND-01","Ника","nika","suspended","lab_gown","none","subspace","public/character-images/rendered/nika/suspended__lab_gown__none__subspace.png"
"NPC-CAND-01","Ника","nika","suspended","lab_gown","none","climax","public/character-images/rendered/nika/suspended__lab_gown__none__climax.png"
"NPC-CAND-01","Ника","nika","suspended","lab_gown","none","unconscious","public/character-images/rendered/nika/suspended__lab_gown__none__unconscious.png"
"NPC-CAND-01","Ника","nika","suspended","calibration_set","none","neutral","public/character-images/rendered/nika/suspended__calibration_set__none__neutral.png"
"NPC-CAND-01","Ника","nika","suspended","calibration_set","none","receptive","public/character-images/rendered/nika/suspended__calibration_set__none__receptive.png"
"NPC-CAND-01","Ника","nika","suspended","calibration_set","none","guarded","public/character-images/rendered/nika/suspended__calibration_set__none__guarded.png"
"NPC-CAND-01","Ника","nika","suspended","calibration_set","none","high_positive","public/character-images/rendered/nika/suspended__calibration_set__none__high_positive.png"
"NPC-CAND-01","Ника","nika","suspended","calibration_set","none","high_negative","public/character-images/rendered/nika/suspended__calibration_set__none__high_negative.png"
"NPC-CAND-01","Ника","nika","suspended","calibration_set","none","subspace","public/character-images/rendered/nika/suspended__calibration_set__none__subspace.png"
"NPC-CAND-01","Ника","nika","suspended","calibration_set","none","climax","public/character-images/rendered/nika/suspended__calibration_set__none__climax.png"
"NPC-CAND-01","Ника","nika","suspended","calibration_set","none","unconscious","public/character-images/rendered/nika/suspended__calibration_set__none__unconscious.png"
