characterId,character,family,variant,wardrobe,restraint,affect,phase,optional,relativePath
"S-AV-01","Мира","vibration","handheld","nude","free","guarded","sustain","false","public/character-images/interactions-expanded/mira/vibration/handheld/nude__free__guarded__sustain.png"
"S-AV-01","Мира","vibration","handheld","nude","wrists","guarded","sustain","false","public/character-images/interactions-expanded/mira/vibration/handheld/nude__wrists__guarded__sustain.png"
"S-AV-01","Мира","vibration","handheld","underwear","free","guarded","sustain","false","public/character-images/interactions-expanded/mira/vibration/handheld/underwear__free__guarded__sustain.png"
"S-AV-01","Мира","vibration","handheld","underwear","wrists","guarded","sustain","false","public/character-images/interactions-expanded/mira/vibration/handheld/underwear__wrists__guarded__sustain.png"
"S-AV-01","Мира","vibration","handheld","stockings","free","guarded","sustain","false","public/character-images/interactions-expanded/mira/vibration/handheld/stockings__free__guarded__sustain.png"
"S-AV-01","Мира","vibration","handheld","stockings","wrists","guarded","sustain","false","public/character-images/interactions-expanded/mira/vibration/handheld/stockings__wrists__guarded__sustain.png"
"S-AV-01","Мира","vibration","handheld","nude","free","receptive","sustain","false","public/character-images/interactions-expanded/mira/vibration/handheld/nude__free__receptive__sustain.png"
"S-AV-01","Мира","vibration","handheld","nude","wrists","receptive","sustain","false","public/character-images/interactions-expanded/mira/vibration/handheld/nude__wrists__receptive__sustain.png"
"S-AV-01","Мира","vibration","handheld","underwear","free","receptive","sustain","false","public/character-images/interactions-expanded/mira/vibration/handheld/underwear__free__receptive__sustain.png"
"S-AV-01","Мира","vibration","handheld","underwear","wrists","receptive","sustain","false","public/character-images/interactions-expanded/mira/vibration/handheld/underwear__wrists__receptive__sustain.png"
"S-AV-01","Мира","vibration","handheld","stockings","free","receptive","sustain","false","public/character-images/interactions-expanded/mira/vibration/handheld/stockings__free__receptive__sustain.png"
"S-AV-01","Мира","vibration","handheld","stockings","wrists","receptive","sustain","false","public/character-images/interactions-expanded/mira/vibration/handheld/stockings__wrists__receptive__sustain.png"
"S-AV-01","Мира","vibration","handheld","nude","free","high_positive","intense","false","public/character-images/interactions-expanded/mira/vibration/handheld/nude__free__high_positive__intense.png"
"S-AV-01","Мира","vibration","handheld","nude","wrists","high_positive","intense","false","public/character-images/interactions-expanded/mira/vibration/handheld/nude__wrists__high_positive__intense.png"
"S-AV-01","Мира","vibration","handheld","underwear","free","high_positive","intense","false","public/character-images/interactions-expanded/mira/vibration/handheld/underwear__free__high_positive__intense.png"
"S-AV-01","Мира","vibration","handheld","underwear","wrists","high_positive","intense","false","public/character-images/interactions-expanded/mira/vibration/handheld/underwear__wrists__high_positive__intense.png"
"S-AV-01","Мира","vibration","handheld","stockings","free","high_positive","intense","false","public/character-images/interactions-expanded/mira/vibration/handheld/stockings__free__high_positive__intense.png"
"S-AV-01","Мира","vibration","handheld","stockings","wrists","high_positive","intense","false","public/character-images/interactions-expanded/mira/vibration/handheld/stockings__wrists__high_positive__intense.png"
"S-AV-01","Мира","vibration","handheld","nude","free","high_negative","intense","false","public/character-images/interactions-expanded/mira/vibration/handheld/nude__free__high_negative__intense.png"
"S-AV-01","Мира","vibration","handheld","nude","wrists","high_negative","intense","false","public/character-images/interactions-expanded/mira/vibration/handheld/nude__wrists__high_negative__intense.png"
"S-AV-01","Мира","vibration","handheld","underwear","free","high_negative","intense","false","public/character-images/interactions-expanded/mira/vibration/handheld/underwear__free__high_negative__intense.png"
"S-AV-01","Мира","vibration","handheld","underwear","wrists","high_negative","intense","false","public/character-images/interactions-expanded/mira/vibration/handheld/underwear__wrists__high_negative__intense.png"
"S-AV-01","Мира","vibration","handheld","stockings","free","high_negative","intense","false","public/character-images/interactions-expanded/mira/vibration/handheld/stockings__free__high_negative__intense.png"
"S-AV-01","Мира","vibration","handheld","stockings","wrists","high_negative","intense","false","public/character-images/interactions-expanded/mira/vibration/handheld/stockings__wrists__high_negative__intense.png"
"S-AV-01","Мира","vibration","handheld","nude","free","subspace","intense","false","public/character-images/interactions-expanded/mira/vibration/handheld/nude__free__subspace__intense.png"
"S-AV-01","Мира","vibration","handheld","nude","wrists","subspace","intense","false","public/character-images/interactions-expanded/mira/vibration/handheld/nude__wrists__subspace__intense.png"
"S-AV-01","Мира","vibration","handheld","underwear","free","subspace","intense","false","public/character-images/interactions-expanded/mira/vibration/handheld/underwear__free__subspace__intense.png"
"S-AV-01","Мира","vibration","handheld","underwear","wrists","subspace","intense","false","public/character-images/interactions-expanded/mira/vibration/handheld/underwear__wrists__subspace__intense.png"
"S-AV-01","Мира","vibration","handheld","stockings","free","subspace","intense","false","public/character-images/interactions-expanded/mira/vibration/handheld/stockings__free__subspace__intense.png"
"S-AV-01","Мира","vibration","handheld","stockings","wrists","subspace","intense","false","public/character-images/interactions-expanded/mira/vibration/handheld/stockings__wrists__subspace__intense.png"
"S-AV-01","Мира","vibration","handheld","nude","free","climax","peak","false","public/character-images/interactions-expanded/mira/vibration/handheld/nude__free__climax__peak.png"
"S-AV-01","Мира","vibration","handheld","nude","wrists","climax","peak","false","public/character-images/interactions-expanded/mira/vibration/handheld/nude__wrists__climax__peak.png"
"S-AV-01","Мира","vibration","handheld","underwear","free","climax","peak","false","public/character-images/interactions-expanded/mira/vibration/handheld/underwear__free__climax__peak.png"
"S-AV-01","Мира","vibration","handheld","underwear","wrists","climax","peak","false","public/character-images/interactions-expanded/mira/vibration/handheld/underwear__wrists__climax__peak.png"
"S-AV-01","Мира","vibration","handheld","stockings","free","climax","peak","false","public/character-images/interactions-expanded/mira/vibration/handheld/stockings__free__climax__peak.png"
"S-AV-01","Мира","vibration","handheld","stockings","wrists","climax","peak","false","public/character-images/interactions-expanded/mira/vibration/handheld/stockings__wrists__climax__peak.png"
"S-AV-01","Мира","vibration","handheld","nude","free","high_negative","peak","false","public/character-images/interactions-expanded/mira/vibration/handheld/nude__free__high_negative__peak.png"
"S-AV-01","Мира","vibration","handheld","nude","wrists","high_negative","peak","false","public/character-images/interactions-expanded/mira/vibration/handheld/nude__wrists__high_negative__peak.png"
"S-AV-01","Мира","vibration","handheld","underwear","free","high_negative","peak","false","public/character-images/interactions-expanded/mira/vibration/handheld/underwear__free__high_negative__peak.png"
"S-AV-01","Мира","vibration","handheld","underwear","wrists","high_negative","peak","false","public/character-images/interactions-expanded/mira/vibration/handheld/underwear__wrists__high_negative__peak.png"
"S-AV-01","Мира","vibration","handheld","stockings","free","high_negative","peak","false","public/character-images/interactions-expanded/mira/vibration/handheld/stockings__free__high_negative__peak.png"
"S-AV-01","Мира","vibration","handheld","stockings","wrists","high_negative","peak","false","public/character-images/interactions-expanded/mira/vibration/handheld/stockings__wrists__high_negative__peak.png"
"S-AV-01","Мира","vibration","internal","nude","free","guarded","sustain","false","public/character-images/interactions-expanded/mira/vibration/internal/nude__free__guarded__sustain.png"
"S-AV-01","Мира","vibration","internal","nude","wrists","guarded","sustain","false","public/character-images/interactions-expanded/mira/vibration/internal/nude__wrists__guarded__sustain.png"
"S-AV-01","Мира","vibration","internal","underwear","free","guarded","sustain","false","public/character-images/interactions-expanded/mira/vibration/internal/underwear__free__guarded__sustain.png"
"S-AV-01","Мира","vibration","internal","underwear","wrists","guarded","sustain","false","public/character-images/interactions-expanded/mira/vibration/internal/underwear__wrists__guarded__sustain.png"
"S-AV-01","Мира","vibration","internal","stockings","free","guarded","sustain","false","public/character-images/interactions-expanded/mira/vibration/internal/stockings__free__guarded__sustain.png"
"S-AV-01","Мира","vibration","internal","stockings","wrists","guarded","sustain","false","public/character-images/interactions-expanded/mira/vibration/internal/stockings__wrists__guarded__sustain.png"
"S-AV-01","Мира","vibration","internal","nude","free","receptive","sustain","false","public/character-images/interactions-expanded/mira/vibration/internal/nude__free__receptive__sustain.png"
"S-AV-01","Мира","vibration","internal","nude","wrists","receptive","sustain","false","public/character-images/interactions-expanded/mira/vibration/internal/nude__wrists__receptive__sustain.png"
"S-AV-01","Мира","vibration","internal","underwear","free","receptive","sustain","false","public/character-images/interactions-expanded/mira/vibration/internal/underwear__free__receptive__sustain.png"
"S-AV-01","Мира","vibration","internal","underwear","wrists","receptive","sustain","false","public/character-images/interactions-expanded/mira/vibration/internal/underwear__wrists__receptive__sustain.png"
"S-AV-01","Мира","vibration","internal","stockings","free","receptive","sustain","false","public/character-images/interactions-expanded/mira/vibration/internal/stockings__free__receptive__sustain.png"
"S-AV-01","Мира","vibration","internal","stockings","wrists","receptive","sustain","false","public/character-images/interactions-expanded/mira/vibration/internal/stockings__wrists__receptive__sustain.png"
"S-AV-01","Мира","vibration","internal","nude","free","high_positive","intense","false","public/character-images/interactions-expanded/mira/vibration/internal/nude__free__high_positive__intense.png"
"S-AV-01","Мира","vibration","internal","nude","wrists","high_positive","intense","false","public/character-images/interactions-expanded/mira/vibration/internal/nude__wrists__high_positive__intense.png"
"S-AV-01","Мира","vibration","internal","underwear","free","high_positive","intense","false","public/character-images/interactions-expanded/mira/vibration/internal/underwear__free__high_positive__intense.png"
"S-AV-01","Мира","vibration","internal","underwear","wrists","high_positive","intense","false","public/character-images/interactions-expanded/mira/vibration/internal/underwear__wrists__high_positive__intense.png"
"S-AV-01","Мира","vibration","internal","stockings","free","high_positive","intense","false","public/character-images/interactions-expanded/mira/vibration/internal/stockings__free__high_positive__intense.png"
"S-AV-01","Мира","vibration","internal","stockings","wrists","high_positive","intense","false","public/character-images/interactions-expanded/mira/vibration/internal/stockings__wrists__high_positive__intense.png"
"S-AV-01","Мира","vibration","internal","nude","free","high_negative","intense","false","public/character-images/interactions-expanded/mira/vibration/internal/nude__free__high_negative__intense.png"
"S-AV-01","Мира","vibration","internal","nude","wrists","high_negative","intense","false","public/character-images/interactions-expanded/mira/vibration/internal/nude__wrists__high_negative__intense.png"
"S-AV-01","Мира","vibration","internal","underwear","free","high_negative","intense","false","public/character-images/interactions-expanded/mira/vibration/internal/underwear__free__high_negative__intense.png"
"S-AV-01","Мира","vibration","internal","underwear","wrists","high_negative","intense","false","public/character-images/interactions-expanded/mira/vibration/internal/underwear__wrists__high_negative__intense.png"
"S-AV-01","Мира","vibration","internal","stockings","free","high_negative","intense","false","public/character-images/interactions-expanded/mira/vibration/internal/stockings__free__high_negative__intense.png"
"S-AV-01","Мира","vibration","internal","stockings","wrists","high_negative","intense","false","public/character-images/interactions-expanded/mira/vibration/internal/stockings__wrists__high_negative__intense.png"
"S-AV-01","Мира","vibration","internal","nude","free","subspace","intense","false","public/character-images/interactions-expanded/mira/vibration/internal/nude__free__subspace__intense.png"
"S-AV-01","Мира","vibration","internal","nude","wrists","subspace","intense","false","public/character-images/interactions-expanded/mira/vibration/internal/nude__wrists__subspace__intense.png"
"S-AV-01","Мира","vibration","internal","underwear","free","subspace","intense","false","public/character-images/interactions-expanded/mira/vibration/internal/underwear__free__subspace__intense.png"
"S-AV-01","Мира","vibration","internal","underwear","wrists","subspace","intense","false","public/character-images/interactions-expanded/mira/vibration/internal/underwear__wrists__subspace__intense.png"
"S-AV-01","Мира","vibration","internal","stockings","free","subspace","intense","false","public/character-images/interactions-expanded/mira/vibration/internal/stockings__free__subspace__intense.png"
"S-AV-01","Мира","vibration","internal","stockings","wrists","subspace","intense","false","public/character-images/interactions-expanded/mira/vibration/internal/stockings__wrists__subspace__intense.png"
"S-AV-01","Мира","vibration","internal","nude","free","climax","peak","false","public/character-images/interactions-expanded/mira/vibration/internal/nude__free__climax__peak.png"
"S-AV-01","Мира","vibration","internal","nude","wrists","climax","peak","false","public/character-images/interactions-expanded/mira/vibration/internal/nude__wrists__climax__peak.png"
"S-AV-01","Мира","vibration","internal","underwear","free","climax","peak","false","public/character-images/interactions-expanded/mira/vibration/internal/underwear__free__climax__peak.png"
"S-AV-01","Мира","vibration","internal","underwear","wrists","climax","peak","false","public/character-images/interactions-expanded/mira/vibration/internal/underwear__wrists__climax__peak.png"
"S-AV-01","Мира","vibration","internal","stockings","free","climax","peak","false","public/character-images/interactions-expanded/mira/vibration/internal/stockings__free__climax__peak.png"
"S-AV-01","Мира","vibration","internal","stockings","wrists","climax","peak","false","public/character-images/interactions-expanded/mira/vibration/internal/stockings__wrists__climax__peak.png"
"S-AV-01","Мира","vibration","internal","nude","free","high_negative","peak","false","public/character-images/interactions-expanded/mira/vibration/internal/nude__free__high_negative__peak.png"
"S-AV-01","Мира","vibration","internal","nude","wrists","high_negative","peak","false","public/character-images/interactions-expanded/mira/vibration/internal/nude__wrists__high_negative__peak.png"
"S-AV-01","Мира","vibration","internal","underwear","free","high_negative","peak","false","public/character-images/interactions-expanded/mira/vibration/internal/underwear__free__high_negative__peak.png"
"S-AV-01","Мира","vibration","internal","underwear","wrists","high_negative","peak","false","public/character-images/interactions-expanded/mira/vibration/internal/underwear__wrists__high_negative__peak.png"
"S-AV-01","Мира","vibration","internal","stockings","free","high_negative","peak","false","public/character-images/interactions-expanded/mira/vibration/internal/stockings__free__high_negative__peak.png"
"S-AV-01","Мира","vibration","internal","stockings","wrists","high_negative","peak","false","public/character-images/interactions-expanded/mira/vibration/internal/stockings__wrists__high_negative__peak.png"
"S-AV-01","Мира","vibration","machine","nude","machine","guarded","sustain","false","public/character-images/interactions-expanded/mira/vibration/machine/nude__machine__guarded__sustain.png"
"S-AV-01","Мира","vibration","machine","device_outfit","machine","guarded","sustain","false","public/character-images/interactions-expanded/mira/vibration/machine/device_outfit__machine__guarded__sustain.png"
"S-AV-01","Мира","vibration","machine","nude","machine","receptive","sustain","false","public/character-images/interactions-expanded/mira/vibration/machine/nude__machine__receptive__sustain.png"
"S-AV-01","Мира","vibration","machine","device_outfit","machine","receptive","sustain","false","public/character-images/interactions-expanded/mira/vibration/machine/device_outfit__machine__receptive__sustain.png"
"S-AV-01","Мира","vibration","machine","nude","machine","high_positive","intense","false","public/character-images/interactions-expanded/mira/vibration/machine/nude__machine__high_positive__intense.png"
"S-AV-01","Мира","vibration","machine","device_outfit","machine","high_positive","intense","false","public/character-images/interactions-expanded/mira/vibration/machine/device_outfit__machine__high_positive__intense.png"
"S-AV-01","Мира","vibration","machine","nude","machine","high_negative","intense","false","public/character-images/interactions-expanded/mira/vibration/machine/nude__machine__high_negative__intense.png"
"S-AV-01","Мира","vibration","machine","device_outfit","machine","high_negative","intense","false","public/character-images/interactions-expanded/mira/vibration/machine/device_outfit__machine__high_negative__intense.png"
"S-AV-01","Мира","vibration","machine","nude","machine","subspace","intense","false","public/character-images/interactions-expanded/mira/vibration/machine/nude__machine__subspace__intense.png"
"S-AV-01","Мира","vibration","machine","device_outfit","machine","subspace","intense","false","public/character-images/interactions-expanded/mira/vibration/machine/device_outfit__machine__subspace__intense.png"
"S-AV-01","Мира","vibration","machine","nude","machine","climax","peak","false","public/character-images/interactions-expanded/mira/vibration/machine/nude__machine__climax__peak.png"
"S-AV-01","Мира","vibration","machine","device_outfit","machine","climax","peak","false","public/character-images/interactions-expanded/mira/vibration/machine/device_outfit__machine__climax__peak.png"
"S-AV-01","Мира","vibration","machine","nude","machine","high_negative","peak","false","public/character-images/interactions-expanded/mira/vibration/machine/nude__machine__high_negative__peak.png"
"S-AV-01","Мира","vibration","machine","device_outfit","machine","high_negative","peak","false","public/character-images/interactions-expanded/mira/vibration/machine/device_outfit__machine__high_negative__peak.png"
"S-AV-01","Мира","sex_machine","stirrups","nude","machine","guarded","sustain","false","public/character-images/interactions-expanded/mira/sex_machine/stirrups/nude__machine__guarded__sustain.png"
"S-AV-01","Мира","sex_machine","stirrups","device_outfit","machine","guarded","sustain","false","public/character-images/interactions-expanded/mira/sex_machine/stirrups/device_outfit__machine__guarded__sustain.png"
"S-AV-01","Мира","sex_machine","stirrups","nude","machine","receptive","sustain","false","public/character-images/interactions-expanded/mira/sex_machine/stirrups/nude__machine__receptive__sustain.png"
"S-AV-01","Мира","sex_machine","stirrups","device_outfit","machine","receptive","sustain","false","public/character-images/interactions-expanded/mira/sex_machine/stirrups/device_outfit__machine__receptive__sustain.png"
"S-AV-01","Мира","sex_machine","stirrups","nude","machine","high_positive","intense","false","public/character-images/interactions-expanded/mira/sex_machine/stirrups/nude__machine__high_positive__intense.png"
"S-AV-01","Мира","sex_machine","stirrups","device_outfit","machine","high_positive","intense","false","public/character-images/interactions-expanded/mira/sex_machine/stirrups/device_outfit__machine__high_positive__intense.png"
"S-AV-01","Мира","sex_machine","stirrups","nude","machine","high_negative","intense","false","public/character-images/interactions-expanded/mira/sex_machine/stirrups/nude__machine__high_negative__intense.png"
"S-AV-01","Мира","sex_machine","stirrups","device_outfit","machine","high_negative","intense","false","public/character-images/interactions-expanded/mira/sex_machine/stirrups/device_outfit__machine__high_negative__intense.png"
"S-AV-01","Мира","sex_machine","stirrups","nude","machine","subspace","intense","false","public/character-images/interactions-expanded/mira/sex_machine/stirrups/nude__machine__subspace__intense.png"
"S-AV-01","Мира","sex_machine","stirrups","device_outfit","machine","subspace","intense","false","public/character-images/interactions-expanded/mira/sex_machine/stirrups/device_outfit__machine__subspace__intense.png"
"S-AV-01","Мира","sex_machine","stirrups","nude","machine","climax","peak","false","public/character-images/interactions-expanded/mira/sex_machine/stirrups/nude__machine__climax__peak.png"
"S-AV-01","Мира","sex_machine","stirrups","device_outfit","machine","climax","peak","false","public/character-images/interactions-expanded/mira/sex_machine/stirrups/device_outfit__machine__climax__peak.png"
"S-AV-01","Мира","sex_machine","stirrups","nude","machine","high_negative","peak","false","public/character-images/interactions-expanded/mira/sex_machine/stirrups/nude__machine__high_negative__peak.png"
"S-AV-01","Мира","sex_machine","stirrups","device_outfit","machine","high_negative","peak","false","public/character-images/interactions-expanded/mira/sex_machine/stirrups/device_outfit__machine__high_negative__peak.png"
"S-AV-01","Мира","sex_machine","restrained","nude","spread","guarded","sustain","false","public/character-images/interactions-expanded/mira/sex_machine/restrained/nude__spread__guarded__sustain.png"
"S-AV-01","Мира","sex_machine","restrained","nude","machine","guarded","sustain","false","public/character-images/interactions-expanded/mira/sex_machine/restrained/nude__machine__guarded__sustain.png"
"S-AV-01","Мира","sex_machine","restrained","underwear","spread","guarded","sustain","false","public/character-images/interactions-expanded/mira/sex_machine/restrained/underwear__spread__guarded__sustain.png"
"S-AV-01","Мира","sex_machine","restrained","underwear","machine","guarded","sustain","false","public/character-images/interactions-expanded/mira/sex_machine/restrained/underwear__machine__guarded__sustain.png"
"S-AV-01","Мира","sex_machine","restrained","nude","spread","receptive","sustain","false","public/character-images/interactions-expanded/mira/sex_machine/restrained/nude__spread__receptive__sustain.png"
"S-AV-01","Мира","sex_machine","restrained","nude","machine","receptive","sustain","false","public/character-images/interactions-expanded/mira/sex_machine/restrained/nude__machine__receptive__sustain.png"
"S-AV-01","Мира","sex_machine","restrained","underwear","spread","receptive","sustain","false","public/character-images/interactions-expanded/mira/sex_machine/restrained/underwear__spread__receptive__sustain.png"
"S-AV-01","Мира","sex_machine","restrained","underwear","machine","receptive","sustain","false","public/character-images/interactions-expanded/mira/sex_machine/restrained/underwear__machine__receptive__sustain.png"
"S-AV-01","Мира","sex_machine","restrained","nude","spread","high_positive","intense","false","public/character-images/interactions-expanded/mira/sex_machine/restrained/nude__spread__high_positive__intense.png"
"S-AV-01","Мира","sex_machine","restrained","nude","machine","high_positive","intense","false","public/character-images/interactions-expanded/mira/sex_machine/restrained/nude__machine__high_positive__intense.png"
"S-AV-01","Мира","sex_machine","restrained","underwear","spread","high_positive","intense","false","public/character-images/interactions-expanded/mira/sex_machine/restrained/underwear__spread__high_positive__intense.png"
"S-AV-01","Мира","sex_machine","restrained","underwear","machine","high_positive","intense","false","public/character-images/interactions-expanded/mira/sex_machine/restrained/underwear__machine__high_positive__intense.png"
"S-AV-01","Мира","sex_machine","restrained","nude","spread","high_negative","intense","false","public/character-images/interactions-expanded/mira/sex_machine/restrained/nude__spread__high_negative__intense.png"
"S-AV-01","Мира","sex_machine","restrained","nude","machine","high_negative","intense","false","public/character-images/interactions-expanded/mira/sex_machine/restrained/nude__machine__high_negative__intense.png"
"S-AV-01","Мира","sex_machine","restrained","underwear","spread","high_negative","intense","false","public/character-images/interactions-expanded/mira/sex_machine/restrained/underwear__spread__high_negative__intense.png"
"S-AV-01","Мира","sex_machine","restrained","underwear","machine","high_negative","intense","false","public/character-images/interactions-expanded/mira/sex_machine/restrained/underwear__machine__high_negative__intense.png"
"S-AV-01","Мира","sex_machine","restrained","nude","spread","subspace","intense","false","public/character-images/interactions-expanded/mira/sex_machine/restrained/nude__spread__subspace__intense.png"
"S-AV-01","Мира","sex_machine","restrained","nude","machine","subspace","intense","false","public/character-images/interactions-expanded/mira/sex_machine/restrained/nude__machine__subspace__intense.png"
"S-AV-01","Мира","sex_machine","restrained","underwear","spread","subspace","intense","false","public/character-images/interactions-expanded/mira/sex_machine/restrained/underwear__spread__subspace__intense.png"
"S-AV-01","Мира","sex_machine","restrained","underwear","machine","subspace","intense","false","public/character-images/interactions-expanded/mira/sex_machine/restrained/underwear__machine__subspace__intense.png"
"S-AV-01","Мира","sex_machine","restrained","nude","spread","climax","peak","false","public/character-images/interactions-expanded/mira/sex_machine/restrained/nude__spread__climax__peak.png"
"S-AV-01","Мира","sex_machine","restrained","nude","machine","climax","peak","false","public/character-images/interactions-expanded/mira/sex_machine/restrained/nude__machine__climax__peak.png"
"S-AV-01","Мира","sex_machine","restrained","underwear","spread","climax","peak","false","public/character-images/interactions-expanded/mira/sex_machine/restrained/underwear__spread__climax__peak.png"
"S-AV-01","Мира","sex_machine","restrained","underwear","machine","climax","peak","false","public/character-images/interactions-expanded/mira/sex_machine/restrained/underwear__machine__climax__peak.png"
"S-AV-01","Мира","sex_machine","restrained","nude","spread","high_negative","peak","false","public/character-images/interactions-expanded/mira/sex_machine/restrained/nude__spread__high_negative__peak.png"
"S-AV-01","Мира","sex_machine","restrained","nude","machine","high_negative","peak","false","public/character-images/interactions-expanded/mira/sex_machine/restrained/nude__machine__high_negative__peak.png"
"S-AV-01","Мира","sex_machine","restrained","underwear","spread","high_negative","peak","false","public/character-images/interactions-expanded/mira/sex_machine/restrained/underwear__spread__high_negative__peak.png"
"S-AV-01","Мира","sex_machine","restrained","underwear","machine","high_negative","peak","false","public/character-images/interactions-expanded/mira/sex_machine/restrained/underwear__machine__high_negative__peak.png"
"S-AV-01","Мира","sex_machine","suspended","nude","machine","guarded","sustain","false","public/character-images/interactions-expanded/mira/sex_machine/suspended/nude__machine__guarded__sustain.png"
"S-AV-01","Мира","sex_machine","suspended","device_outfit","machine","guarded","sustain","false","public/character-images/interactions-expanded/mira/sex_machine/suspended/device_outfit__machine__guarded__sustain.png"
"S-AV-01","Мира","sex_machine","suspended","nude","machine","receptive","sustain","false","public/character-images/interactions-expanded/mira/sex_machine/suspended/nude__machine__receptive__sustain.png"
"S-AV-01","Мира","sex_machine","suspended","device_outfit","machine","receptive","sustain","false","public/character-images/interactions-expanded/mira/sex_machine/suspended/device_outfit__machine__receptive__sustain.png"
"S-AV-01","Мира","sex_machine","suspended","nude","machine","high_positive","intense","false","public/character-images/interactions-expanded/mira/sex_machine/suspended/nude__machine__high_positive__intense.png"
"S-AV-01","Мира","sex_machine","suspended","device_outfit","machine","high_positive","intense","false","public/character-images/interactions-expanded/mira/sex_machine/suspended/device_outfit__machine__high_positive__intense.png"
"S-AV-01","Мира","sex_machine","suspended","nude","machine","high_negative","intense","false","public/character-images/interactions-expanded/mira/sex_machine/suspended/nude__machine__high_negative__intense.png"
"S-AV-01","Мира","sex_machine","suspended","device_outfit","machine","high_negative","intense","false","public/character-images/interactions-expanded/mira/sex_machine/suspended/device_outfit__machine__high_negative__intense.png"
"S-AV-01","Мира","sex_machine","suspended","nude","machine","subspace","intense","false","public/character-images/interactions-expanded/mira/sex_machine/suspended/nude__machine__subspace__intense.png"
"S-AV-01","Мира","sex_machine","suspended","device_outfit","machine","subspace","intense","false","public/character-images/interactions-expanded/mira/sex_machine/suspended/device_outfit__machine__subspace__intense.png"
"S-AV-01","Мира","sex_machine","suspended","nude","machine","climax","peak","false","public/character-images/interactions-expanded/mira/sex_machine/suspended/nude__machine__climax__peak.png"
"S-AV-01","Мира","sex_machine","suspended","device_outfit","machine","climax","peak","false","public/character-images/interactions-expanded/mira/sex_machine/suspended/device_outfit__machine__climax__peak.png"
"S-AV-01","Мира","sex_machine","suspended","nude","machine","high_negative","peak","false","public/character-images/interactions-expanded/mira/sex_machine/suspended/nude__machine__high_negative__peak.png"
"S-AV-01","Мира","sex_machine","suspended","device_outfit","machine","high_negative","peak","false","public/character-images/interactions-expanded/mira/sex_machine/suspended/device_outfit__machine__high_negative__peak.png"
"S-AV-01","Мира","sex_machine","milking","nude","machine","guarded","sustain","false","public/character-images/interactions-expanded/mira/sex_machine/milking/nude__machine__guarded__sustain.png"
"S-AV-01","Мира","sex_machine","milking","device_outfit","machine","guarded","sustain","false","public/character-images/interactions-expanded/mira/sex_machine/milking/device_outfit__machine__guarded__sustain.png"
"S-AV-01","Мира","sex_machine","milking","nude","machine","receptive","sustain","false","public/character-images/interactions-expanded/mira/sex_machine/milking/nude__machine__receptive__sustain.png"
"S-AV-01","Мира","sex_machine","milking","device_outfit","machine","receptive","sustain","false","public/character-images/interactions-expanded/mira/sex_machine/milking/device_outfit__machine__receptive__sustain.png"
"S-AV-01","Мира","sex_machine","milking","nude","machine","high_positive","intense","false","public/character-images/interactions-expanded/mira/sex_machine/milking/nude__machine__high_positive__intense.png"
"S-AV-01","Мира","sex_machine","milking","device_outfit","machine","high_positive","intense","false","public/character-images/interactions-expanded/mira/sex_machine/milking/device_outfit__machine__high_positive__intense.png"
"S-AV-01","Мира","sex_machine","milking","nude","machine","high_negative","intense","false","public/character-images/interactions-expanded/mira/sex_machine/milking/nude__machine__high_negative__intense.png"
"S-AV-01","Мира","sex_machine","milking","device_outfit","machine","high_negative","intense","false","public/character-images/interactions-expanded/mira/sex_machine/milking/device_outfit__machine__high_negative__intense.png"
"S-AV-01","Мира","sex_machine","milking","nude","machine","subspace","intense","false","public/character-images/interactions-expanded/mira/sex_machine/milking/nude__machine__subspace__intense.png"
"S-AV-01","Мира","sex_machine","milking","device_outfit","machine","subspace","intense","false","public/character-images/interactions-expanded/mira/sex_machine/milking/device_outfit__machine__subspace__intense.png"
"S-AV-01","Мира","sex_machine","milking","nude","machine","climax","peak","false","public/character-images/interactions-expanded/mira/sex_machine/milking/nude__machine__climax__peak.png"
"S-AV-01","Мира","sex_machine","milking","device_outfit","machine","climax","peak","false","public/character-images/interactions-expanded/mira/sex_machine/milking/device_outfit__machine__climax__peak.png"
"S-AV-01","Мира","sex_machine","milking","nude","machine","high_negative","peak","false","public/character-images/interactions-expanded/mira/sex_machine/milking/nude__machine__high_negative__peak.png"
"S-AV-01","Мира","sex_machine","milking","device_outfit","machine","high_negative","peak","false","public/character-images/interactions-expanded/mira/sex_machine/milking/device_outfit__machine__high_negative__peak.png"
"S-AV-01","Мира","sex_machine","hmd","nude","machine","guarded","sustain","false","public/character-images/interactions-expanded/mira/sex_machine/hmd/nude__machine__guarded__sustain.png"
"S-AV-01","Мира","sex_machine","hmd","device_outfit","machine","guarded","sustain","false","public/character-images/interactions-expanded/mira/sex_machine/hmd/device_outfit__machine__guarded__sustain.png"
"S-AV-01","Мира","sex_machine","hmd","nude","machine","receptive","sustain","false","public/character-images/interactions-expanded/mira/sex_machine/hmd/nude__machine__receptive__sustain.png"
"S-AV-01","Мира","sex_machine","hmd","device_outfit","machine","receptive","sustain","false","public/character-images/interactions-expanded/mira/sex_machine/hmd/device_outfit__machine__receptive__sustain.png"
"S-AV-01","Мира","sex_machine","hmd","nude","machine","high_positive","intense","false","public/character-images/interactions-expanded/mira/sex_machine/hmd/nude__machine__high_positive__intense.png"
"S-AV-01","Мира","sex_machine","hmd","device_outfit","machine","high_positive","intense","false","public/character-images/interactions-expanded/mira/sex_machine/hmd/device_outfit__machine__high_positive__intense.png"
"S-AV-01","Мира","sex_machine","hmd","nude","machine","high_negative","intense","false","public/character-images/interactions-expanded/mira/sex_machine/hmd/nude__machine__high_negative__intense.png"
"S-AV-01","Мира","sex_machine","hmd","device_outfit","machine","high_negative","intense","false","public/character-images/interactions-expanded/mira/sex_machine/hmd/device_outfit__machine__high_negative__intense.png"
"S-AV-01","Мира","sex_machine","hmd","nude","machine","subspace","intense","false","public/character-images/interactions-expanded/mira/sex_machine/hmd/nude__machine__subspace__intense.png"
"S-AV-01","Мира","sex_machine","hmd","device_outfit","machine","subspace","intense","false","public/character-images/interactions-expanded/mira/sex_machine/hmd/device_outfit__machine__subspace__intense.png"
"S-AV-01","Мира","sex_machine","hmd","nude","machine","climax","peak","false","public/character-images/interactions-expanded/mira/sex_machine/hmd/nude__machine__climax__peak.png"
"S-AV-01","Мира","sex_machine","hmd","device_outfit","machine","climax","peak","false","public/character-images/interactions-expanded/mira/sex_machine/hmd/device_outfit__machine__climax__peak.png"
"S-AV-01","Мира","sex_machine","hmd","nude","machine","high_negative","peak","false","public/character-images/interactions-expanded/mira/sex_machine/hmd/nude__machine__high_negative__peak.png"
"S-AV-01","Мира","sex_machine","hmd","device_outfit","machine","high_negative","peak","false","public/character-images/interactions-expanded/mira/sex_machine/hmd/device_outfit__machine__high_negative__peak.png"
"S-AV-01","Мира","sex_machine","mind_control","nude","machine","guarded","sustain","false","public/character-images/interactions-expanded/mira/sex_machine/mind_control/nude__machine__guarded__sustain.png"
"S-AV-01","Мира","sex_machine","mind_control","device_outfit","machine","guarded","sustain","false","public/character-images/interactions-expanded/mira/sex_machine/mind_control/device_outfit__machine__guarded__sustain.png"
"S-AV-01","Мира","sex_machine","mind_control","nude","machine","receptive","sustain","false","public/character-images/interactions-expanded/mira/sex_machine/mind_control/nude__machine__receptive__sustain.png"
"S-AV-01","Мира","sex_machine","mind_control","device_outfit","machine","receptive","sustain","false","public/character-images/interactions-expanded/mira/sex_machine/mind_control/device_outfit__machine__receptive__sustain.png"
"S-AV-01","Мира","sex_machine","mind_control","nude","machine","high_positive","intense","false","public/character-images/interactions-expanded/mira/sex_machine/mind_control/nude__machine__high_positive__intense.png"
"S-AV-01","Мира","sex_machine","mind_control","device_outfit","machine","high_positive","intense","false","public/character-images/interactions-expanded/mira/sex_machine/mind_control/device_outfit__machine__high_positive__intense.png"
"S-AV-01","Мира","sex_machine","mind_control","nude","machine","high_negative","intense","false","public/character-images/interactions-expanded/mira/sex_machine/mind_control/nude__machine__high_negative__intense.png"
"S-AV-01","Мира","sex_machine","mind_control","device_outfit","machine","high_negative","intense","false","public/character-images/interactions-expanded/mira/sex_machine/mind_control/device_outfit__machine__high_negative__intense.png"
"S-AV-01","Мира","sex_machine","mind_control","nude","machine","subspace","intense","false","public/character-images/interactions-expanded/mira/sex_machine/mind_control/nude__machine__subspace__intense.png"
"S-AV-01","Мира","sex_machine","mind_control","device_outfit","machine","subspace","intense","false","public/character-images/interactions-expanded/mira/sex_machine/mind_control/device_outfit__machine__subspace__intense.png"
"S-AV-01","Мира","sex_machine","mind_control","nude","machine","climax","peak","false","public/character-images/interactions-expanded/mira/sex_machine/mind_control/nude__machine__climax__peak.png"
"S-AV-01","Мира","sex_machine","mind_control","device_outfit","machine","climax","peak","false","public/character-images/interactions-expanded/mira/sex_machine/mind_control/device_outfit__machine__climax__peak.png"
"S-AV-01","Мира","sex_machine","mind_control","nude","machine","high_negative","peak","false","public/character-images/interactions-expanded/mira/sex_machine/mind_control/nude__machine__high_negative__peak.png"
"S-AV-01","Мира","sex_machine","mind_control","device_outfit","machine","high_negative","peak","false","public/character-images/interactions-expanded/mira/sex_machine/mind_control/device_outfit__machine__high_negative__peak.png"
"S-AV-01","Мира","electrostimulation","chair","nude","machine","guarded","sustain","false","public/character-images/interactions-expanded/mira/electrostimulation/chair/nude__machine__guarded__sustain.png"
"S-AV-01","Мира","electrostimulation","chair","underwear","machine","guarded","sustain","false","public/character-images/interactions-expanded/mira/electrostimulation/chair/underwear__machine__guarded__sustain.png"
"S-AV-01","Мира","electrostimulation","chair","device_outfit","machine","guarded","sustain","false","public/character-images/interactions-expanded/mira/electrostimulation/chair/device_outfit__machine__guarded__sustain.png"
"S-AV-01","Мира","electrostimulation","chair","nude","machine","receptive","sustain","false","public/character-images/interactions-expanded/mira/electrostimulation/chair/nude__machine__receptive__sustain.png"
"S-AV-01","Мира","electrostimulation","chair","underwear","machine","receptive","sustain","false","public/character-images/interactions-expanded/mira/electrostimulation/chair/underwear__machine__receptive__sustain.png"
"S-AV-01","Мира","electrostimulation","chair","device_outfit","machine","receptive","sustain","false","public/character-images/interactions-expanded/mira/electrostimulation/chair/device_outfit__machine__receptive__sustain.png"
"S-AV-01","Мира","electrostimulation","chair","nude","machine","high_positive","intense","false","public/character-images/interactions-expanded/mira/electrostimulation/chair/nude__machine__high_positive__intense.png"
"S-AV-01","Мира","electrostimulation","chair","underwear","machine","high_positive","intense","false","public/character-images/interactions-expanded/mira/electrostimulation/chair/underwear__machine__high_positive__intense.png"
"S-AV-01","Мира","electrostimulation","chair","device_outfit","machine","high_positive","intense","false","public/character-images/interactions-expanded/mira/electrostimulation/chair/device_outfit__machine__high_positive__intense.png"
"S-AV-01","Мира","electrostimulation","chair","nude","machine","high_negative","intense","false","public/character-images/interactions-expanded/mira/electrostimulation/chair/nude__machine__high_negative__intense.png"
"S-AV-01","Мира","electrostimulation","chair","underwear","machine","high_negative","intense","false","public/character-images/interactions-expanded/mira/electrostimulation/chair/underwear__machine__high_negative__intense.png"
"S-AV-01","Мира","electrostimulation","chair","device_outfit","machine","high_negative","intense","false","public/character-images/interactions-expanded/mira/electrostimulation/chair/device_outfit__machine__high_negative__intense.png"
"S-AV-01","Мира","electrostimulation","chair","nude","machine","subspace","intense","false","public/character-images/interactions-expanded/mira/electrostimulation/chair/nude__machine__subspace__intense.png"
"S-AV-01","Мира","electrostimulation","chair","underwear","machine","subspace","intense","false","public/character-images/interactions-expanded/mira/electrostimulation/chair/underwear__machine__subspace__intense.png"
"S-AV-01","Мира","electrostimulation","chair","device_outfit","machine","subspace","intense","false","public/character-images/interactions-expanded/mira/electrostimulation/chair/device_outfit__machine__subspace__intense.png"
"S-AV-01","Мира","electrostimulation","chair","nude","machine","climax","peak","false","public/character-images/interactions-expanded/mira/electrostimulation/chair/nude__machine__climax__peak.png"
"S-AV-01","Мира","electrostimulation","chair","underwear","machine","climax","peak","false","public/character-images/interactions-expanded/mira/electrostimulation/chair/underwear__machine__climax__peak.png"
"S-AV-01","Мира","electrostimulation","chair","device_outfit","machine","climax","peak","false","public/character-images/interactions-expanded/mira/electrostimulation/chair/device_outfit__machine__climax__peak.png"
"S-AV-01","Мира","electrostimulation","chair","nude","machine","high_negative","peak","false","public/character-images/interactions-expanded/mira/electrostimulation/chair/nude__machine__high_negative__peak.png"
"S-AV-01","Мира","electrostimulation","chair","underwear","machine","high_negative","peak","false","public/character-images/interactions-expanded/mira/electrostimulation/chair/underwear__machine__high_negative__peak.png"
"S-AV-01","Мира","electrostimulation","chair","device_outfit","machine","high_negative","peak","false","public/character-images/interactions-expanded/mira/electrostimulation/chair/device_outfit__machine__high_negative__peak.png"
"S-AV-01","Мира","electrostimulation","clamps","nude","free","guarded","sustain","false","public/character-images/interactions-expanded/mira/electrostimulation/clamps/nude__free__guarded__sustain.png"
"S-AV-01","Мира","electrostimulation","clamps","nude","wrists","guarded","sustain","false","public/character-images/interactions-expanded/mira/electrostimulation/clamps/nude__wrists__guarded__sustain.png"
"S-AV-01","Мира","electrostimulation","clamps","nude","spread","guarded","sustain","false","public/character-images/interactions-expanded/mira/electrostimulation/clamps/nude__spread__guarded__sustain.png"
"S-AV-01","Мира","electrostimulation","clamps","open_top","free","guarded","sustain","false","public/character-images/interactions-expanded/mira/electrostimulation/clamps/open_top__free__guarded__sustain.png"
"S-AV-01","Мира","electrostimulation","clamps","open_top","wrists","guarded","sustain","false","public/character-images/interactions-expanded/mira/electrostimulation/clamps/open_top__wrists__guarded__sustain.png"
"S-AV-01","Мира","electrostimulation","clamps","open_top","spread","guarded","sustain","false","public/character-images/interactions-expanded/mira/electrostimulation/clamps/open_top__spread__guarded__sustain.png"
"S-AV-01","Мира","electrostimulation","clamps","nude","free","receptive","sustain","false","public/character-images/interactions-expanded/mira/electrostimulation/clamps/nude__free__receptive__sustain.png"
"S-AV-01","Мира","electrostimulation","clamps","nude","wrists","receptive","sustain","false","public/character-images/interactions-expanded/mira/electrostimulation/clamps/nude__wrists__receptive__sustain.png"
"S-AV-01","Мира","electrostimulation","clamps","nude","spread","receptive","sustain","false","public/character-images/interactions-expanded/mira/electrostimulation/clamps/nude__spread__receptive__sustain.png"
"S-AV-01","Мира","electrostimulation","clamps","open_top","free","receptive","sustain","false","public/character-images/interactions-expanded/mira/electrostimulation/clamps/open_top__free__receptive__sustain.png"
"S-AV-01","Мира","electrostimulation","clamps","open_top","wrists","receptive","sustain","false","public/character-images/interactions-expanded/mira/electrostimulation/clamps/open_top__wrists__receptive__sustain.png"
"S-AV-01","Мира","electrostimulation","clamps","open_top","spread","receptive","sustain","false","public/character-images/interactions-expanded/mira/electrostimulation/clamps/open_top__spread__receptive__sustain.png"
"S-AV-01","Мира","electrostimulation","clamps","nude","free","high_positive","intense","false","public/character-images/interactions-expanded/mira/electrostimulation/clamps/nude__free__high_positive__intense.png"
"S-AV-01","Мира","electrostimulation","clamps","nude","wrists","high_positive","intense","false","public/character-images/interactions-expanded/mira/electrostimulation/clamps/nude__wrists__high_positive__intense.png"
"S-AV-01","Мира","electrostimulation","clamps","nude","spread","high_positive","intense","false","public/character-images/interactions-expanded/mira/electrostimulation/clamps/nude__spread__high_positive__intense.png"
"S-AV-01","Мира","electrostimulation","clamps","open_top","free","high_positive","intense","false","public/character-images/interactions-expanded/mira/electrostimulation/clamps/open_top__free__high_positive__intense.png"
"S-AV-01","Мира","electrostimulation","clamps","open_top","wrists","high_positive","intense","false","public/character-images/interactions-expanded/mira/electrostimulation/clamps/open_top__wrists__high_positive__intense.png"
"S-AV-01","Мира","electrostimulation","clamps","open_top","spread","high_positive","intense","false","public/character-images/interactions-expanded/mira/electrostimulation/clamps/open_top__spread__high_positive__intense.png"
"S-AV-01","Мира","electrostimulation","clamps","nude","free","high_negative","intense","false","public/character-images/interactions-expanded/mira/electrostimulation/clamps/nude__free__high_negative__intense.png"
"S-AV-01","Мира","electrostimulation","clamps","nude","wrists","high_negative","intense","false","public/character-images/interactions-expanded/mira/electrostimulation/clamps/nude__wrists__high_negative__intense.png"
"S-AV-01","Мира","electrostimulation","clamps","nude","spread","high_negative","intense","false","public/character-images/interactions-expanded/mira/electrostimulation/clamps/nude__spread__high_negative__intense.png"
"S-AV-01","Мира","electrostimulation","clamps","open_top","free","high_negative","intense","false","public/character-images/interactions-expanded/mira/electrostimulation/clamps/open_top__free__high_negative__intense.png"
"S-AV-01","Мира","electrostimulation","clamps","open_top","wrists","high_negative","intense","false","public/character-images/interactions-expanded/mira/electrostimulation/clamps/open_top__wrists__high_negative__intense.png"
"S-AV-01","Мира","electrostimulation","clamps","open_top","spread","high_negative","intense","false","public/character-images/interactions-expanded/mira/electrostimulation/clamps/open_top__spread__high_negative__intense.png"
"S-AV-01","Мира","electrostimulation","clamps","nude","free","subspace","intense","false","public/character-images/interactions-expanded/mira/electrostimulation/clamps/nude__free__subspace__intense.png"
"S-AV-01","Мира","electrostimulation","clamps","nude","wrists","subspace","intense","false","public/character-images/interactions-expanded/mira/electrostimulation/clamps/nude__wrists__subspace__intense.png"
"S-AV-01","Мира","electrostimulation","clamps","nude","spread","subspace","intense","false","public/character-images/interactions-expanded/mira/electrostimulation/clamps/nude__spread__subspace__intense.png"
"S-AV-01","Мира","electrostimulation","clamps","open_top","free","subspace","intense","false","public/character-images/interactions-expanded/mira/electrostimulation/clamps/open_top__free__subspace__intense.png"
"S-AV-01","Мира","electrostimulation","clamps","open_top","wrists","subspace","intense","false","public/character-images/interactions-expanded/mira/electrostimulation/clamps/open_top__wrists__subspace__intense.png"
"S-AV-01","Мира","electrostimulation","clamps","open_top","spread","subspace","intense","false","public/character-images/interactions-expanded/mira/electrostimulation/clamps/open_top__spread__subspace__intense.png"
"S-AV-01","Мира","electrostimulation","clamps","nude","free","climax","peak","false","public/character-images/interactions-expanded/mira/electrostimulation/clamps/nude__free__climax__peak.png"
"S-AV-01","Мира","electrostimulation","clamps","nude","wrists","climax","peak","false","public/character-images/interactions-expanded/mira/electrostimulation/clamps/nude__wrists__climax__peak.png"
"S-AV-01","Мира","electrostimulation","clamps","nude","spread","climax","peak","false","public/character-images/interactions-expanded/mira/electrostimulation/clamps/nude__spread__climax__peak.png"
"S-AV-01","Мира","electrostimulation","clamps","open_top","free","climax","peak","false","public/character-images/interactions-expanded/mira/electrostimulation/clamps/open_top__free__climax__peak.png"
"S-AV-01","Мира","electrostimulation","clamps","open_top","wrists","climax","peak","false","public/character-images/interactions-expanded/mira/electrostimulation/clamps/open_top__wrists__climax__peak.png"
"S-AV-01","Мира","electrostimulation","clamps","open_top","spread","climax","peak","false","public/character-images/interactions-expanded/mira/electrostimulation/clamps/open_top__spread__climax__peak.png"
"S-AV-01","Мира","electrostimulation","clamps","nude","free","high_negative","peak","false","public/character-images/interactions-expanded/mira/electrostimulation/clamps/nude__free__high_negative__peak.png"
"S-AV-01","Мира","electrostimulation","clamps","nude","wrists","high_negative","peak","false","public/character-images/interactions-expanded/mira/electrostimulation/clamps/nude__wrists__high_negative__peak.png"
"S-AV-01","Мира","electrostimulation","clamps","nude","spread","high_negative","peak","false","public/character-images/interactions-expanded/mira/electrostimulation/clamps/nude__spread__high_negative__peak.png"
"S-AV-01","Мира","electrostimulation","clamps","open_top","free","high_negative","peak","false","public/character-images/interactions-expanded/mira/electrostimulation/clamps/open_top__free__high_negative__peak.png"
"S-AV-01","Мира","electrostimulation","clamps","open_top","wrists","high_negative","peak","false","public/character-images/interactions-expanded/mira/electrostimulation/clamps/open_top__wrists__high_negative__peak.png"
"S-AV-01","Мира","electrostimulation","clamps","open_top","spread","high_negative","peak","false","public/character-images/interactions-expanded/mira/electrostimulation/clamps/open_top__spread__high_negative__peak.png"
"S-AV-01","Мира","electrostimulation","genital","nude","free","guarded","sustain","false","public/character-images/interactions-expanded/mira/electrostimulation/genital/nude__free__guarded__sustain.png"
"S-AV-01","Мира","electrostimulation","genital","nude","spread","guarded","sustain","false","public/character-images/interactions-expanded/mira/electrostimulation/genital/nude__spread__guarded__sustain.png"
"S-AV-01","Мира","electrostimulation","genital","underwear","free","guarded","sustain","false","public/character-images/interactions-expanded/mira/electrostimulation/genital/underwear__free__guarded__sustain.png"
"S-AV-01","Мира","electrostimulation","genital","underwear","spread","guarded","sustain","false","public/character-images/interactions-expanded/mira/electrostimulation/genital/underwear__spread__guarded__sustain.png"
"S-AV-01","Мира","electrostimulation","genital","nude","free","receptive","sustain","false","public/character-images/interactions-expanded/mira/electrostimulation/genital/nude__free__receptive__sustain.png"
"S-AV-01","Мира","electrostimulation","genital","nude","spread","receptive","sustain","false","public/character-images/interactions-expanded/mira/electrostimulation/genital/nude__spread__receptive__sustain.png"
"S-AV-01","Мира","electrostimulation","genital","underwear","free","receptive","sustain","false","public/character-images/interactions-expanded/mira/electrostimulation/genital/underwear__free__receptive__sustain.png"
"S-AV-01","Мира","electrostimulation","genital","underwear","spread","receptive","sustain","false","public/character-images/interactions-expanded/mira/electrostimulation/genital/underwear__spread__receptive__sustain.png"
"S-AV-01","Мира","electrostimulation","genital","nude","free","high_positive","intense","false","public/character-images/interactions-expanded/mira/electrostimulation/genital/nude__free__high_positive__intense.png"
"S-AV-01","Мира","electrostimulation","genital","nude","spread","high_positive","intense","false","public/character-images/interactions-expanded/mira/electrostimulation/genital/nude__spread__high_positive__intense.png"
"S-AV-01","Мира","electrostimulation","genital","underwear","free","high_positive","intense","false","public/character-images/interactions-expanded/mira/electrostimulation/genital/underwear__free__high_positive__intense.png"
"S-AV-01","Мира","electrostimulation","genital","underwear","spread","high_positive","intense","false","public/character-images/interactions-expanded/mira/electrostimulation/genital/underwear__spread__high_positive__intense.png"
"S-AV-01","Мира","electrostimulation","genital","nude","free","high_negative","intense","false","public/character-images/interactions-expanded/mira/electrostimulation/genital/nude__free__high_negative__intense.png"
"S-AV-01","Мира","electrostimulation","genital","nude","spread","high_negative","intense","false","public/character-images/interactions-expanded/mira/electrostimulation/genital/nude__spread__high_negative__intense.png"
"S-AV-01","Мира","electrostimulation","genital","underwear","free","high_negative","intense","false","public/character-images/interactions-expanded/mira/electrostimulation/genital/underwear__free__high_negative__intense.png"
"S-AV-01","Мира","electrostimulation","genital","underwear","spread","high_negative","intense","false","public/character-images/interactions-expanded/mira/electrostimulation/genital/underwear__spread__high_negative__intense.png"
"S-AV-01","Мира","electrostimulation","genital","nude","free","subspace","intense","false","public/character-images/interactions-expanded/mira/electrostimulation/genital/nude__free__subspace__intense.png"
"S-AV-01","Мира","electrostimulation","genital","nude","spread","subspace","intense","false","public/character-images/interactions-expanded/mira/electrostimulation/genital/nude__spread__subspace__intense.png"
"S-AV-01","Мира","electrostimulation","genital","underwear","free","subspace","intense","false","public/character-images/interactions-expanded/mira/electrostimulation/genital/underwear__free__subspace__intense.png"
"S-AV-01","Мира","electrostimulation","genital","underwear","spread","subspace","intense","false","public/character-images/interactions-expanded/mira/electrostimulation/genital/underwear__spread__subspace__intense.png"
"S-AV-01","Мира","electrostimulation","genital","nude","free","climax","peak","false","public/character-images/interactions-expanded/mira/electrostimulation/genital/nude__free__climax__peak.png"
"S-AV-01","Мира","electrostimulation","genital","nude","spread","climax","peak","false","public/character-images/interactions-expanded/mira/electrostimulation/genital/nude__spread__climax__peak.png"
"S-AV-01","Мира","electrostimulation","genital","underwear","free","climax","peak","false","public/character-images/interactions-expanded/mira/electrostimulation/genital/underwear__free__climax__peak.png"
"S-AV-01","Мира","electrostimulation","genital","underwear","spread","climax","peak","false","public/character-images/interactions-expanded/mira/electrostimulation/genital/underwear__spread__climax__peak.png"
"S-AV-01","Мира","electrostimulation","genital","nude","free","high_negative","peak","false","public/character-images/interactions-expanded/mira/electrostimulation/genital/nude__free__high_negative__peak.png"
"S-AV-01","Мира","electrostimulation","genital","nude","spread","high_negative","peak","false","public/character-images/interactions-expanded/mira/electrostimulation/genital/nude__spread__high_negative__peak.png"
"S-AV-01","Мира","electrostimulation","genital","underwear","free","high_negative","peak","false","public/character-images/interactions-expanded/mira/electrostimulation/genital/underwear__free__high_negative__peak.png"
"S-AV-01","Мира","electrostimulation","genital","underwear","spread","high_negative","peak","false","public/character-images/interactions-expanded/mira/electrostimulation/genital/underwear__spread__high_negative__peak.png"
"S-AV-01","Мира","electrostimulation","tentacles","nude","free","guarded","sustain","true","public/character-images/interactions-expanded/mira/electrostimulation/tentacles/nude__free__guarded__sustain.png"
"S-AV-01","Мира","electrostimulation","tentacles","nude","machine","guarded","sustain","true","public/character-images/interactions-expanded/mira/electrostimulation/tentacles/nude__machine__guarded__sustain.png"
"S-AV-01","Мира","electrostimulation","tentacles","nude","free","receptive","sustain","true","public/character-images/interactions-expanded/mira/electrostimulation/tentacles/nude__free__receptive__sustain.png"
"S-AV-01","Мира","electrostimulation","tentacles","nude","machine","receptive","sustain","true","public/character-images/interactions-expanded/mira/electrostimulation/tentacles/nude__machine__receptive__sustain.png"
"S-AV-01","Мира","electrostimulation","tentacles","nude","free","high_positive","intense","true","public/character-images/interactions-expanded/mira/electrostimulation/tentacles/nude__free__high_positive__intense.png"
"S-AV-01","Мира","electrostimulation","tentacles","nude","machine","high_positive","intense","true","public/character-images/interactions-expanded/mira/electrostimulation/tentacles/nude__machine__high_positive__intense.png"
"S-AV-01","Мира","electrostimulation","tentacles","nude","free","high_negative","intense","true","public/character-images/interactions-expanded/mira/electrostimulation/tentacles/nude__free__high_negative__intense.png"
"S-AV-01","Мира","electrostimulation","tentacles","nude","machine","high_negative","intense","true","public/character-images/interactions-expanded/mira/electrostimulation/tentacles/nude__machine__high_negative__intense.png"
"S-AV-01","Мира","electrostimulation","tentacles","nude","free","subspace","intense","true","public/character-images/interactions-expanded/mira/electrostimulation/tentacles/nude__free__subspace__intense.png"
"S-AV-01","Мира","electrostimulation","tentacles","nude","machine","subspace","intense","true","public/character-images/interactions-expanded/mira/electrostimulation/tentacles/nude__machine__subspace__intense.png"
"S-AV-01","Мира","electrostimulation","tentacles","nude","free","climax","peak","true","public/character-images/interactions-expanded/mira/electrostimulation/tentacles/nude__free__climax__peak.png"
"S-AV-01","Мира","electrostimulation","tentacles","nude","machine","climax","peak","true","public/character-images/interactions-expanded/mira/electrostimulation/tentacles/nude__machine__climax__peak.png"
"S-AV-01","Мира","electrostimulation","tentacles","nude","free","high_negative","peak","true","public/character-images/interactions-expanded/mira/electrostimulation/tentacles/nude__free__high_negative__peak.png"
"S-AV-01","Мира","electrostimulation","tentacles","nude","machine","high_negative","peak","true","public/character-images/interactions-expanded/mira/electrostimulation/tentacles/nude__machine__high_negative__peak.png"
"S-AV-01","Мира","exposure","standing","nude","free","guarded","sustain","false","public/character-images/interactions-expanded/mira/exposure/standing/nude__free__guarded__sustain.png"
"S-AV-01","Мира","exposure","standing","nude","wrists","guarded","sustain","false","public/character-images/interactions-expanded/mira/exposure/standing/nude__wrists__guarded__sustain.png"
"S-AV-01","Мира","exposure","standing","underwear","free","guarded","sustain","false","public/character-images/interactions-expanded/mira/exposure/standing/underwear__free__guarded__sustain.png"
"S-AV-01","Мира","exposure","standing","underwear","wrists","guarded","sustain","false","public/character-images/interactions-expanded/mira/exposure/standing/underwear__wrists__guarded__sustain.png"
"S-AV-01","Мира","exposure","standing","open_top","free","guarded","sustain","false","public/character-images/interactions-expanded/mira/exposure/standing/open_top__free__guarded__sustain.png"
"S-AV-01","Мира","exposure","standing","open_top","wrists","guarded","sustain","false","public/character-images/interactions-expanded/mira/exposure/standing/open_top__wrists__guarded__sustain.png"
"S-AV-01","Мира","exposure","standing","stockings","free","guarded","sustain","false","public/character-images/interactions-expanded/mira/exposure/standing/stockings__free__guarded__sustain.png"
"S-AV-01","Мира","exposure","standing","stockings","wrists","guarded","sustain","false","public/character-images/interactions-expanded/mira/exposure/standing/stockings__wrists__guarded__sustain.png"
"S-AV-01","Мира","exposure","standing","nude","free","receptive","sustain","false","public/character-images/interactions-expanded/mira/exposure/standing/nude__free__receptive__sustain.png"
"S-AV-01","Мира","exposure","standing","nude","wrists","receptive","sustain","false","public/character-images/interactions-expanded/mira/exposure/standing/nude__wrists__receptive__sustain.png"
"S-AV-01","Мира","exposure","standing","underwear","free","receptive","sustain","false","public/character-images/interactions-expanded/mira/exposure/standing/underwear__free__receptive__sustain.png"
"S-AV-01","Мира","exposure","standing","underwear","wrists","receptive","sustain","false","public/character-images/interactions-expanded/mira/exposure/standing/underwear__wrists__receptive__sustain.png"
"S-AV-01","Мира","exposure","standing","open_top","free","receptive","sustain","false","public/character-images/interactions-expanded/mira/exposure/standing/open_top__free__receptive__sustain.png"
"S-AV-01","Мира","exposure","standing","open_top","wrists","receptive","sustain","false","public/character-images/interactions-expanded/mira/exposure/standing/open_top__wrists__receptive__sustain.png"
"S-AV-01","Мира","exposure","standing","stockings","free","receptive","sustain","false","public/character-images/interactions-expanded/mira/exposure/standing/stockings__free__receptive__sustain.png"
"S-AV-01","Мира","exposure","standing","stockings","wrists","receptive","sustain","false","public/character-images/interactions-expanded/mira/exposure/standing/stockings__wrists__receptive__sustain.png"
"S-AV-01","Мира","exposure","standing","nude","free","climax","peak","false","public/character-images/interactions-expanded/mira/exposure/standing/nude__free__climax__peak.png"
"S-AV-01","Мира","exposure","standing","nude","wrists","climax","peak","false","public/character-images/interactions-expanded/mira/exposure/standing/nude__wrists__climax__peak.png"
"S-AV-01","Мира","exposure","standing","underwear","free","climax","peak","false","public/character-images/interactions-expanded/mira/exposure/standing/underwear__free__climax__peak.png"
"S-AV-01","Мира","exposure","standing","underwear","wrists","climax","peak","false","public/character-images/interactions-expanded/mira/exposure/standing/underwear__wrists__climax__peak.png"
"S-AV-01","Мира","exposure","standing","open_top","free","climax","peak","false","public/character-images/interactions-expanded/mira/exposure/standing/open_top__free__climax__peak.png"
"S-AV-01","Мира","exposure","standing","open_top","wrists","climax","peak","false","public/character-images/interactions-expanded/mira/exposure/standing/open_top__wrists__climax__peak.png"
"S-AV-01","Мира","exposure","standing","stockings","free","climax","peak","false","public/character-images/interactions-expanded/mira/exposure/standing/stockings__free__climax__peak.png"
"S-AV-01","Мира","exposure","standing","stockings","wrists","climax","peak","false","public/character-images/interactions-expanded/mira/exposure/standing/stockings__wrists__climax__peak.png"
"S-AV-01","Мира","exposure","standing","nude","free","high_negative","peak","false","public/character-images/interactions-expanded/mira/exposure/standing/nude__free__high_negative__peak.png"
"S-AV-01","Мира","exposure","standing","nude","wrists","high_negative","peak","false","public/character-images/interactions-expanded/mira/exposure/standing/nude__wrists__high_negative__peak.png"
"S-AV-01","Мира","exposure","standing","underwear","free","high_negative","peak","false","public/character-images/interactions-expanded/mira/exposure/standing/underwear__free__high_negative__peak.png"
"S-AV-01","Мира","exposure","standing","underwear","wrists","high_negative","peak","false","public/character-images/interactions-expanded/mira/exposure/standing/underwear__wrists__high_negative__peak.png"
"S-AV-01","Мира","exposure","standing","open_top","free","high_negative","peak","false","public/character-images/interactions-expanded/mira/exposure/standing/open_top__free__high_negative__peak.png"
"S-AV-01","Мира","exposure","standing","open_top","wrists","high_negative","peak","false","public/character-images/interactions-expanded/mira/exposure/standing/open_top__wrists__high_negative__peak.png"
"S-AV-01","Мира","exposure","standing","stockings","free","high_negative","peak","false","public/character-images/interactions-expanded/mira/exposure/standing/stockings__free__high_negative__peak.png"
"S-AV-01","Мира","exposure","standing","stockings","wrists","high_negative","peak","false","public/character-images/interactions-expanded/mira/exposure/standing/stockings__wrists__high_negative__peak.png"
"S-AV-01","Мира","exposure","sitting_spread","nude","free","guarded","sustain","false","public/character-images/interactions-expanded/mira/exposure/sitting_spread/nude__free__guarded__sustain.png"
"S-AV-01","Мира","exposure","sitting_spread","nude","spread","guarded","sustain","false","public/character-images/interactions-expanded/mira/exposure/sitting_spread/nude__spread__guarded__sustain.png"
"S-AV-01","Мира","exposure","sitting_spread","underwear","free","guarded","sustain","false","public/character-images/interactions-expanded/mira/exposure/sitting_spread/underwear__free__guarded__sustain.png"
"S-AV-01","Мира","exposure","sitting_spread","underwear","spread","guarded","sustain","false","public/character-images/interactions-expanded/mira/exposure/sitting_spread/underwear__spread__guarded__sustain.png"
"S-AV-01","Мира","exposure","sitting_spread","stockings","free","guarded","sustain","false","public/character-images/interactions-expanded/mira/exposure/sitting_spread/stockings__free__guarded__sustain.png"
"S-AV-01","Мира","exposure","sitting_spread","stockings","spread","guarded","sustain","false","public/character-images/interactions-expanded/mira/exposure/sitting_spread/stockings__spread__guarded__sustain.png"
"S-AV-01","Мира","exposure","sitting_spread","nude","free","receptive","sustain","false","public/character-images/interactions-expanded/mira/exposure/sitting_spread/nude__free__receptive__sustain.png"
"S-AV-01","Мира","exposure","sitting_spread","nude","spread","receptive","sustain","false","public/character-images/interactions-expanded/mira/exposure/sitting_spread/nude__spread__receptive__sustain.png"
"S-AV-01","Мира","exposure","sitting_spread","underwear","free","receptive","sustain","false","public/character-images/interactions-expanded/mira/exposure/sitting_spread/underwear__free__receptive__sustain.png"
"S-AV-01","Мира","exposure","sitting_spread","underwear","spread","receptive","sustain","false","public/character-images/interactions-expanded/mira/exposure/sitting_spread/underwear__spread__receptive__sustain.png"
"S-AV-01","Мира","exposure","sitting_spread","stockings","free","receptive","sustain","false","public/character-images/interactions-expanded/mira/exposure/sitting_spread/stockings__free__receptive__sustain.png"
"S-AV-01","Мира","exposure","sitting_spread","stockings","spread","receptive","sustain","false","public/character-images/interactions-expanded/mira/exposure/sitting_spread/stockings__spread__receptive__sustain.png"
"S-AV-01","Мира","exposure","sitting_spread","nude","free","climax","peak","false","public/character-images/interactions-expanded/mira/exposure/sitting_spread/nude__free__climax__peak.png"
"S-AV-01","Мира","exposure","sitting_spread","nude","spread","climax","peak","false","public/character-images/interactions-expanded/mira/exposure/sitting_spread/nude__spread__climax__peak.png"
"S-AV-01","Мира","exposure","sitting_spread","underwear","free","climax","peak","false","public/character-images/interactions-expanded/mira/exposure/sitting_spread/underwear__free__climax__peak.png"
"S-AV-01","Мира","exposure","sitting_spread","underwear","spread","climax","peak","false","public/character-images/interactions-expanded/mira/exposure/sitting_spread/underwear__spread__climax__peak.png"
"S-AV-01","Мира","exposure","sitting_spread","stockings","free","climax","peak","false","public/character-images/interactions-expanded/mira/exposure/sitting_spread/stockings__free__climax__peak.png"
"S-AV-01","Мира","exposure","sitting_spread","stockings","spread","climax","peak","false","public/character-images/interactions-expanded/mira/exposure/sitting_spread/stockings__spread__climax__peak.png"
"S-AV-01","Мира","exposure","sitting_spread","nude","free","high_negative","peak","false","public/character-images/interactions-expanded/mira/exposure/sitting_spread/nude__free__high_negative__peak.png"
"S-AV-01","Мира","exposure","sitting_spread","nude","spread","high_negative","peak","false","public/character-images/interactions-expanded/mira/exposure/sitting_spread/nude__spread__high_negative__peak.png"
"S-AV-01","Мира","exposure","sitting_spread","underwear","free","high_negative","peak","false","public/character-images/interactions-expanded/mira/exposure/sitting_spread/underwear__free__high_negative__peak.png"
"S-AV-01","Мира","exposure","sitting_spread","underwear","spread","high_negative","peak","false","public/character-images/interactions-expanded/mira/exposure/sitting_spread/underwear__spread__high_negative__peak.png"
"S-AV-01","Мира","exposure","sitting_spread","stockings","free","high_negative","peak","false","public/character-images/interactions-expanded/mira/exposure/sitting_spread/stockings__free__high_negative__peak.png"
"S-AV-01","Мира","exposure","sitting_spread","stockings","spread","high_negative","peak","false","public/character-images/interactions-expanded/mira/exposure/sitting_spread/stockings__spread__high_negative__peak.png"
"S-AV-01","Мира","exposure","spread_eagle","nude","spread","guarded","sustain","false","public/character-images/interactions-expanded/mira/exposure/spread_eagle/nude__spread__guarded__sustain.png"
"S-AV-01","Мира","exposure","spread_eagle","underwear","spread","guarded","sustain","false","public/character-images/interactions-expanded/mira/exposure/spread_eagle/underwear__spread__guarded__sustain.png"
"S-AV-01","Мира","exposure","spread_eagle","nude","spread","receptive","sustain","false","public/character-images/interactions-expanded/mira/exposure/spread_eagle/nude__spread__receptive__sustain.png"
"S-AV-01","Мира","exposure","spread_eagle","underwear","spread","receptive","sustain","false","public/character-images/interactions-expanded/mira/exposure/spread_eagle/underwear__spread__receptive__sustain.png"
"S-AV-01","Мира","exposure","spread_eagle","nude","spread","climax","peak","false","public/character-images/interactions-expanded/mira/exposure/spread_eagle/nude__spread__climax__peak.png"
"S-AV-01","Мира","exposure","spread_eagle","underwear","spread","climax","peak","false","public/character-images/interactions-expanded/mira/exposure/spread_eagle/underwear__spread__climax__peak.png"
"S-AV-01","Мира","exposure","spread_eagle","nude","spread","high_negative","peak","false","public/character-images/interactions-expanded/mira/exposure/spread_eagle/nude__spread__high_negative__peak.png"
"S-AV-01","Мира","exposure","spread_eagle","underwear","spread","high_negative","peak","false","public/character-images/interactions-expanded/mira/exposure/spread_eagle/underwear__spread__high_negative__peak.png"
"S-AV-01","Мира","exposure","covering","nude","free","guarded","sustain","false","public/character-images/interactions-expanded/mira/exposure/covering/nude__free__guarded__sustain.png"
"S-AV-01","Мира","exposure","covering","underwear","free","guarded","sustain","false","public/character-images/interactions-expanded/mira/exposure/covering/underwear__free__guarded__sustain.png"
"S-AV-01","Мира","exposure","covering","open_top","free","guarded","sustain","false","public/character-images/interactions-expanded/mira/exposure/covering/open_top__free__guarded__sustain.png"
"S-AV-01","Мира","exposure","covering","nude","free","receptive","sustain","false","public/character-images/interactions-expanded/mira/exposure/covering/nude__free__receptive__sustain.png"
"S-AV-01","Мира","exposure","covering","underwear","free","receptive","sustain","false","public/character-images/interactions-expanded/mira/exposure/covering/underwear__free__receptive__sustain.png"
"S-AV-01","Мира","exposure","covering","open_top","free","receptive","sustain","false","public/character-images/interactions-expanded/mira/exposure/covering/open_top__free__receptive__sustain.png"
"S-AV-01","Мира","foot","bare_presented","nude","free","guarded","sustain","false","public/character-images/interactions-expanded/mira/foot/bare_presented/nude__free__guarded__sustain.png"
"S-AV-01","Мира","foot","bare_presented","underwear","free","guarded","sustain","false","public/character-images/interactions-expanded/mira/foot/bare_presented/underwear__free__guarded__sustain.png"
"S-AV-01","Мира","foot","bare_presented","nude","free","receptive","sustain","false","public/character-images/interactions-expanded/mira/foot/bare_presented/nude__free__receptive__sustain.png"
"S-AV-01","Мира","foot","bare_presented","underwear","free","receptive","sustain","false","public/character-images/interactions-expanded/mira/foot/bare_presented/underwear__free__receptive__sustain.png"
"S-AV-01","Мира","foot","pantyhose_presented","stockings","free","guarded","sustain","false","public/character-images/interactions-expanded/mira/foot/pantyhose_presented/stockings__free__guarded__sustain.png"
"S-AV-01","Мира","foot","pantyhose_presented","stockings","wrists","guarded","sustain","false","public/character-images/interactions-expanded/mira/foot/pantyhose_presented/stockings__wrists__guarded__sustain.png"
"S-AV-01","Мира","foot","pantyhose_presented","stockings","free","receptive","sustain","false","public/character-images/interactions-expanded/mira/foot/pantyhose_presented/stockings__free__receptive__sustain.png"
"S-AV-01","Мира","foot","pantyhose_presented","stockings","wrists","receptive","sustain","false","public/character-images/interactions-expanded/mira/foot/pantyhose_presented/stockings__wrists__receptive__sustain.png"
"S-AV-01","Мира","foot","stocks_tickle","nude","machine","guarded","sustain","false","public/character-images/interactions-expanded/mira/foot/stocks_tickle/nude__machine__guarded__sustain.png"
"S-AV-01","Мира","foot","stocks_tickle","underwear","machine","guarded","sustain","false","public/character-images/interactions-expanded/mira/foot/stocks_tickle/underwear__machine__guarded__sustain.png"
"S-AV-01","Мира","foot","stocks_tickle","stockings","machine","guarded","sustain","false","public/character-images/interactions-expanded/mira/foot/stocks_tickle/stockings__machine__guarded__sustain.png"
"S-AV-01","Мира","foot","stocks_tickle","nude","machine","receptive","sustain","false","public/character-images/interactions-expanded/mira/foot/stocks_tickle/nude__machine__receptive__sustain.png"
"S-AV-01","Мира","foot","stocks_tickle","underwear","machine","receptive","sustain","false","public/character-images/interactions-expanded/mira/foot/stocks_tickle/underwear__machine__receptive__sustain.png"
"S-AV-01","Мира","foot","stocks_tickle","stockings","machine","receptive","sustain","false","public/character-images/interactions-expanded/mira/foot/stocks_tickle/stockings__machine__receptive__sustain.png"
"S-AV-01","Мира","foot","stocks_tickle","nude","machine","high_positive","intense","false","public/character-images/interactions-expanded/mira/foot/stocks_tickle/nude__machine__high_positive__intense.png"
"S-AV-01","Мира","foot","stocks_tickle","underwear","machine","high_positive","intense","false","public/character-images/interactions-expanded/mira/foot/stocks_tickle/underwear__machine__high_positive__intense.png"
"S-AV-01","Мира","foot","stocks_tickle","stockings","machine","high_positive","intense","false","public/character-images/interactions-expanded/mira/foot/stocks_tickle/stockings__machine__high_positive__intense.png"
"S-AV-01","Мира","foot","stocks_tickle","nude","machine","high_negative","intense","false","public/character-images/interactions-expanded/mira/foot/stocks_tickle/nude__machine__high_negative__intense.png"
"S-AV-01","Мира","foot","stocks_tickle","underwear","machine","high_negative","intense","false","public/character-images/interactions-expanded/mira/foot/stocks_tickle/underwear__machine__high_negative__intense.png"
"S-AV-01","Мира","foot","stocks_tickle","stockings","machine","high_negative","intense","false","public/character-images/interactions-expanded/mira/foot/stocks_tickle/stockings__machine__high_negative__intense.png"
"S-AV-01","Мира","foot","stocks_tickle","nude","machine","subspace","intense","false","public/character-images/interactions-expanded/mira/foot/stocks_tickle/nude__machine__subspace__intense.png"
"S-AV-01","Мира","foot","stocks_tickle","underwear","machine","subspace","intense","false","public/character-images/interactions-expanded/mira/foot/stocks_tickle/underwear__machine__subspace__intense.png"
"S-AV-01","Мира","foot","stocks_tickle","stockings","machine","subspace","intense","false","public/character-images/interactions-expanded/mira/foot/stocks_tickle/stockings__machine__subspace__intense.png"
"S-AV-01","Мира","foot","stocks_tickle","nude","machine","climax","peak","false","public/character-images/interactions-expanded/mira/foot/stocks_tickle/nude__machine__climax__peak.png"
"S-AV-01","Мира","foot","stocks_tickle","underwear","machine","climax","peak","false","public/character-images/interactions-expanded/mira/foot/stocks_tickle/underwear__machine__climax__peak.png"
"S-AV-01","Мира","foot","stocks_tickle","stockings","machine","climax","peak","false","public/character-images/interactions-expanded/mira/foot/stocks_tickle/stockings__machine__climax__peak.png"
"S-AV-01","Мира","foot","stocks_tickle","nude","machine","high_negative","peak","false","public/character-images/interactions-expanded/mira/foot/stocks_tickle/nude__machine__high_negative__peak.png"
"S-AV-01","Мира","foot","stocks_tickle","underwear","machine","high_negative","peak","false","public/character-images/interactions-expanded/mira/foot/stocks_tickle/underwear__machine__high_negative__peak.png"
"S-AV-01","Мира","foot","stocks_tickle","stockings","machine","high_negative","peak","false","public/character-images/interactions-expanded/mira/foot/stocks_tickle/stockings__machine__high_negative__peak.png"
"S-AV-01","Мира","oral","kneeling","nude","free","guarded","sustain","false","public/character-images/interactions-expanded/mira/oral/kneeling/nude__free__guarded__sustain.png"
"S-AV-01","Мира","oral","kneeling","nude","wrists","guarded","sustain","false","public/character-images/interactions-expanded/mira/oral/kneeling/nude__wrists__guarded__sustain.png"
"S-AV-01","Мира","oral","kneeling","underwear","free","guarded","sustain","false","public/character-images/interactions-expanded/mira/oral/kneeling/underwear__free__guarded__sustain.png"
"S-AV-01","Мира","oral","kneeling","underwear","wrists","guarded","sustain","false","public/character-images/interactions-expanded/mira/oral/kneeling/underwear__wrists__guarded__sustain.png"
"S-AV-01","Мира","oral","kneeling","stockings","free","guarded","sustain","false","public/character-images/interactions-expanded/mira/oral/kneeling/stockings__free__guarded__sustain.png"
"S-AV-01","Мира","oral","kneeling","stockings","wrists","guarded","sustain","false","public/character-images/interactions-expanded/mira/oral/kneeling/stockings__wrists__guarded__sustain.png"
"S-AV-01","Мира","oral","kneeling","nude","free","receptive","sustain","false","public/character-images/interactions-expanded/mira/oral/kneeling/nude__free__receptive__sustain.png"
"S-AV-01","Мира","oral","kneeling","nude","wrists","receptive","sustain","false","public/character-images/interactions-expanded/mira/oral/kneeling/nude__wrists__receptive__sustain.png"
"S-AV-01","Мира","oral","kneeling","underwear","free","receptive","sustain","false","public/character-images/interactions-expanded/mira/oral/kneeling/underwear__free__receptive__sustain.png"
"S-AV-01","Мира","oral","kneeling","underwear","wrists","receptive","sustain","false","public/character-images/interactions-expanded/mira/oral/kneeling/underwear__wrists__receptive__sustain.png"
"S-AV-01","Мира","oral","kneeling","stockings","free","receptive","sustain","false","public/character-images/interactions-expanded/mira/oral/kneeling/stockings__free__receptive__sustain.png"
"S-AV-01","Мира","oral","kneeling","stockings","wrists","receptive","sustain","false","public/character-images/interactions-expanded/mira/oral/kneeling/stockings__wrists__receptive__sustain.png"
"S-AV-01","Мира","oral","kneeling","nude","free","high_positive","intense","false","public/character-images/interactions-expanded/mira/oral/kneeling/nude__free__high_positive__intense.png"
"S-AV-01","Мира","oral","kneeling","nude","wrists","high_positive","intense","false","public/character-images/interactions-expanded/mira/oral/kneeling/nude__wrists__high_positive__intense.png"
"S-AV-01","Мира","oral","kneeling","underwear","free","high_positive","intense","false","public/character-images/interactions-expanded/mira/oral/kneeling/underwear__free__high_positive__intense.png"
"S-AV-01","Мира","oral","kneeling","underwear","wrists","high_positive","intense","false","public/character-images/interactions-expanded/mira/oral/kneeling/underwear__wrists__high_positive__intense.png"
"S-AV-01","Мира","oral","kneeling","stockings","free","high_positive","intense","false","public/character-images/interactions-expanded/mira/oral/kneeling/stockings__free__high_positive__intense.png"
"S-AV-01","Мира","oral","kneeling","stockings","wrists","high_positive","intense","false","public/character-images/interactions-expanded/mira/oral/kneeling/stockings__wrists__high_positive__intense.png"
"S-AV-01","Мира","oral","kneeling","nude","free","high_negative","intense","false","public/character-images/interactions-expanded/mira/oral/kneeling/nude__free__high_negative__intense.png"
"S-AV-01","Мира","oral","kneeling","nude","wrists","high_negative","intense","false","public/character-images/interactions-expanded/mira/oral/kneeling/nude__wrists__high_negative__intense.png"
"S-AV-01","Мира","oral","kneeling","underwear","free","high_negative","intense","false","public/character-images/interactions-expanded/mira/oral/kneeling/underwear__free__high_negative__intense.png"
"S-AV-01","Мира","oral","kneeling","underwear","wrists","high_negative","intense","false","public/character-images/interactions-expanded/mira/oral/kneeling/underwear__wrists__high_negative__intense.png"
"S-AV-01","Мира","oral","kneeling","stockings","free","high_negative","intense","false","public/character-images/interactions-expanded/mira/oral/kneeling/stockings__free__high_negative__intense.png"
"S-AV-01","Мира","oral","kneeling","stockings","wrists","high_negative","intense","false","public/character-images/interactions-expanded/mira/oral/kneeling/stockings__wrists__high_negative__intense.png"
"S-AV-01","Мира","oral","kneeling","nude","free","subspace","intense","false","public/character-images/interactions-expanded/mira/oral/kneeling/nude__free__subspace__intense.png"
"S-AV-01","Мира","oral","kneeling","nude","wrists","subspace","intense","false","public/character-images/interactions-expanded/mira/oral/kneeling/nude__wrists__subspace__intense.png"
"S-AV-01","Мира","oral","kneeling","underwear","free","subspace","intense","false","public/character-images/interactions-expanded/mira/oral/kneeling/underwear__free__subspace__intense.png"
"S-AV-01","Мира","oral","kneeling","underwear","wrists","subspace","intense","false","public/character-images/interactions-expanded/mira/oral/kneeling/underwear__wrists__subspace__intense.png"
"S-AV-01","Мира","oral","kneeling","stockings","free","subspace","intense","false","public/character-images/interactions-expanded/mira/oral/kneeling/stockings__free__subspace__intense.png"
"S-AV-01","Мира","oral","kneeling","stockings","wrists","subspace","intense","false","public/character-images/interactions-expanded/mira/oral/kneeling/stockings__wrists__subspace__intense.png"
"S-AV-01","Мира","oral","kneeling","nude","free","climax","peak","false","public/character-images/interactions-expanded/mira/oral/kneeling/nude__free__climax__peak.png"
"S-AV-01","Мира","oral","kneeling","nude","wrists","climax","peak","false","public/character-images/interactions-expanded/mira/oral/kneeling/nude__wrists__climax__peak.png"
"S-AV-01","Мира","oral","kneeling","underwear","free","climax","peak","false","public/character-images/interactions-expanded/mira/oral/kneeling/underwear__free__climax__peak.png"
"S-AV-01","Мира","oral","kneeling","underwear","wrists","climax","peak","false","public/character-images/interactions-expanded/mira/oral/kneeling/underwear__wrists__climax__peak.png"
"S-AV-01","Мира","oral","kneeling","stockings","free","climax","peak","false","public/character-images/interactions-expanded/mira/oral/kneeling/stockings__free__climax__peak.png"
"S-AV-01","Мира","oral","kneeling","stockings","wrists","climax","peak","false","public/character-images/interactions-expanded/mira/oral/kneeling/stockings__wrists__climax__peak.png"
"S-AV-01","Мира","oral","kneeling","nude","free","high_negative","peak","false","public/character-images/interactions-expanded/mira/oral/kneeling/nude__free__high_negative__peak.png"
"S-AV-01","Мира","oral","kneeling","nude","wrists","high_negative","peak","false","public/character-images/interactions-expanded/mira/oral/kneeling/nude__wrists__high_negative__peak.png"
"S-AV-01","Мира","oral","kneeling","underwear","free","high_negative","peak","false","public/character-images/interactions-expanded/mira/oral/kneeling/underwear__free__high_negative__peak.png"
"S-AV-01","Мира","oral","kneeling","underwear","wrists","high_negative","peak","false","public/character-images/interactions-expanded/mira/oral/kneeling/underwear__wrists__high_negative__peak.png"
"S-AV-01","Мира","oral","kneeling","stockings","free","high_negative","peak","false","public/character-images/interactions-expanded/mira/oral/kneeling/stockings__free__high_negative__peak.png"
"S-AV-01","Мира","oral","kneeling","stockings","wrists","high_negative","peak","false","public/character-images/interactions-expanded/mira/oral/kneeling/stockings__wrists__high_negative__peak.png"
"S-AV-01","Мира","oral","deep","nude","free","guarded","sustain","false","public/character-images/interactions-expanded/mira/oral/deep/nude__free__guarded__sustain.png"
"S-AV-01","Мира","oral","deep","nude","wrists","guarded","sustain","false","public/character-images/interactions-expanded/mira/oral/deep/nude__wrists__guarded__sustain.png"
"S-AV-01","Мира","oral","deep","underwear","free","guarded","sustain","false","public/character-images/interactions-expanded/mira/oral/deep/underwear__free__guarded__sustain.png"
"S-AV-01","Мира","oral","deep","underwear","wrists","guarded","sustain","false","public/character-images/interactions-expanded/mira/oral/deep/underwear__wrists__guarded__sustain.png"
"S-AV-01","Мира","oral","deep","stockings","free","guarded","sustain","false","public/character-images/interactions-expanded/mira/oral/deep/stockings__free__guarded__sustain.png"
"S-AV-01","Мира","oral","deep","stockings","wrists","guarded","sustain","false","public/character-images/interactions-expanded/mira/oral/deep/stockings__wrists__guarded__sustain.png"
"S-AV-01","Мира","oral","deep","nude","free","receptive","sustain","false","public/character-images/interactions-expanded/mira/oral/deep/nude__free__receptive__sustain.png"
"S-AV-01","Мира","oral","deep","nude","wrists","receptive","sustain","false","public/character-images/interactions-expanded/mira/oral/deep/nude__wrists__receptive__sustain.png"
"S-AV-01","Мира","oral","deep","underwear","free","receptive","sustain","false","public/character-images/interactions-expanded/mira/oral/deep/underwear__free__receptive__sustain.png"
"S-AV-01","Мира","oral","deep","underwear","wrists","receptive","sustain","false","public/character-images/interactions-expanded/mira/oral/deep/underwear__wrists__receptive__sustain.png"
"S-AV-01","Мира","oral","deep","stockings","free","receptive","sustain","false","public/character-images/interactions-expanded/mira/oral/deep/stockings__free__receptive__sustain.png"
"S-AV-01","Мира","oral","deep","stockings","wrists","receptive","sustain","false","public/character-images/interactions-expanded/mira/oral/deep/stockings__wrists__receptive__sustain.png"
"S-AV-01","Мира","oral","deep","nude","free","high_positive","intense","false","public/character-images/interactions-expanded/mira/oral/deep/nude__free__high_positive__intense.png"
"S-AV-01","Мира","oral","deep","nude","wrists","high_positive","intense","false","public/character-images/interactions-expanded/mira/oral/deep/nude__wrists__high_positive__intense.png"
"S-AV-01","Мира","oral","deep","underwear","free","high_positive","intense","false","public/character-images/interactions-expanded/mira/oral/deep/underwear__free__high_positive__intense.png"
"S-AV-01","Мира","oral","deep","underwear","wrists","high_positive","intense","false","public/character-images/interactions-expanded/mira/oral/deep/underwear__wrists__high_positive__intense.png"
"S-AV-01","Мира","oral","deep","stockings","free","high_positive","intense","false","public/character-images/interactions-expanded/mira/oral/deep/stockings__free__high_positive__intense.png"
"S-AV-01","Мира","oral","deep","stockings","wrists","high_positive","intense","false","public/character-images/interactions-expanded/mira/oral/deep/stockings__wrists__high_positive__intense.png"
"S-AV-01","Мира","oral","deep","nude","free","high_negative","intense","false","public/character-images/interactions-expanded/mira/oral/deep/nude__free__high_negative__intense.png"
"S-AV-01","Мира","oral","deep","nude","wrists","high_negative","intense","false","public/character-images/interactions-expanded/mira/oral/deep/nude__wrists__high_negative__intense.png"
"S-AV-01","Мира","oral","deep","underwear","free","high_negative","intense","false","public/character-images/interactions-expanded/mira/oral/deep/underwear__free__high_negative__intense.png"
"S-AV-01","Мира","oral","deep","underwear","wrists","high_negative","intense","false","public/character-images/interactions-expanded/mira/oral/deep/underwear__wrists__high_negative__intense.png"
"S-AV-01","Мира","oral","deep","stockings","free","high_negative","intense","false","public/character-images/interactions-expanded/mira/oral/deep/stockings__free__high_negative__intense.png"
"S-AV-01","Мира","oral","deep","stockings","wrists","high_negative","intense","false","public/character-images/interactions-expanded/mira/oral/deep/stockings__wrists__high_negative__intense.png"
"S-AV-01","Мира","oral","deep","nude","free","subspace","intense","false","public/character-images/interactions-expanded/mira/oral/deep/nude__free__subspace__intense.png"
"S-AV-01","Мира","oral","deep","nude","wrists","subspace","intense","false","public/character-images/interactions-expanded/mira/oral/deep/nude__wrists__subspace__intense.png"
"S-AV-01","Мира","oral","deep","underwear","free","subspace","intense","false","public/character-images/interactions-expanded/mira/oral/deep/underwear__free__subspace__intense.png"
"S-AV-01","Мира","oral","deep","underwear","wrists","subspace","intense","false","public/character-images/interactions-expanded/mira/oral/deep/underwear__wrists__subspace__intense.png"
"S-AV-01","Мира","oral","deep","stockings","free","subspace","intense","false","public/character-images/interactions-expanded/mira/oral/deep/stockings__free__subspace__intense.png"
"S-AV-01","Мира","oral","deep","stockings","wrists","subspace","intense","false","public/character-images/interactions-expanded/mira/oral/deep/stockings__wrists__subspace__intense.png"
"S-AV-01","Мира","oral","deep","nude","free","climax","peak","false","public/character-images/interactions-expanded/mira/oral/deep/nude__free__climax__peak.png"
"S-AV-01","Мира","oral","deep","nude","wrists","climax","peak","false","public/character-images/interactions-expanded/mira/oral/deep/nude__wrists__climax__peak.png"
"S-AV-01","Мира","oral","deep","underwear","free","climax","peak","false","public/character-images/interactions-expanded/mira/oral/deep/underwear__free__climax__peak.png"
"S-AV-01","Мира","oral","deep","underwear","wrists","climax","peak","false","public/character-images/interactions-expanded/mira/oral/deep/underwear__wrists__climax__peak.png"
"S-AV-01","Мира","oral","deep","stockings","free","climax","peak","false","public/character-images/interactions-expanded/mira/oral/deep/stockings__free__climax__peak.png"
"S-AV-01","Мира","oral","deep","stockings","wrists","climax","peak","false","public/character-images/interactions-expanded/mira/oral/deep/stockings__wrists__climax__peak.png"
"S-AV-01","Мира","oral","deep","nude","free","high_negative","peak","false","public/character-images/interactions-expanded/mira/oral/deep/nude__free__high_negative__peak.png"
"S-AV-01","Мира","oral","deep","nude","wrists","high_negative","peak","false","public/character-images/interactions-expanded/mira/oral/deep/nude__wrists__high_negative__peak.png"
"S-AV-01","Мира","oral","deep","underwear","free","high_negative","peak","false","public/character-images/interactions-expanded/mira/oral/deep/underwear__free__high_negative__peak.png"
"S-AV-01","Мира","oral","deep","underwear","wrists","high_negative","peak","false","public/character-images/interactions-expanded/mira/oral/deep/underwear__wrists__high_negative__peak.png"
"S-AV-01","Мира","oral","deep","stockings","free","high_negative","peak","false","public/character-images/interactions-expanded/mira/oral/deep/stockings__free__high_negative__peak.png"
"S-AV-01","Мира","oral","deep","stockings","wrists","high_negative","peak","false","public/character-images/interactions-expanded/mira/oral/deep/stockings__wrists__high_negative__peak.png"
"S-AV-01","Мира","oral","assisted","nude","free","guarded","sustain","false","public/character-images/interactions-expanded/mira/oral/assisted/nude__free__guarded__sustain.png"
"S-AV-01","Мира","oral","assisted","nude","wrists","guarded","sustain","false","public/character-images/interactions-expanded/mira/oral/assisted/nude__wrists__guarded__sustain.png"
"S-AV-01","Мира","oral","assisted","underwear","free","guarded","sustain","false","public/character-images/interactions-expanded/mira/oral/assisted/underwear__free__guarded__sustain.png"
"S-AV-01","Мира","oral","assisted","underwear","wrists","guarded","sustain","false","public/character-images/interactions-expanded/mira/oral/assisted/underwear__wrists__guarded__sustain.png"
"S-AV-01","Мира","oral","assisted","nude","free","receptive","sustain","false","public/character-images/interactions-expanded/mira/oral/assisted/nude__free__receptive__sustain.png"
"S-AV-01","Мира","oral","assisted","nude","wrists","receptive","sustain","false","public/character-images/interactions-expanded/mira/oral/assisted/nude__wrists__receptive__sustain.png"
"S-AV-01","Мира","oral","assisted","underwear","free","receptive","sustain","false","public/character-images/interactions-expanded/mira/oral/assisted/underwear__free__receptive__sustain.png"
"S-AV-01","Мира","oral","assisted","underwear","wrists","receptive","sustain","false","public/character-images/interactions-expanded/mira/oral/assisted/underwear__wrists__receptive__sustain.png"
"S-AV-01","Мира","oral","assisted","nude","free","climax","peak","false","public/character-images/interactions-expanded/mira/oral/assisted/nude__free__climax__peak.png"
"S-AV-01","Мира","oral","assisted","nude","wrists","climax","peak","false","public/character-images/interactions-expanded/mira/oral/assisted/nude__wrists__climax__peak.png"
"S-AV-01","Мира","oral","assisted","underwear","free","climax","peak","false","public/character-images/interactions-expanded/mira/oral/assisted/underwear__free__climax__peak.png"
"S-AV-01","Мира","oral","assisted","underwear","wrists","climax","peak","false","public/character-images/interactions-expanded/mira/oral/assisted/underwear__wrists__climax__peak.png"
"S-AV-01","Мира","oral","assisted","nude","free","high_negative","peak","false","public/character-images/interactions-expanded/mira/oral/assisted/nude__free__high_negative__peak.png"
"S-AV-01","Мира","oral","assisted","nude","wrists","high_negative","peak","false","public/character-images/interactions-expanded/mira/oral/assisted/nude__wrists__high_negative__peak.png"
"S-AV-01","Мира","oral","assisted","underwear","free","high_negative","peak","false","public/character-images/interactions-expanded/mira/oral/assisted/underwear__free__high_negative__peak.png"
"S-AV-01","Мира","oral","assisted","underwear","wrists","high_negative","peak","false","public/character-images/interactions-expanded/mira/oral/assisted/underwear__wrists__high_negative__peak.png"
"S-AV-01","Мира","penetration","doggy","nude","free","guarded","sustain","false","public/character-images/interactions-expanded/mira/penetration/doggy/nude__free__guarded__sustain.png"
"S-AV-01","Мира","penetration","doggy","nude","wrists","guarded","sustain","false","public/character-images/interactions-expanded/mira/penetration/doggy/nude__wrists__guarded__sustain.png"
"S-AV-01","Мира","penetration","doggy","underwear","free","guarded","sustain","false","public/character-images/interactions-expanded/mira/penetration/doggy/underwear__free__guarded__sustain.png"
"S-AV-01","Мира","penetration","doggy","underwear","wrists","guarded","sustain","false","public/character-images/interactions-expanded/mira/penetration/doggy/underwear__wrists__guarded__sustain.png"
"S-AV-01","Мира","penetration","doggy","stockings","free","guarded","sustain","false","public/character-images/interactions-expanded/mira/penetration/doggy/stockings__free__guarded__sustain.png"
"S-AV-01","Мира","penetration","doggy","stockings","wrists","guarded","sustain","false","public/character-images/interactions-expanded/mira/penetration/doggy/stockings__wrists__guarded__sustain.png"
"S-AV-01","Мира","penetration","doggy","nude","free","receptive","sustain","false","public/character-images/interactions-expanded/mira/penetration/doggy/nude__free__receptive__sustain.png"
"S-AV-01","Мира","penetration","doggy","nude","wrists","receptive","sustain","false","public/character-images/interactions-expanded/mira/penetration/doggy/nude__wrists__receptive__sustain.png"
"S-AV-01","Мира","penetration","doggy","underwear","free","receptive","sustain","false","public/character-images/interactions-expanded/mira/penetration/doggy/underwear__free__receptive__sustain.png"
"S-AV-01","Мира","penetration","doggy","underwear","wrists","receptive","sustain","false","public/character-images/interactions-expanded/mira/penetration/doggy/underwear__wrists__receptive__sustain.png"
"S-AV-01","Мира","penetration","doggy","stockings","free","receptive","sustain","false","public/character-images/interactions-expanded/mira/penetration/doggy/stockings__free__receptive__sustain.png"
"S-AV-01","Мира","penetration","doggy","stockings","wrists","receptive","sustain","false","public/character-images/interactions-expanded/mira/penetration/doggy/stockings__wrists__receptive__sustain.png"
"S-AV-01","Мира","penetration","doggy","nude","free","high_positive","intense","false","public/character-images/interactions-expanded/mira/penetration/doggy/nude__free__high_positive__intense.png"
"S-AV-01","Мира","penetration","doggy","nude","wrists","high_positive","intense","false","public/character-images/interactions-expanded/mira/penetration/doggy/nude__wrists__high_positive__intense.png"
"S-AV-01","Мира","penetration","doggy","underwear","free","high_positive","intense","false","public/character-images/interactions-expanded/mira/penetration/doggy/underwear__free__high_positive__intense.png"
"S-AV-01","Мира","penetration","doggy","underwear","wrists","high_positive","intense","false","public/character-images/interactions-expanded/mira/penetration/doggy/underwear__wrists__high_positive__intense.png"
"S-AV-01","Мира","penetration","doggy","stockings","free","high_positive","intense","false","public/character-images/interactions-expanded/mira/penetration/doggy/stockings__free__high_positive__intense.png"
"S-AV-01","Мира","penetration","doggy","stockings","wrists","high_positive","intense","false","public/character-images/interactions-expanded/mira/penetration/doggy/stockings__wrists__high_positive__intense.png"
"S-AV-01","Мира","penetration","doggy","nude","free","high_negative","intense","false","public/character-images/interactions-expanded/mira/penetration/doggy/nude__free__high_negative__intense.png"
"S-AV-01","Мира","penetration","doggy","nude","wrists","high_negative","intense","false","public/character-images/interactions-expanded/mira/penetration/doggy/nude__wrists__high_negative__intense.png"
"S-AV-01","Мира","penetration","doggy","underwear","free","high_negative","intense","false","public/character-images/interactions-expanded/mira/penetration/doggy/underwear__free__high_negative__intense.png"
"S-AV-01","Мира","penetration","doggy","underwear","wrists","high_negative","intense","false","public/character-images/interactions-expanded/mira/penetration/doggy/underwear__wrists__high_negative__intense.png"
"S-AV-01","Мира","penetration","doggy","stockings","free","high_negative","intense","false","public/character-images/interactions-expanded/mira/penetration/doggy/stockings__free__high_negative__intense.png"
"S-AV-01","Мира","penetration","doggy","stockings","wrists","high_negative","intense","false","public/character-images/interactions-expanded/mira/penetration/doggy/stockings__wrists__high_negative__intense.png"
"S-AV-01","Мира","penetration","doggy","nude","free","subspace","intense","false","public/character-images/interactions-expanded/mira/penetration/doggy/nude__free__subspace__intense.png"
"S-AV-01","Мира","penetration","doggy","nude","wrists","subspace","intense","false","public/character-images/interactions-expanded/mira/penetration/doggy/nude__wrists__subspace__intense.png"
"S-AV-01","Мира","penetration","doggy","underwear","free","subspace","intense","false","public/character-images/interactions-expanded/mira/penetration/doggy/underwear__free__subspace__intense.png"
"S-AV-01","Мира","penetration","doggy","underwear","wrists","subspace","intense","false","public/character-images/interactions-expanded/mira/penetration/doggy/underwear__wrists__subspace__intense.png"
"S-AV-01","Мира","penetration","doggy","stockings","free","subspace","intense","false","public/character-images/interactions-expanded/mira/penetration/doggy/stockings__free__subspace__intense.png"
"S-AV-01","Мира","penetration","doggy","stockings","wrists","subspace","intense","false","public/character-images/interactions-expanded/mira/penetration/doggy/stockings__wrists__subspace__intense.png"
"S-AV-01","Мира","penetration","doggy","nude","free","climax","peak","false","public/character-images/interactions-expanded/mira/penetration/doggy/nude__free__climax__peak.png"
"S-AV-01","Мира","penetration","doggy","nude","wrists","climax","peak","false","public/character-images/interactions-expanded/mira/penetration/doggy/nude__wrists__climax__peak.png"
"S-AV-01","Мира","penetration","doggy","underwear","free","climax","peak","false","public/character-images/interactions-expanded/mira/penetration/doggy/underwear__free__climax__peak.png"
"S-AV-01","Мира","penetration","doggy","underwear","wrists","climax","peak","false","public/character-images/interactions-expanded/mira/penetration/doggy/underwear__wrists__climax__peak.png"
"S-AV-01","Мира","penetration","doggy","stockings","free","climax","peak","false","public/character-images/interactions-expanded/mira/penetration/doggy/stockings__free__climax__peak.png"
"S-AV-01","Мира","penetration","doggy","stockings","wrists","climax","peak","false","public/character-images/interactions-expanded/mira/penetration/doggy/stockings__wrists__climax__peak.png"
"S-AV-01","Мира","penetration","doggy","nude","free","high_negative","peak","false","public/character-images/interactions-expanded/mira/penetration/doggy/nude__free__high_negative__peak.png"
"S-AV-01","Мира","penetration","doggy","nude","wrists","high_negative","peak","false","public/character-images/interactions-expanded/mira/penetration/doggy/nude__wrists__high_negative__peak.png"
"S-AV-01","Мира","penetration","doggy","underwear","free","high_negative","peak","false","public/character-images/interactions-expanded/mira/penetration/doggy/underwear__free__high_negative__peak.png"
"S-AV-01","Мира","penetration","doggy","underwear","wrists","high_negative","peak","false","public/character-images/interactions-expanded/mira/penetration/doggy/underwear__wrists__high_negative__peak.png"
"S-AV-01","Мира","penetration","doggy","stockings","free","high_negative","peak","false","public/character-images/interactions-expanded/mira/penetration/doggy/stockings__free__high_negative__peak.png"
"S-AV-01","Мира","penetration","doggy","stockings","wrists","high_negative","peak","false","public/character-images/interactions-expanded/mira/penetration/doggy/stockings__wrists__high_negative__peak.png"
"S-AV-01","Мира","penetration","missionary","nude","free","guarded","sustain","false","public/character-images/interactions-expanded/mira/penetration/missionary/nude__free__guarded__sustain.png"
"S-AV-01","Мира","penetration","missionary","nude","spread","guarded","sustain","false","public/character-images/interactions-expanded/mira/penetration/missionary/nude__spread__guarded__sustain.png"
"S-AV-01","Мира","penetration","missionary","underwear","free","guarded","sustain","false","public/character-images/interactions-expanded/mira/penetration/missionary/underwear__free__guarded__sustain.png"
"S-AV-01","Мира","penetration","missionary","underwear","spread","guarded","sustain","false","public/character-images/interactions-expanded/mira/penetration/missionary/underwear__spread__guarded__sustain.png"
"S-AV-01","Мира","penetration","missionary","stockings","free","guarded","sustain","false","public/character-images/interactions-expanded/mira/penetration/missionary/stockings__free__guarded__sustain.png"
"S-AV-01","Мира","penetration","missionary","stockings","spread","guarded","sustain","false","public/character-images/interactions-expanded/mira/penetration/missionary/stockings__spread__guarded__sustain.png"
"S-AV-01","Мира","penetration","missionary","nude","free","receptive","sustain","false","public/character-images/interactions-expanded/mira/penetration/missionary/nude__free__receptive__sustain.png"
"S-AV-01","Мира","penetration","missionary","nude","spread","receptive","sustain","false","public/character-images/interactions-expanded/mira/penetration/missionary/nude__spread__receptive__sustain.png"
"S-AV-01","Мира","penetration","missionary","underwear","free","receptive","sustain","false","public/character-images/interactions-expanded/mira/penetration/missionary/underwear__free__receptive__sustain.png"
"S-AV-01","Мира","penetration","missionary","underwear","spread","receptive","sustain","false","public/character-images/interactions-expanded/mira/penetration/missionary/underwear__spread__receptive__sustain.png"
"S-AV-01","Мира","penetration","missionary","stockings","free","receptive","sustain","false","public/character-images/interactions-expanded/mira/penetration/missionary/stockings__free__receptive__sustain.png"
"S-AV-01","Мира","penetration","missionary","stockings","spread","receptive","sustain","false","public/character-images/interactions-expanded/mira/penetration/missionary/stockings__spread__receptive__sustain.png"
"S-AV-01","Мира","penetration","missionary","nude","free","high_positive","intense","false","public/character-images/interactions-expanded/mira/penetration/missionary/nude__free__high_positive__intense.png"
"S-AV-01","Мира","penetration","missionary","nude","spread","high_positive","intense","false","public/character-images/interactions-expanded/mira/penetration/missionary/nude__spread__high_positive__intense.png"
"S-AV-01","Мира","penetration","missionary","underwear","free","high_positive","intense","false","public/character-images/interactions-expanded/mira/penetration/missionary/underwear__free__high_positive__intense.png"
"S-AV-01","Мира","penetration","missionary","underwear","spread","high_positive","intense","false","public/character-images/interactions-expanded/mira/penetration/missionary/underwear__spread__high_positive__intense.png"
"S-AV-01","Мира","penetration","missionary","stockings","free","high_positive","intense","false","public/character-images/interactions-expanded/mira/penetration/missionary/stockings__free__high_positive__intense.png"
"S-AV-01","Мира","penetration","missionary","stockings","spread","high_positive","intense","false","public/character-images/interactions-expanded/mira/penetration/missionary/stockings__spread__high_positive__intense.png"
"S-AV-01","Мира","penetration","missionary","nude","free","high_negative","intense","false","public/character-images/interactions-expanded/mira/penetration/missionary/nude__free__high_negative__intense.png"
"S-AV-01","Мира","penetration","missionary","nude","spread","high_negative","intense","false","public/character-images/interactions-expanded/mira/penetration/missionary/nude__spread__high_negative__intense.png"
"S-AV-01","Мира","penetration","missionary","underwear","free","high_negative","intense","false","public/character-images/interactions-expanded/mira/penetration/missionary/underwear__free__high_negative__intense.png"
"S-AV-01","Мира","penetration","missionary","underwear","spread","high_negative","intense","false","public/character-images/interactions-expanded/mira/penetration/missionary/underwear__spread__high_negative__intense.png"
"S-AV-01","Мира","penetration","missionary","stockings","free","high_negative","intense","false","public/character-images/interactions-expanded/mira/penetration/missionary/stockings__free__high_negative__intense.png"
"S-AV-01","Мира","penetration","missionary","stockings","spread","high_negative","intense","false","public/character-images/interactions-expanded/mira/penetration/missionary/stockings__spread__high_negative__intense.png"
"S-AV-01","Мира","penetration","missionary","nude","free","subspace","intense","false","public/character-images/interactions-expanded/mira/penetration/missionary/nude__free__subspace__intense.png"
"S-AV-01","Мира","penetration","missionary","nude","spread","subspace","intense","false","public/character-images/interactions-expanded/mira/penetration/missionary/nude__spread__subspace__intense.png"
"S-AV-01","Мира","penetration","missionary","underwear","free","subspace","intense","false","public/character-images/interactions-expanded/mira/penetration/missionary/underwear__free__subspace__intense.png"
"S-AV-01","Мира","penetration","missionary","underwear","spread","subspace","intense","false","public/character-images/interactions-expanded/mira/penetration/missionary/underwear__spread__subspace__intense.png"
"S-AV-01","Мира","penetration","missionary","stockings","free","subspace","intense","false","public/character-images/interactions-expanded/mira/penetration/missionary/stockings__free__subspace__intense.png"
"S-AV-01","Мира","penetration","missionary","stockings","spread","subspace","intense","false","public/character-images/interactions-expanded/mira/penetration/missionary/stockings__spread__subspace__intense.png"
"S-AV-01","Мира","penetration","missionary","nude","free","climax","peak","false","public/character-images/interactions-expanded/mira/penetration/missionary/nude__free__climax__peak.png"
"S-AV-01","Мира","penetration","missionary","nude","spread","climax","peak","false","public/character-images/interactions-expanded/mira/penetration/missionary/nude__spread__climax__peak.png"
"S-AV-01","Мира","penetration","missionary","underwear","free","climax","peak","false","public/character-images/interactions-expanded/mira/penetration/missionary/underwear__free__climax__peak.png"
"S-AV-01","Мира","penetration","missionary","underwear","spread","climax","peak","false","public/character-images/interactions-expanded/mira/penetration/missionary/underwear__spread__climax__peak.png"
"S-AV-01","Мира","penetration","missionary","stockings","free","climax","peak","false","public/character-images/interactions-expanded/mira/penetration/missionary/stockings__free__climax__peak.png"
"S-AV-01","Мира","penetration","missionary","stockings","spread","climax","peak","false","public/character-images/interactions-expanded/mira/penetration/missionary/stockings__spread__climax__peak.png"
"S-AV-01","Мира","penetration","missionary","nude","free","high_negative","peak","false","public/character-images/interactions-expanded/mira/penetration/missionary/nude__free__high_negative__peak.png"
"S-AV-01","Мира","penetration","missionary","nude","spread","high_negative","peak","false","public/character-images/interactions-expanded/mira/penetration/missionary/nude__spread__high_negative__peak.png"
"S-AV-01","Мира","penetration","missionary","underwear","free","high_negative","peak","false","public/character-images/interactions-expanded/mira/penetration/missionary/underwear__free__high_negative__peak.png"
"S-AV-01","Мира","penetration","missionary","underwear","spread","high_negative","peak","false","public/character-images/interactions-expanded/mira/penetration/missionary/underwear__spread__high_negative__peak.png"
"S-AV-01","Мира","penetration","missionary","stockings","free","high_negative","peak","false","public/character-images/interactions-expanded/mira/penetration/missionary/stockings__free__high_negative__peak.png"
"S-AV-01","Мира","penetration","missionary","stockings","spread","high_negative","peak","false","public/character-images/interactions-expanded/mira/penetration/missionary/stockings__spread__high_negative__peak.png"
"S-AV-01","Мира","penetration","standing","nude","free","guarded","sustain","false","public/character-images/interactions-expanded/mira/penetration/standing/nude__free__guarded__sustain.png"
"S-AV-01","Мира","penetration","standing","nude","wrists","guarded","sustain","false","public/character-images/interactions-expanded/mira/penetration/standing/nude__wrists__guarded__sustain.png"
"S-AV-01","Мира","penetration","standing","underwear","free","guarded","sustain","false","public/character-images/interactions-expanded/mira/penetration/standing/underwear__free__guarded__sustain.png"
"S-AV-01","Мира","penetration","standing","underwear","wrists","guarded","sustain","false","public/character-images/interactions-expanded/mira/penetration/standing/underwear__wrists__guarded__sustain.png"
"S-AV-01","Мира","penetration","standing","stockings","free","guarded","sustain","false","public/character-images/interactions-expanded/mira/penetration/standing/stockings__free__guarded__sustain.png"
"S-AV-01","Мира","penetration","standing","stockings","wrists","guarded","sustain","false","public/character-images/interactions-expanded/mira/penetration/standing/stockings__wrists__guarded__sustain.png"
"S-AV-01","Мира","penetration","standing","nude","free","receptive","sustain","false","public/character-images/interactions-expanded/mira/penetration/standing/nude__free__receptive__sustain.png"
"S-AV-01","Мира","penetration","standing","nude","wrists","receptive","sustain","false","public/character-images/interactions-expanded/mira/penetration/standing/nude__wrists__receptive__sustain.png"
"S-AV-01","Мира","penetration","standing","underwear","free","receptive","sustain","false","public/character-images/interactions-expanded/mira/penetration/standing/underwear__free__receptive__sustain.png"
"S-AV-01","Мира","penetration","standing","underwear","wrists","receptive","sustain","false","public/character-images/interactions-expanded/mira/penetration/standing/underwear__wrists__receptive__sustain.png"
"S-AV-01","Мира","penetration","standing","stockings","free","receptive","sustain","false","public/character-images/interactions-expanded/mira/penetration/standing/stockings__free__receptive__sustain.png"
"S-AV-01","Мира","penetration","standing","stockings","wrists","receptive","sustain","false","public/character-images/interactions-expanded/mira/penetration/standing/stockings__wrists__receptive__sustain.png"
"S-AV-01","Мира","penetration","standing","nude","free","climax","peak","false","public/character-images/interactions-expanded/mira/penetration/standing/nude__free__climax__peak.png"
"S-AV-01","Мира","penetration","standing","nude","wrists","climax","peak","false","public/character-images/interactions-expanded/mira/penetration/standing/nude__wrists__climax__peak.png"
"S-AV-01","Мира","penetration","standing","underwear","free","climax","peak","false","public/character-images/interactions-expanded/mira/penetration/standing/underwear__free__climax__peak.png"
"S-AV-01","Мира","penetration","standing","underwear","wrists","climax","peak","false","public/character-images/interactions-expanded/mira/penetration/standing/underwear__wrists__climax__peak.png"
"S-AV-01","Мира","penetration","standing","stockings","free","climax","peak","false","public/character-images/interactions-expanded/mira/penetration/standing/stockings__free__climax__peak.png"
"S-AV-01","Мира","penetration","standing","stockings","wrists","climax","peak","false","public/character-images/interactions-expanded/mira/penetration/standing/stockings__wrists__climax__peak.png"
"S-AV-01","Мира","penetration","standing","nude","free","high_negative","peak","false","public/character-images/interactions-expanded/mira/penetration/standing/nude__free__high_negative__peak.png"
"S-AV-01","Мира","penetration","standing","nude","wrists","high_negative","peak","false","public/character-images/interactions-expanded/mira/penetration/standing/nude__wrists__high_negative__peak.png"
"S-AV-01","Мира","penetration","standing","underwear","free","high_negative","peak","false","public/character-images/interactions-expanded/mira/penetration/standing/underwear__free__high_negative__peak.png"
"S-AV-01","Мира","penetration","standing","underwear","wrists","high_negative","peak","false","public/character-images/interactions-expanded/mira/penetration/standing/underwear__wrists__high_negative__peak.png"
"S-AV-01","Мира","penetration","standing","stockings","free","high_negative","peak","false","public/character-images/interactions-expanded/mira/penetration/standing/stockings__free__high_negative__peak.png"
"S-AV-01","Мира","penetration","standing","stockings","wrists","high_negative","peak","false","public/character-images/interactions-expanded/mira/penetration/standing/stockings__wrists__high_negative__peak.png"
"S-AV-01","Мира","capsule","hmd","nude","machine","guarded","sustain","false","public/character-images/interactions-expanded/mira/capsule/hmd/nude__machine__guarded__sustain.png"
"S-AV-01","Мира","capsule","hmd","device_outfit","machine","guarded","sustain","false","public/character-images/interactions-expanded/mira/capsule/hmd/device_outfit__machine__guarded__sustain.png"
"S-AV-01","Мира","capsule","hmd","nude","machine","receptive","sustain","false","public/character-images/interactions-expanded/mira/capsule/hmd/nude__machine__receptive__sustain.png"
"S-AV-01","Мира","capsule","hmd","device_outfit","machine","receptive","sustain","false","public/character-images/interactions-expanded/mira/capsule/hmd/device_outfit__machine__receptive__sustain.png"
"S-AV-01","Мира","capsule","hmd","nude","machine","high_positive","intense","false","public/character-images/interactions-expanded/mira/capsule/hmd/nude__machine__high_positive__intense.png"
"S-AV-01","Мира","capsule","hmd","device_outfit","machine","high_positive","intense","false","public/character-images/interactions-expanded/mira/capsule/hmd/device_outfit__machine__high_positive__intense.png"
"S-AV-01","Мира","capsule","hmd","nude","machine","high_negative","intense","false","public/character-images/interactions-expanded/mira/capsule/hmd/nude__machine__high_negative__intense.png"
"S-AV-01","Мира","capsule","hmd","device_outfit","machine","high_negative","intense","false","public/character-images/interactions-expanded/mira/capsule/hmd/device_outfit__machine__high_negative__intense.png"
"S-AV-01","Мира","capsule","hmd","nude","machine","subspace","intense","false","public/character-images/interactions-expanded/mira/capsule/hmd/nude__machine__subspace__intense.png"
"S-AV-01","Мира","capsule","hmd","device_outfit","machine","subspace","intense","false","public/character-images/interactions-expanded/mira/capsule/hmd/device_outfit__machine__subspace__intense.png"
"S-AV-01","Мира","capsule","hmd","nude","machine","climax","peak","false","public/character-images/interactions-expanded/mira/capsule/hmd/nude__machine__climax__peak.png"
"S-AV-01","Мира","capsule","hmd","device_outfit","machine","climax","peak","false","public/character-images/interactions-expanded/mira/capsule/hmd/device_outfit__machine__climax__peak.png"
"S-AV-01","Мира","capsule","hmd","nude","machine","high_negative","peak","false","public/character-images/interactions-expanded/mira/capsule/hmd/nude__machine__high_negative__peak.png"
"S-AV-01","Мира","capsule","hmd","device_outfit","machine","high_negative","peak","false","public/character-images/interactions-expanded/mira/capsule/hmd/device_outfit__machine__high_negative__peak.png"
"S-AV-01","Мира","capsule","machine","nude","machine","guarded","sustain","false","public/character-images/interactions-expanded/mira/capsule/machine/nude__machine__guarded__sustain.png"
"S-AV-01","Мира","capsule","machine","device_outfit","machine","guarded","sustain","false","public/character-images/interactions-expanded/mira/capsule/machine/device_outfit__machine__guarded__sustain.png"
"S-AV-01","Мира","capsule","machine","nude","machine","receptive","sustain","false","public/character-images/interactions-expanded/mira/capsule/machine/nude__machine__receptive__sustain.png"
"S-AV-01","Мира","capsule","machine","device_outfit","machine","receptive","sustain","false","public/character-images/interactions-expanded/mira/capsule/machine/device_outfit__machine__receptive__sustain.png"
"S-AV-01","Мира","capsule","machine","nude","machine","high_positive","intense","false","public/character-images/interactions-expanded/mira/capsule/machine/nude__machine__high_positive__intense.png"
"S-AV-01","Мира","capsule","machine","device_outfit","machine","high_positive","intense","false","public/character-images/interactions-expanded/mira/capsule/machine/device_outfit__machine__high_positive__intense.png"
"S-AV-01","Мира","capsule","machine","nude","machine","high_negative","intense","false","public/character-images/interactions-expanded/mira/capsule/machine/nude__machine__high_negative__intense.png"
"S-AV-01","Мира","capsule","machine","device_outfit","machine","high_negative","intense","false","public/character-images/interactions-expanded/mira/capsule/machine/device_outfit__machine__high_negative__intense.png"
"S-AV-01","Мира","capsule","machine","nude","machine","subspace","intense","false","public/character-images/interactions-expanded/mira/capsule/machine/nude__machine__subspace__intense.png"
"S-AV-01","Мира","capsule","machine","device_outfit","machine","subspace","intense","false","public/character-images/interactions-expanded/mira/capsule/machine/device_outfit__machine__subspace__intense.png"
"S-AV-01","Мира","capsule","machine","nude","machine","climax","peak","false","public/character-images/interactions-expanded/mira/capsule/machine/nude__machine__climax__peak.png"
"S-AV-01","Мира","capsule","machine","device_outfit","machine","climax","peak","false","public/character-images/interactions-expanded/mira/capsule/machine/device_outfit__machine__climax__peak.png"
"S-AV-01","Мира","capsule","machine","nude","machine","high_negative","peak","false","public/character-images/interactions-expanded/mira/capsule/machine/nude__machine__high_negative__peak.png"
"S-AV-01","Мира","capsule","machine","device_outfit","machine","high_negative","peak","false","public/character-images/interactions-expanded/mira/capsule/machine/device_outfit__machine__high_negative__peak.png"
"S-AV-01","Мира","capsule","electric","nude","machine","guarded","sustain","false","public/character-images/interactions-expanded/mira/capsule/electric/nude__machine__guarded__sustain.png"
"S-AV-01","Мира","capsule","electric","device_outfit","machine","guarded","sustain","false","public/character-images/interactions-expanded/mira/capsule/electric/device_outfit__machine__guarded__sustain.png"
"S-AV-01","Мира","capsule","electric","nude","machine","receptive","sustain","false","public/character-images/interactions-expanded/mira/capsule/electric/nude__machine__receptive__sustain.png"
"S-AV-01","Мира","capsule","electric","device_outfit","machine","receptive","sustain","false","public/character-images/interactions-expanded/mira/capsule/electric/device_outfit__machine__receptive__sustain.png"
"S-AV-01","Мира","capsule","electric","nude","machine","high_positive","intense","false","public/character-images/interactions-expanded/mira/capsule/electric/nude__machine__high_positive__intense.png"
"S-AV-01","Мира","capsule","electric","device_outfit","machine","high_positive","intense","false","public/character-images/interactions-expanded/mira/capsule/electric/device_outfit__machine__high_positive__intense.png"
"S-AV-01","Мира","capsule","electric","nude","machine","high_negative","intense","false","public/character-images/interactions-expanded/mira/capsule/electric/nude__machine__high_negative__intense.png"
"S-AV-01","Мира","capsule","electric","device_outfit","machine","high_negative","intense","false","public/character-images/interactions-expanded/mira/capsule/electric/device_outfit__machine__high_negative__intense.png"
"S-AV-01","Мира","capsule","electric","nude","machine","subspace","intense","false","public/character-images/interactions-expanded/mira/capsule/electric/nude__machine__subspace__intense.png"
"S-AV-01","Мира","capsule","electric","device_outfit","machine","subspace","intense","false","public/character-images/interactions-expanded/mira/capsule/electric/device_outfit__machine__subspace__intense.png"
"S-AV-01","Мира","capsule","electric","nude","machine","climax","peak","false","public/character-images/interactions-expanded/mira/capsule/electric/nude__machine__climax__peak.png"
"S-AV-01","Мира","capsule","electric","device_outfit","machine","climax","peak","false","public/character-images/interactions-expanded/mira/capsule/electric/device_outfit__machine__climax__peak.png"
"S-AV-01","Мира","capsule","electric","nude","machine","high_negative","peak","false","public/character-images/interactions-expanded/mira/capsule/electric/nude__machine__high_negative__peak.png"
"S-AV-01","Мира","capsule","electric","device_outfit","machine","high_negative","peak","false","public/character-images/interactions-expanded/mira/capsule/electric/device_outfit__machine__high_negative__peak.png"
"S-AV-01","Мира","capsule","glory","nude","machine","guarded","sustain","true","public/character-images/interactions-expanded/mira/capsule/glory/nude__machine__guarded__sustain.png"
"S-AV-01","Мира","capsule","glory","underwear","machine","guarded","sustain","true","public/character-images/interactions-expanded/mira/capsule/glory/underwear__machine__guarded__sustain.png"
"S-AV-01","Мира","capsule","glory","nude","machine","receptive","sustain","true","public/character-images/interactions-expanded/mira/capsule/glory/nude__machine__receptive__sustain.png"
"S-AV-01","Мира","capsule","glory","underwear","machine","receptive","sustain","true","public/character-images/interactions-expanded/mira/capsule/glory/underwear__machine__receptive__sustain.png"
"S-AV-01","Мира","capsule","glory","nude","machine","climax","peak","true","public/character-images/interactions-expanded/mira/capsule/glory/nude__machine__climax__peak.png"
"S-AV-01","Мира","capsule","glory","underwear","machine","climax","peak","true","public/character-images/interactions-expanded/mira/capsule/glory/underwear__machine__climax__peak.png"
"S-AV-01","Мира","capsule","glory","nude","machine","high_negative","peak","true","public/character-images/interactions-expanded/mira/capsule/glory/nude__machine__high_negative__peak.png"
"S-AV-01","Мира","capsule","glory","underwear","machine","high_negative","peak","true","public/character-images/interactions-expanded/mira/capsule/glory/underwear__machine__high_negative__peak.png"
"S-AV-01","Мира","lesbian","fingering_kiss","nude","free","guarded","sustain","false","public/character-images/interactions-expanded/mira/lesbian/fingering_kiss/nude__free__guarded__sustain.png"
"S-AV-01","Мира","lesbian","fingering_kiss","nude","wrists","guarded","sustain","false","public/character-images/interactions-expanded/mira/lesbian/fingering_kiss/nude__wrists__guarded__sustain.png"
"S-AV-01","Мира","lesbian","fingering_kiss","underwear","free","guarded","sustain","false","public/character-images/interactions-expanded/mira/lesbian/fingering_kiss/underwear__free__guarded__sustain.png"
"S-AV-01","Мира","lesbian","fingering_kiss","underwear","wrists","guarded","sustain","false","public/character-images/interactions-expanded/mira/lesbian/fingering_kiss/underwear__wrists__guarded__sustain.png"
"S-AV-01","Мира","lesbian","fingering_kiss","stockings","free","guarded","sustain","false","public/character-images/interactions-expanded/mira/lesbian/fingering_kiss/stockings__free__guarded__sustain.png"
"S-AV-01","Мира","lesbian","fingering_kiss","stockings","wrists","guarded","sustain","false","public/character-images/interactions-expanded/mira/lesbian/fingering_kiss/stockings__wrists__guarded__sustain.png"
"S-AV-01","Мира","lesbian","fingering_kiss","nude","free","receptive","sustain","false","public/character-images/interactions-expanded/mira/lesbian/fingering_kiss/nude__free__receptive__sustain.png"
"S-AV-01","Мира","lesbian","fingering_kiss","nude","wrists","receptive","sustain","false","public/character-images/interactions-expanded/mira/lesbian/fingering_kiss/nude__wrists__receptive__sustain.png"
"S-AV-01","Мира","lesbian","fingering_kiss","underwear","free","receptive","sustain","false","public/character-images/interactions-expanded/mira/lesbian/fingering_kiss/underwear__free__receptive__sustain.png"
"S-AV-01","Мира","lesbian","fingering_kiss","underwear","wrists","receptive","sustain","false","public/character-images/interactions-expanded/mira/lesbian/fingering_kiss/underwear__wrists__receptive__sustain.png"
"S-AV-01","Мира","lesbian","fingering_kiss","stockings","free","receptive","sustain","false","public/character-images/interactions-expanded/mira/lesbian/fingering_kiss/stockings__free__receptive__sustain.png"
"S-AV-01","Мира","lesbian","fingering_kiss","stockings","wrists","receptive","sustain","false","public/character-images/interactions-expanded/mira/lesbian/fingering_kiss/stockings__wrists__receptive__sustain.png"
"S-AV-01","Мира","lesbian","fingering_kiss","nude","free","high_positive","intense","false","public/character-images/interactions-expanded/mira/lesbian/fingering_kiss/nude__free__high_positive__intense.png"
"S-AV-01","Мира","lesbian","fingering_kiss","nude","wrists","high_positive","intense","false","public/character-images/interactions-expanded/mira/lesbian/fingering_kiss/nude__wrists__high_positive__intense.png"
"S-AV-01","Мира","lesbian","fingering_kiss","underwear","free","high_positive","intense","false","public/character-images/interactions-expanded/mira/lesbian/fingering_kiss/underwear__free__high_positive__intense.png"
"S-AV-01","Мира","lesbian","fingering_kiss","underwear","wrists","high_positive","intense","false","public/character-images/interactions-expanded/mira/lesbian/fingering_kiss/underwear__wrists__high_positive__intense.png"
"S-AV-01","Мира","lesbian","fingering_kiss","stockings","free","high_positive","intense","false","public/character-images/interactions-expanded/mira/lesbian/fingering_kiss/stockings__free__high_positive__intense.png"
"S-AV-01","Мира","lesbian","fingering_kiss","stockings","wrists","high_positive","intense","false","public/character-images/interactions-expanded/mira/lesbian/fingering_kiss/stockings__wrists__high_positive__intense.png"
"S-AV-01","Мира","lesbian","fingering_kiss","nude","free","high_negative","intense","false","public/character-images/interactions-expanded/mira/lesbian/fingering_kiss/nude__free__high_negative__intense.png"
"S-AV-01","Мира","lesbian","fingering_kiss","nude","wrists","high_negative","intense","false","public/character-images/interactions-expanded/mira/lesbian/fingering_kiss/nude__wrists__high_negative__intense.png"
"S-AV-01","Мира","lesbian","fingering_kiss","underwear","free","high_negative","intense","false","public/character-images/interactions-expanded/mira/lesbian/fingering_kiss/underwear__free__high_negative__intense.png"
"S-AV-01","Мира","lesbian","fingering_kiss","underwear","wrists","high_negative","intense","false","public/character-images/interactions-expanded/mira/lesbian/fingering_kiss/underwear__wrists__high_negative__intense.png"
"S-AV-01","Мира","lesbian","fingering_kiss","stockings","free","high_negative","intense","false","public/character-images/interactions-expanded/mira/lesbian/fingering_kiss/stockings__free__high_negative__intense.png"
"S-AV-01","Мира","lesbian","fingering_kiss","stockings","wrists","high_negative","intense","false","public/character-images/interactions-expanded/mira/lesbian/fingering_kiss/stockings__wrists__high_negative__intense.png"
"S-AV-01","Мира","lesbian","fingering_kiss","nude","free","subspace","intense","false","public/character-images/interactions-expanded/mira/lesbian/fingering_kiss/nude__free__subspace__intense.png"
"S-AV-01","Мира","lesbian","fingering_kiss","nude","wrists","subspace","intense","false","public/character-images/interactions-expanded/mira/lesbian/fingering_kiss/nude__wrists__subspace__intense.png"
"S-AV-01","Мира","lesbian","fingering_kiss","underwear","free","subspace","intense","false","public/character-images/interactions-expanded/mira/lesbian/fingering_kiss/underwear__free__subspace__intense.png"
"S-AV-01","Мира","lesbian","fingering_kiss","underwear","wrists","subspace","intense","false","public/character-images/interactions-expanded/mira/lesbian/fingering_kiss/underwear__wrists__subspace__intense.png"
"S-AV-01","Мира","lesbian","fingering_kiss","stockings","free","subspace","intense","false","public/character-images/interactions-expanded/mira/lesbian/fingering_kiss/stockings__free__subspace__intense.png"
"S-AV-01","Мира","lesbian","fingering_kiss","stockings","wrists","subspace","intense","false","public/character-images/interactions-expanded/mira/lesbian/fingering_kiss/stockings__wrists__subspace__intense.png"
"S-AV-01","Мира","lesbian","fingering_kiss","nude","free","climax","peak","false","public/character-images/interactions-expanded/mira/lesbian/fingering_kiss/nude__free__climax__peak.png"
"S-AV-01","Мира","lesbian","fingering_kiss","nude","wrists","climax","peak","false","public/character-images/interactions-expanded/mira/lesbian/fingering_kiss/nude__wrists__climax__peak.png"
"S-AV-01","Мира","lesbian","fingering_kiss","underwear","free","climax","peak","false","public/character-images/interactions-expanded/mira/lesbian/fingering_kiss/underwear__free__climax__peak.png"
"S-AV-01","Мира","lesbian","fingering_kiss","underwear","wrists","climax","peak","false","public/character-images/interactions-expanded/mira/lesbian/fingering_kiss/underwear__wrists__climax__peak.png"
"S-AV-01","Мира","lesbian","fingering_kiss","stockings","free","climax","peak","false","public/character-images/interactions-expanded/mira/lesbian/fingering_kiss/stockings__free__climax__peak.png"
"S-AV-01","Мира","lesbian","fingering_kiss","stockings","wrists","climax","peak","false","public/character-images/interactions-expanded/mira/lesbian/fingering_kiss/stockings__wrists__climax__peak.png"
"S-AV-01","Мира","lesbian","fingering_kiss","nude","free","high_negative","peak","false","public/character-images/interactions-expanded/mira/lesbian/fingering_kiss/nude__free__high_negative__peak.png"
"S-AV-01","Мира","lesbian","fingering_kiss","nude","wrists","high_negative","peak","false","public/character-images/interactions-expanded/mira/lesbian/fingering_kiss/nude__wrists__high_negative__peak.png"
"S-AV-01","Мира","lesbian","fingering_kiss","underwear","free","high_negative","peak","false","public/character-images/interactions-expanded/mira/lesbian/fingering_kiss/underwear__free__high_negative__peak.png"
"S-AV-01","Мира","lesbian","fingering_kiss","underwear","wrists","high_negative","peak","false","public/character-images/interactions-expanded/mira/lesbian/fingering_kiss/underwear__wrists__high_negative__peak.png"
"S-AV-01","Мира","lesbian","fingering_kiss","stockings","free","high_negative","peak","false","public/character-images/interactions-expanded/mira/lesbian/fingering_kiss/stockings__free__high_negative__peak.png"
"S-AV-01","Мира","lesbian","fingering_kiss","stockings","wrists","high_negative","peak","false","public/character-images/interactions-expanded/mira/lesbian/fingering_kiss/stockings__wrists__high_negative__peak.png"
"S-AV-01","Мира","lesbian","facesitting","nude","free","guarded","sustain","false","public/character-images/interactions-expanded/mira/lesbian/facesitting/nude__free__guarded__sustain.png"
"S-AV-01","Мира","lesbian","facesitting","nude","wrists","guarded","sustain","false","public/character-images/interactions-expanded/mira/lesbian/facesitting/nude__wrists__guarded__sustain.png"
"S-AV-01","Мира","lesbian","facesitting","underwear","free","guarded","sustain","false","public/character-images/interactions-expanded/mira/lesbian/facesitting/underwear__free__guarded__sustain.png"
"S-AV-01","Мира","lesbian","facesitting","underwear","wrists","guarded","sustain","false","public/character-images/interactions-expanded/mira/lesbian/facesitting/underwear__wrists__guarded__sustain.png"
"S-AV-01","Мира","lesbian","facesitting","stockings","free","guarded","sustain","false","public/character-images/interactions-expanded/mira/lesbian/facesitting/stockings__free__guarded__sustain.png"
"S-AV-01","Мира","lesbian","facesitting","stockings","wrists","guarded","sustain","false","public/character-images/interactions-expanded/mira/lesbian/facesitting/stockings__wrists__guarded__sustain.png"
"S-AV-01","Мира","lesbian","facesitting","nude","free","receptive","sustain","false","public/character-images/interactions-expanded/mira/lesbian/facesitting/nude__free__receptive__sustain.png"
"S-AV-01","Мира","lesbian","facesitting","nude","wrists","receptive","sustain","false","public/character-images/interactions-expanded/mira/lesbian/facesitting/nude__wrists__receptive__sustain.png"
"S-AV-01","Мира","lesbian","facesitting","underwear","free","receptive","sustain","false","public/character-images/interactions-expanded/mira/lesbian/facesitting/underwear__free__receptive__sustain.png"
"S-AV-01","Мира","lesbian","facesitting","underwear","wrists","receptive","sustain","false","public/character-images/interactions-expanded/mira/lesbian/facesitting/underwear__wrists__receptive__sustain.png"
"S-AV-01","Мира","lesbian","facesitting","stockings","free","receptive","sustain","false","public/character-images/interactions-expanded/mira/lesbian/facesitting/stockings__free__receptive__sustain.png"
"S-AV-01","Мира","lesbian","facesitting","stockings","wrists","receptive","sustain","false","public/character-images/interactions-expanded/mira/lesbian/facesitting/stockings__wrists__receptive__sustain.png"
"S-AV-01","Мира","lesbian","facesitting","nude","free","high_positive","intense","false","public/character-images/interactions-expanded/mira/lesbian/facesitting/nude__free__high_positive__intense.png"
"S-AV-01","Мира","lesbian","facesitting","nude","wrists","high_positive","intense","false","public/character-images/interactions-expanded/mira/lesbian/facesitting/nude__wrists__high_positive__intense.png"
"S-AV-01","Мира","lesbian","facesitting","underwear","free","high_positive","intense","false","public/character-images/interactions-expanded/mira/lesbian/facesitting/underwear__free__high_positive__intense.png"
"S-AV-01","Мира","lesbian","facesitting","underwear","wrists","high_positive","intense","false","public/character-images/interactions-expanded/mira/lesbian/facesitting/underwear__wrists__high_positive__intense.png"
"S-AV-01","Мира","lesbian","facesitting","stockings","free","high_positive","intense","false","public/character-images/interactions-expanded/mira/lesbian/facesitting/stockings__free__high_positive__intense.png"
"S-AV-01","Мира","lesbian","facesitting","stockings","wrists","high_positive","intense","false","public/character-images/interactions-expanded/mira/lesbian/facesitting/stockings__wrists__high_positive__intense.png"
"S-AV-01","Мира","lesbian","facesitting","nude","free","high_negative","intense","false","public/character-images/interactions-expanded/mira/lesbian/facesitting/nude__free__high_negative__intense.png"
"S-AV-01","Мира","lesbian","facesitting","nude","wrists","high_negative","intense","false","public/character-images/interactions-expanded/mira/lesbian/facesitting/nude__wrists__high_negative__intense.png"
"S-AV-01","Мира","lesbian","facesitting","underwear","free","high_negative","intense","false","public/character-images/interactions-expanded/mira/lesbian/facesitting/underwear__free__high_negative__intense.png"
"S-AV-01","Мира","lesbian","facesitting","underwear","wrists","high_negative","intense","false","public/character-images/interactions-expanded/mira/lesbian/facesitting/underwear__wrists__high_negative__intense.png"
"S-AV-01","Мира","lesbian","facesitting","stockings","free","high_negative","intense","false","public/character-images/interactions-expanded/mira/lesbian/facesitting/stockings__free__high_negative__intense.png"
"S-AV-01","Мира","lesbian","facesitting","stockings","wrists","high_negative","intense","false","public/character-images/interactions-expanded/mira/lesbian/facesitting/stockings__wrists__high_negative__intense.png"
"S-AV-01","Мира","lesbian","facesitting","nude","free","subspace","intense","false","public/character-images/interactions-expanded/mira/lesbian/facesitting/nude__free__subspace__intense.png"
"S-AV-01","Мира","lesbian","facesitting","nude","wrists","subspace","intense","false","public/character-images/interactions-expanded/mira/lesbian/facesitting/nude__wrists__subspace__intense.png"
"S-AV-01","Мира","lesbian","facesitting","underwear","free","subspace","intense","false","public/character-images/interactions-expanded/mira/lesbian/facesitting/underwear__free__subspace__intense.png"
"S-AV-01","Мира","lesbian","facesitting","underwear","wrists","subspace","intense","false","public/character-images/interactions-expanded/mira/lesbian/facesitting/underwear__wrists__subspace__intense.png"
"S-AV-01","Мира","lesbian","facesitting","stockings","free","subspace","intense","false","public/character-images/interactions-expanded/mira/lesbian/facesitting/stockings__free__subspace__intense.png"
"S-AV-01","Мира","lesbian","facesitting","stockings","wrists","subspace","intense","false","public/character-images/interactions-expanded/mira/lesbian/facesitting/stockings__wrists__subspace__intense.png"
"S-AV-01","Мира","lesbian","facesitting","nude","free","climax","peak","false","public/character-images/interactions-expanded/mira/lesbian/facesitting/nude__free__climax__peak.png"
"S-AV-01","Мира","lesbian","facesitting","nude","wrists","climax","peak","false","public/character-images/interactions-expanded/mira/lesbian/facesitting/nude__wrists__climax__peak.png"
"S-AV-01","Мира","lesbian","facesitting","underwear","free","climax","peak","false","public/character-images/interactions-expanded/mira/lesbian/facesitting/underwear__free__climax__peak.png"
"S-AV-01","Мира","lesbian","facesitting","underwear","wrists","climax","peak","false","public/character-images/interactions-expanded/mira/lesbian/facesitting/underwear__wrists__climax__peak.png"
"S-AV-01","Мира","lesbian","facesitting","stockings","free","climax","peak","false","public/character-images/interactions-expanded/mira/lesbian/facesitting/stockings__free__climax__peak.png"
"S-AV-01","Мира","lesbian","facesitting","stockings","wrists","climax","peak","false","public/character-images/interactions-expanded/mira/lesbian/facesitting/stockings__wrists__climax__peak.png"
"S-AV-01","Мира","lesbian","facesitting","nude","free","high_negative","peak","false","public/character-images/interactions-expanded/mira/lesbian/facesitting/nude__free__high_negative__peak.png"
"S-AV-01","Мира","lesbian","facesitting","nude","wrists","high_negative","peak","false","public/character-images/interactions-expanded/mira/lesbian/facesitting/nude__wrists__high_negative__peak.png"
"S-AV-01","Мира","lesbian","facesitting","underwear","free","high_negative","peak","false","public/character-images/interactions-expanded/mira/lesbian/facesitting/underwear__free__high_negative__peak.png"
"S-AV-01","Мира","lesbian","facesitting","underwear","wrists","high_negative","peak","false","public/character-images/interactions-expanded/mira/lesbian/facesitting/underwear__wrists__high_negative__peak.png"
"S-AV-01","Мира","lesbian","facesitting","stockings","free","high_negative","peak","false","public/character-images/interactions-expanded/mira/lesbian/facesitting/stockings__free__high_negative__peak.png"
"S-AV-01","Мира","lesbian","facesitting","stockings","wrists","high_negative","peak","false","public/character-images/interactions-expanded/mira/lesbian/facesitting/stockings__wrists__high_negative__peak.png"
"NPC-LAB-01","Иона","vibration","handheld","nude","free","guarded","sustain","false","public/character-images/interactions-expanded/iona/vibration/handheld/nude__free__guarded__sustain.png"
"NPC-LAB-01","Иона","vibration","handheld","nude","wrists","guarded","sustain","false","public/character-images/interactions-expanded/iona/vibration/handheld/nude__wrists__guarded__sustain.png"
"NPC-LAB-01","Иона","vibration","handheld","underwear","free","guarded","sustain","false","public/character-images/interactions-expanded/iona/vibration/handheld/underwear__free__guarded__sustain.png"
"NPC-LAB-01","Иона","vibration","handheld","underwear","wrists","guarded","sustain","false","public/character-images/interactions-expanded/iona/vibration/handheld/underwear__wrists__guarded__sustain.png"
"NPC-LAB-01","Иона","vibration","handheld","stockings","free","guarded","sustain","false","public/character-images/interactions-expanded/iona/vibration/handheld/stockings__free__guarded__sustain.png"
"NPC-LAB-01","Иона","vibration","handheld","stockings","wrists","guarded","sustain","false","public/character-images/interactions-expanded/iona/vibration/handheld/stockings__wrists__guarded__sustain.png"
"NPC-LAB-01","Иона","vibration","handheld","nude","free","receptive","sustain","false","public/character-images/interactions-expanded/iona/vibration/handheld/nude__free__receptive__sustain.png"
"NPC-LAB-01","Иона","vibration","handheld","nude","wrists","receptive","sustain","false","public/character-images/interactions-expanded/iona/vibration/handheld/nude__wrists__receptive__sustain.png"
"NPC-LAB-01","Иона","vibration","handheld","underwear","free","receptive","sustain","false","public/character-images/interactions-expanded/iona/vibration/handheld/underwear__free__receptive__sustain.png"
"NPC-LAB-01","Иона","vibration","handheld","underwear","wrists","receptive","sustain","false","public/character-images/interactions-expanded/iona/vibration/handheld/underwear__wrists__receptive__sustain.png"
"NPC-LAB-01","Иона","vibration","handheld","stockings","free","receptive","sustain","false","public/character-images/interactions-expanded/iona/vibration/handheld/stockings__free__receptive__sustain.png"
"NPC-LAB-01","Иона","vibration","handheld","stockings","wrists","receptive","sustain","false","public/character-images/interactions-expanded/iona/vibration/handheld/stockings__wrists__receptive__sustain.png"
"NPC-LAB-01","Иона","vibration","handheld","nude","free","high_positive","intense","false","public/character-images/interactions-expanded/iona/vibration/handheld/nude__free__high_positive__intense.png"
"NPC-LAB-01","Иона","vibration","handheld","nude","wrists","high_positive","intense","false","public/character-images/interactions-expanded/iona/vibration/handheld/nude__wrists__high_positive__intense.png"
"NPC-LAB-01","Иона","vibration","handheld","underwear","free","high_positive","intense","false","public/character-images/interactions-expanded/iona/vibration/handheld/underwear__free__high_positive__intense.png"
"NPC-LAB-01","Иона","vibration","handheld","underwear","wrists","high_positive","intense","false","public/character-images/interactions-expanded/iona/vibration/handheld/underwear__wrists__high_positive__intense.png"
"NPC-LAB-01","Иона","vibration","handheld","stockings","free","high_positive","intense","false","public/character-images/interactions-expanded/iona/vibration/handheld/stockings__free__high_positive__intense.png"
"NPC-LAB-01","Иона","vibration","handheld","stockings","wrists","high_positive","intense","false","public/character-images/interactions-expanded/iona/vibration/handheld/stockings__wrists__high_positive__intense.png"
"NPC-LAB-01","Иона","vibration","handheld","nude","free","high_negative","intense","false","public/character-images/interactions-expanded/iona/vibration/handheld/nude__free__high_negative__intense.png"
"NPC-LAB-01","Иона","vibration","handheld","nude","wrists","high_negative","intense","false","public/character-images/interactions-expanded/iona/vibration/handheld/nude__wrists__high_negative__intense.png"
"NPC-LAB-01","Иона","vibration","handheld","underwear","free","high_negative","intense","false","public/character-images/interactions-expanded/iona/vibration/handheld/underwear__free__high_negative__intense.png"
"NPC-LAB-01","Иона","vibration","handheld","underwear","wrists","high_negative","intense","false","public/character-images/interactions-expanded/iona/vibration/handheld/underwear__wrists__high_negative__intense.png"
"NPC-LAB-01","Иона","vibration","handheld","stockings","free","high_negative","intense","false","public/character-images/interactions-expanded/iona/vibration/handheld/stockings__free__high_negative__intense.png"
"NPC-LAB-01","Иона","vibration","handheld","stockings","wrists","high_negative","intense","false","public/character-images/interactions-expanded/iona/vibration/handheld/stockings__wrists__high_negative__intense.png"
"NPC-LAB-01","Иона","vibration","handheld","nude","free","subspace","intense","false","public/character-images/interactions-expanded/iona/vibration/handheld/nude__free__subspace__intense.png"
"NPC-LAB-01","Иона","vibration","handheld","nude","wrists","subspace","intense","false","public/character-images/interactions-expanded/iona/vibration/handheld/nude__wrists__subspace__intense.png"
"NPC-LAB-01","Иона","vibration","handheld","underwear","free","subspace","intense","false","public/character-images/interactions-expanded/iona/vibration/handheld/underwear__free__subspace__intense.png"
"NPC-LAB-01","Иона","vibration","handheld","underwear","wrists","subspace","intense","false","public/character-images/interactions-expanded/iona/vibration/handheld/underwear__wrists__subspace__intense.png"
"NPC-LAB-01","Иона","vibration","handheld","stockings","free","subspace","intense","false","public/character-images/interactions-expanded/iona/vibration/handheld/stockings__free__subspace__intense.png"
"NPC-LAB-01","Иона","vibration","handheld","stockings","wrists","subspace","intense","false","public/character-images/interactions-expanded/iona/vibration/handheld/stockings__wrists__subspace__intense.png"
"NPC-LAB-01","Иона","vibration","handheld","nude","free","climax","peak","false","public/character-images/interactions-expanded/iona/vibration/handheld/nude__free__climax__peak.png"
"NPC-LAB-01","Иона","vibration","handheld","nude","wrists","climax","peak","false","public/character-images/interactions-expanded/iona/vibration/handheld/nude__wrists__climax__peak.png"
"NPC-LAB-01","Иона","vibration","handheld","underwear","free","climax","peak","false","public/character-images/interactions-expanded/iona/vibration/handheld/underwear__free__climax__peak.png"
"NPC-LAB-01","Иона","vibration","handheld","underwear","wrists","climax","peak","false","public/character-images/interactions-expanded/iona/vibration/handheld/underwear__wrists__climax__peak.png"
"NPC-LAB-01","Иона","vibration","handheld","stockings","free","climax","peak","false","public/character-images/interactions-expanded/iona/vibration/handheld/stockings__free__climax__peak.png"
"NPC-LAB-01","Иона","vibration","handheld","stockings","wrists","climax","peak","false","public/character-images/interactions-expanded/iona/vibration/handheld/stockings__wrists__climax__peak.png"
"NPC-LAB-01","Иона","vibration","handheld","nude","free","high_negative","peak","false","public/character-images/interactions-expanded/iona/vibration/handheld/nude__free__high_negative__peak.png"
"NPC-LAB-01","Иона","vibration","handheld","nude","wrists","high_negative","peak","false","public/character-images/interactions-expanded/iona/vibration/handheld/nude__wrists__high_negative__peak.png"
"NPC-LAB-01","Иона","vibration","handheld","underwear","free","high_negative","peak","false","public/character-images/interactions-expanded/iona/vibration/handheld/underwear__free__high_negative__peak.png"
"NPC-LAB-01","Иона","vibration","handheld","underwear","wrists","high_negative","peak","false","public/character-images/interactions-expanded/iona/vibration/handheld/underwear__wrists__high_negative__peak.png"
"NPC-LAB-01","Иона","vibration","handheld","stockings","free","high_negative","peak","false","public/character-images/interactions-expanded/iona/vibration/handheld/stockings__free__high_negative__peak.png"
"NPC-LAB-01","Иона","vibration","handheld","stockings","wrists","high_negative","peak","false","public/character-images/interactions-expanded/iona/vibration/handheld/stockings__wrists__high_negative__peak.png"
"NPC-LAB-01","Иона","vibration","internal","nude","free","guarded","sustain","false","public/character-images/interactions-expanded/iona/vibration/internal/nude__free__guarded__sustain.png"
"NPC-LAB-01","Иона","vibration","internal","nude","wrists","guarded","sustain","false","public/character-images/interactions-expanded/iona/vibration/internal/nude__wrists__guarded__sustain.png"
"NPC-LAB-01","Иона","vibration","internal","underwear","free","guarded","sustain","false","public/character-images/interactions-expanded/iona/vibration/internal/underwear__free__guarded__sustain.png"
"NPC-LAB-01","Иона","vibration","internal","underwear","wrists","guarded","sustain","false","public/character-images/interactions-expanded/iona/vibration/internal/underwear__wrists__guarded__sustain.png"
"NPC-LAB-01","Иона","vibration","internal","stockings","free","guarded","sustain","false","public/character-images/interactions-expanded/iona/vibration/internal/stockings__free__guarded__sustain.png"
"NPC-LAB-01","Иона","vibration","internal","stockings","wrists","guarded","sustain","false","public/character-images/interactions-expanded/iona/vibration/internal/stockings__wrists__guarded__sustain.png"
"NPC-LAB-01","Иона","vibration","internal","nude","free","receptive","sustain","false","public/character-images/interactions-expanded/iona/vibration/internal/nude__free__receptive__sustain.png"
"NPC-LAB-01","Иона","vibration","internal","nude","wrists","receptive","sustain","false","public/character-images/interactions-expanded/iona/vibration/internal/nude__wrists__receptive__sustain.png"
"NPC-LAB-01","Иона","vibration","internal","underwear","free","receptive","sustain","false","public/character-images/interactions-expanded/iona/vibration/internal/underwear__free__receptive__sustain.png"
"NPC-LAB-01","Иона","vibration","internal","underwear","wrists","receptive","sustain","false","public/character-images/interactions-expanded/iona/vibration/internal/underwear__wrists__receptive__sustain.png"
"NPC-LAB-01","Иона","vibration","internal","stockings","free","receptive","sustain","false","public/character-images/interactions-expanded/iona/vibration/internal/stockings__free__receptive__sustain.png"
"NPC-LAB-01","Иона","vibration","internal","stockings","wrists","receptive","sustain","false","public/character-images/interactions-expanded/iona/vibration/internal/stockings__wrists__receptive__sustain.png"
"NPC-LAB-01","Иона","vibration","internal","nude","free","high_positive","intense","false","public/character-images/interactions-expanded/iona/vibration/internal/nude__free__high_positive__intense.png"
"NPC-LAB-01","Иона","vibration","internal","nude","wrists","high_positive","intense","false","public/character-images/interactions-expanded/iona/vibration/internal/nude__wrists__high_positive__intense.png"
"NPC-LAB-01","Иона","vibration","internal","underwear","free","high_positive","intense","false","public/character-images/interactions-expanded/iona/vibration/internal/underwear__free__high_positive__intense.png"
"NPC-LAB-01","Иона","vibration","internal","underwear","wrists","high_positive","intense","false","public/character-images/interactions-expanded/iona/vibration/internal/underwear__wrists__high_positive__intense.png"
"NPC-LAB-01","Иона","vibration","internal","stockings","free","high_positive","intense","false","public/character-images/interactions-expanded/iona/vibration/internal/stockings__free__high_positive__intense.png"
"NPC-LAB-01","Иона","vibration","internal","stockings","wrists","high_positive","intense","false","public/character-images/interactions-expanded/iona/vibration/internal/stockings__wrists__high_positive__intense.png"
"NPC-LAB-01","Иона","vibration","internal","nude","free","high_negative","intense","false","public/character-images/interactions-expanded/iona/vibration/internal/nude__free__high_negative__intense.png"
"NPC-LAB-01","Иона","vibration","internal","nude","wrists","high_negative","intense","false","public/character-images/interactions-expanded/iona/vibration/internal/nude__wrists__high_negative__intense.png"
"NPC-LAB-01","Иона","vibration","internal","underwear","free","high_negative","intense","false","public/character-images/interactions-expanded/iona/vibration/internal/underwear__free__high_negative__intense.png"
"NPC-LAB-01","Иона","vibration","internal","underwear","wrists","high_negative","intense","false","public/character-images/interactions-expanded/iona/vibration/internal/underwear__wrists__high_negative__intense.png"
"NPC-LAB-01","Иона","vibration","internal","stockings","free","high_negative","intense","false","public/character-images/interactions-expanded/iona/vibration/internal/stockings__free__high_negative__intense.png"
"NPC-LAB-01","Иона","vibration","internal","stockings","wrists","high_negative","intense","false","public/character-images/interactions-expanded/iona/vibration/internal/stockings__wrists__high_negative__intense.png"
"NPC-LAB-01","Иона","vibration","internal","nude","free","subspace","intense","false","public/character-images/interactions-expanded/iona/vibration/internal/nude__free__subspace__intense.png"
"NPC-LAB-01","Иона","vibration","internal","nude","wrists","subspace","intense","false","public/character-images/interactions-expanded/iona/vibration/internal/nude__wrists__subspace__intense.png"
"NPC-LAB-01","Иона","vibration","internal","underwear","free","subspace","intense","false","public/character-images/interactions-expanded/iona/vibration/internal/underwear__free__subspace__intense.png"
"NPC-LAB-01","Иона","vibration","internal","underwear","wrists","subspace","intense","false","public/character-images/interactions-expanded/iona/vibration/internal/underwear__wrists__subspace__intense.png"
"NPC-LAB-01","Иона","vibration","internal","stockings","free","subspace","intense","false","public/character-images/interactions-expanded/iona/vibration/internal/stockings__free__subspace__intense.png"
"NPC-LAB-01","Иона","vibration","internal","stockings","wrists","subspace","intense","false","public/character-images/interactions-expanded/iona/vibration/internal/stockings__wrists__subspace__intense.png"
"NPC-LAB-01","Иона","vibration","internal","nude","free","climax","peak","false","public/character-images/interactions-expanded/iona/vibration/internal/nude__free__climax__peak.png"
"NPC-LAB-01","Иона","vibration","internal","nude","wrists","climax","peak","false","public/character-images/interactions-expanded/iona/vibration/internal/nude__wrists__climax__peak.png"
"NPC-LAB-01","Иона","vibration","internal","underwear","free","climax","peak","false","public/character-images/interactions-expanded/iona/vibration/internal/underwear__free__climax__peak.png"
"NPC-LAB-01","Иона","vibration","internal","underwear","wrists","climax","peak","false","public/character-images/interactions-expanded/iona/vibration/internal/underwear__wrists__climax__peak.png"
"NPC-LAB-01","Иона","vibration","internal","stockings","free","climax","peak","false","public/character-images/interactions-expanded/iona/vibration/internal/stockings__free__climax__peak.png"
"NPC-LAB-01","Иона","vibration","internal","stockings","wrists","climax","peak","false","public/character-images/interactions-expanded/iona/vibration/internal/stockings__wrists__climax__peak.png"
"NPC-LAB-01","Иона","vibration","internal","nude","free","high_negative","peak","false","public/character-images/interactions-expanded/iona/vibration/internal/nude__free__high_negative__peak.png"
"NPC-LAB-01","Иона","vibration","internal","nude","wrists","high_negative","peak","false","public/character-images/interactions-expanded/iona/vibration/internal/nude__wrists__high_negative__peak.png"
"NPC-LAB-01","Иона","vibration","internal","underwear","free","high_negative","peak","false","public/character-images/interactions-expanded/iona/vibration/internal/underwear__free__high_negative__peak.png"
"NPC-LAB-01","Иона","vibration","internal","underwear","wrists","high_negative","peak","false","public/character-images/interactions-expanded/iona/vibration/internal/underwear__wrists__high_negative__peak.png"
"NPC-LAB-01","Иона","vibration","internal","stockings","free","high_negative","peak","false","public/character-images/interactions-expanded/iona/vibration/internal/stockings__free__high_negative__peak.png"
"NPC-LAB-01","Иона","vibration","internal","stockings","wrists","high_negative","peak","false","public/character-images/interactions-expanded/iona/vibration/internal/stockings__wrists__high_negative__peak.png"
"NPC-LAB-01","Иона","vibration","machine","nude","machine","guarded","sustain","false","public/character-images/interactions-expanded/iona/vibration/machine/nude__machine__guarded__sustain.png"
"NPC-LAB-01","Иона","vibration","machine","device_outfit","machine","guarded","sustain","false","public/character-images/interactions-expanded/iona/vibration/machine/device_outfit__machine__guarded__sustain.png"
"NPC-LAB-01","Иона","vibration","machine","nude","machine","receptive","sustain","false","public/character-images/interactions-expanded/iona/vibration/machine/nude__machine__receptive__sustain.png"
"NPC-LAB-01","Иона","vibration","machine","device_outfit","machine","receptive","sustain","false","public/character-images/interactions-expanded/iona/vibration/machine/device_outfit__machine__receptive__sustain.png"
"NPC-LAB-01","Иона","vibration","machine","nude","machine","high_positive","intense","false","public/character-images/interactions-expanded/iona/vibration/machine/nude__machine__high_positive__intense.png"
"NPC-LAB-01","Иона","vibration","machine","device_outfit","machine","high_positive","intense","false","public/character-images/interactions-expanded/iona/vibration/machine/device_outfit__machine__high_positive__intense.png"
"NPC-LAB-01","Иона","vibration","machine","nude","machine","high_negative","intense","false","public/character-images/interactions-expanded/iona/vibration/machine/nude__machine__high_negative__intense.png"
"NPC-LAB-01","Иона","vibration","machine","device_outfit","machine","high_negative","intense","false","public/character-images/interactions-expanded/iona/vibration/machine/device_outfit__machine__high_negative__intense.png"
"NPC-LAB-01","Иона","vibration","machine","nude","machine","subspace","intense","false","public/character-images/interactions-expanded/iona/vibration/machine/nude__machine__subspace__intense.png"
"NPC-LAB-01","Иона","vibration","machine","device_outfit","machine","subspace","intense","false","public/character-images/interactions-expanded/iona/vibration/machine/device_outfit__machine__subspace__intense.png"
"NPC-LAB-01","Иона","vibration","machine","nude","machine","climax","peak","false","public/character-images/interactions-expanded/iona/vibration/machine/nude__machine__climax__peak.png"
"NPC-LAB-01","Иона","vibration","machine","device_outfit","machine","climax","peak","false","public/character-images/interactions-expanded/iona/vibration/machine/device_outfit__machine__climax__peak.png"
"NPC-LAB-01","Иона","vibration","machine","nude","machine","high_negative","peak","false","public/character-images/interactions-expanded/iona/vibration/machine/nude__machine__high_negative__peak.png"
"NPC-LAB-01","Иона","vibration","machine","device_outfit","machine","high_negative","peak","false","public/character-images/interactions-expanded/iona/vibration/machine/device_outfit__machine__high_negative__peak.png"
"NPC-LAB-01","Иона","sex_machine","stirrups","nude","machine","guarded","sustain","false","public/character-images/interactions-expanded/iona/sex_machine/stirrups/nude__machine__guarded__sustain.png"
"NPC-LAB-01","Иона","sex_machine","stirrups","device_outfit","machine","guarded","sustain","false","public/character-images/interactions-expanded/iona/sex_machine/stirrups/device_outfit__machine__guarded__sustain.png"
"NPC-LAB-01","Иона","sex_machine","stirrups","nude","machine","receptive","sustain","false","public/character-images/interactions-expanded/iona/sex_machine/stirrups/nude__machine__receptive__sustain.png"
"NPC-LAB-01","Иона","sex_machine","stirrups","device_outfit","machine","receptive","sustain","false","public/character-images/interactions-expanded/iona/sex_machine/stirrups/device_outfit__machine__receptive__sustain.png"
"NPC-LAB-01","Иона","sex_machine","stirrups","nude","machine","high_positive","intense","false","public/character-images/interactions-expanded/iona/sex_machine/stirrups/nude__machine__high_positive__intense.png"
"NPC-LAB-01","Иона","sex_machine","stirrups","device_outfit","machine","high_positive","intense","false","public/character-images/interactions-expanded/iona/sex_machine/stirrups/device_outfit__machine__high_positive__intense.png"
"NPC-LAB-01","Иона","sex_machine","stirrups","nude","machine","high_negative","intense","false","public/character-images/interactions-expanded/iona/sex_machine/stirrups/nude__machine__high_negative__intense.png"
"NPC-LAB-01","Иона","sex_machine","stirrups","device_outfit","machine","high_negative","intense","false","public/character-images/interactions-expanded/iona/sex_machine/stirrups/device_outfit__machine__high_negative__intense.png"
"NPC-LAB-01","Иона","sex_machine","stirrups","nude","machine","subspace","intense","false","public/character-images/interactions-expanded/iona/sex_machine/stirrups/nude__machine__subspace__intense.png"
"NPC-LAB-01","Иона","sex_machine","stirrups","device_outfit","machine","subspace","intense","false","public/character-images/interactions-expanded/iona/sex_machine/stirrups/device_outfit__machine__subspace__intense.png"
"NPC-LAB-01","Иона","sex_machine","stirrups","nude","machine","climax","peak","false","public/character-images/interactions-expanded/iona/sex_machine/stirrups/nude__machine__climax__peak.png"
"NPC-LAB-01","Иона","sex_machine","stirrups","device_outfit","machine","climax","peak","false","public/character-images/interactions-expanded/iona/sex_machine/stirrups/device_outfit__machine__climax__peak.png"
"NPC-LAB-01","Иона","sex_machine","stirrups","nude","machine","high_negative","peak","false","public/character-images/interactions-expanded/iona/sex_machine/stirrups/nude__machine__high_negative__peak.png"
"NPC-LAB-01","Иона","sex_machine","stirrups","device_outfit","machine","high_negative","peak","false","public/character-images/interactions-expanded/iona/sex_machine/stirrups/device_outfit__machine__high_negative__peak.png"
"NPC-LAB-01","Иона","sex_machine","restrained","nude","spread","guarded","sustain","false","public/character-images/interactions-expanded/iona/sex_machine/restrained/nude__spread__guarded__sustain.png"
"NPC-LAB-01","Иона","sex_machine","restrained","nude","machine","guarded","sustain","false","public/character-images/interactions-expanded/iona/sex_machine/restrained/nude__machine__guarded__sustain.png"
"NPC-LAB-01","Иона","sex_machine","restrained","underwear","spread","guarded","sustain","false","public/character-images/interactions-expanded/iona/sex_machine/restrained/underwear__spread__guarded__sustain.png"
"NPC-LAB-01","Иона","sex_machine","restrained","underwear","machine","guarded","sustain","false","public/character-images/interactions-expanded/iona/sex_machine/restrained/underwear__machine__guarded__sustain.png"
"NPC-LAB-01","Иона","sex_machine","restrained","nude","spread","receptive","sustain","false","public/character-images/interactions-expanded/iona/sex_machine/restrained/nude__spread__receptive__sustain.png"
"NPC-LAB-01","Иона","sex_machine","restrained","nude","machine","receptive","sustain","false","public/character-images/interactions-expanded/iona/sex_machine/restrained/nude__machine__receptive__sustain.png"
"NPC-LAB-01","Иона","sex_machine","restrained","underwear","spread","receptive","sustain","false","public/character-images/interactions-expanded/iona/sex_machine/restrained/underwear__spread__receptive__sustain.png"
"NPC-LAB-01","Иона","sex_machine","restrained","underwear","machine","receptive","sustain","false","public/character-images/interactions-expanded/iona/sex_machine/restrained/underwear__machine__receptive__sustain.png"
"NPC-LAB-01","Иона","sex_machine","restrained","nude","spread","high_positive","intense","false","public/character-images/interactions-expanded/iona/sex_machine/restrained/nude__spread__high_positive__intense.png"
"NPC-LAB-01","Иона","sex_machine","restrained","nude","machine","high_positive","intense","false","public/character-images/interactions-expanded/iona/sex_machine/restrained/nude__machine__high_positive__intense.png"
"NPC-LAB-01","Иона","sex_machine","restrained","underwear","spread","high_positive","intense","false","public/character-images/interactions-expanded/iona/sex_machine/restrained/underwear__spread__high_positive__intense.png"
"NPC-LAB-01","Иона","sex_machine","restrained","underwear","machine","high_positive","intense","false","public/character-images/interactions-expanded/iona/sex_machine/restrained/underwear__machine__high_positive__intense.png"
"NPC-LAB-01","Иона","sex_machine","restrained","nude","spread","high_negative","intense","false","public/character-images/interactions-expanded/iona/sex_machine/restrained/nude__spread__high_negative__intense.png"
"NPC-LAB-01","Иона","sex_machine","restrained","nude","machine","high_negative","intense","false","public/character-images/interactions-expanded/iona/sex_machine/restrained/nude__machine__high_negative__intense.png"
"NPC-LAB-01","Иона","sex_machine","restrained","underwear","spread","high_negative","intense","false","public/character-images/interactions-expanded/iona/sex_machine/restrained/underwear__spread__high_negative__intense.png"
"NPC-LAB-01","Иона","sex_machine","restrained","underwear","machine","high_negative","intense","false","public/character-images/interactions-expanded/iona/sex_machine/restrained/underwear__machine__high_negative__intense.png"
"NPC-LAB-01","Иона","sex_machine","restrained","nude","spread","subspace","intense","false","public/character-images/interactions-expanded/iona/sex_machine/restrained/nude__spread__subspace__intense.png"
"NPC-LAB-01","Иона","sex_machine","restrained","nude","machine","subspace","intense","false","public/character-images/interactions-expanded/iona/sex_machine/restrained/nude__machine__subspace__intense.png"
"NPC-LAB-01","Иона","sex_machine","restrained","underwear","spread","subspace","intense","false","public/character-images/interactions-expanded/iona/sex_machine/restrained/underwear__spread__subspace__intense.png"
"NPC-LAB-01","Иона","sex_machine","restrained","underwear","machine","subspace","intense","false","public/character-images/interactions-expanded/iona/sex_machine/restrained/underwear__machine__subspace__intense.png"
"NPC-LAB-01","Иона","sex_machine","restrained","nude","spread","climax","peak","false","public/character-images/interactions-expanded/iona/sex_machine/restrained/nude__spread__climax__peak.png"
"NPC-LAB-01","Иона","sex_machine","restrained","nude","machine","climax","peak","false","public/character-images/interactions-expanded/iona/sex_machine/restrained/nude__machine__climax__peak.png"
"NPC-LAB-01","Иона","sex_machine","restrained","underwear","spread","climax","peak","false","public/character-images/interactions-expanded/iona/sex_machine/restrained/underwear__spread__climax__peak.png"
"NPC-LAB-01","Иона","sex_machine","restrained","underwear","machine","climax","peak","false","public/character-images/interactions-expanded/iona/sex_machine/restrained/underwear__machine__climax__peak.png"
"NPC-LAB-01","Иона","sex_machine","restrained","nude","spread","high_negative","peak","false","public/character-images/interactions-expanded/iona/sex_machine/restrained/nude__spread__high_negative__peak.png"
"NPC-LAB-01","Иона","sex_machine","restrained","nude","machine","high_negative","peak","false","public/character-images/interactions-expanded/iona/sex_machine/restrained/nude__machine__high_negative__peak.png"
"NPC-LAB-01","Иона","sex_machine","restrained","underwear","spread","high_negative","peak","false","public/character-images/interactions-expanded/iona/sex_machine/restrained/underwear__spread__high_negative__peak.png"
"NPC-LAB-01","Иона","sex_machine","restrained","underwear","machine","high_negative","peak","false","public/character-images/interactions-expanded/iona/sex_machine/restrained/underwear__machine__high_negative__peak.png"
"NPC-LAB-01","Иона","sex_machine","suspended","nude","machine","guarded","sustain","false","public/character-images/interactions-expanded/iona/sex_machine/suspended/nude__machine__guarded__sustain.png"
"NPC-LAB-01","Иона","sex_machine","suspended","device_outfit","machine","guarded","sustain","false","public/character-images/interactions-expanded/iona/sex_machine/suspended/device_outfit__machine__guarded__sustain.png"
"NPC-LAB-01","Иона","sex_machine","suspended","nude","machine","receptive","sustain","false","public/character-images/interactions-expanded/iona/sex_machine/suspended/nude__machine__receptive__sustain.png"
"NPC-LAB-01","Иона","sex_machine","suspended","device_outfit","machine","receptive","sustain","false","public/character-images/interactions-expanded/iona/sex_machine/suspended/device_outfit__machine__receptive__sustain.png"
"NPC-LAB-01","Иона","sex_machine","suspended","nude","machine","high_positive","intense","false","public/character-images/interactions-expanded/iona/sex_machine/suspended/nude__machine__high_positive__intense.png"
"NPC-LAB-01","Иона","sex_machine","suspended","device_outfit","machine","high_positive","intense","false","public/character-images/interactions-expanded/iona/sex_machine/suspended/device_outfit__machine__high_positive__intense.png"
"NPC-LAB-01","Иона","sex_machine","suspended","nude","machine","high_negative","intense","false","public/character-images/interactions-expanded/iona/sex_machine/suspended/nude__machine__high_negative__intense.png"
"NPC-LAB-01","Иона","sex_machine","suspended","device_outfit","machine","high_negative","intense","false","public/character-images/interactions-expanded/iona/sex_machine/suspended/device_outfit__machine__high_negative__intense.png"
"NPC-LAB-01","Иона","sex_machine","suspended","nude","machine","subspace","intense","false","public/character-images/interactions-expanded/iona/sex_machine/suspended/nude__machine__subspace__intense.png"
"NPC-LAB-01","Иона","sex_machine","suspended","device_outfit","machine","subspace","intense","false","public/character-images/interactions-expanded/iona/sex_machine/suspended/device_outfit__machine__subspace__intense.png"
"NPC-LAB-01","Иона","sex_machine","suspended","nude","machine","climax","peak","false","public/character-images/interactions-expanded/iona/sex_machine/suspended/nude__machine__climax__peak.png"
"NPC-LAB-01","Иона","sex_machine","suspended","device_outfit","machine","climax","peak","false","public/character-images/interactions-expanded/iona/sex_machine/suspended/device_outfit__machine__climax__peak.png"
"NPC-LAB-01","Иона","sex_machine","suspended","nude","machine","high_negative","peak","false","public/character-images/interactions-expanded/iona/sex_machine/suspended/nude__machine__high_negative__peak.png"
"NPC-LAB-01","Иона","sex_machine","suspended","device_outfit","machine","high_negative","peak","false","public/character-images/interactions-expanded/iona/sex_machine/suspended/device_outfit__machine__high_negative__peak.png"
"NPC-LAB-01","Иона","sex_machine","milking","nude","machine","guarded","sustain","false","public/character-images/interactions-expanded/iona/sex_machine/milking/nude__machine__guarded__sustain.png"
"NPC-LAB-01","Иона","sex_machine","milking","device_outfit","machine","guarded","sustain","false","public/character-images/interactions-expanded/iona/sex_machine/milking/device_outfit__machine__guarded__sustain.png"
"NPC-LAB-01","Иона","sex_machine","milking","nude","machine","receptive","sustain","false","public/character-images/interactions-expanded/iona/sex_machine/milking/nude__machine__receptive__sustain.png"
"NPC-LAB-01","Иона","sex_machine","milking","device_outfit","machine","receptive","sustain","false","public/character-images/interactions-expanded/iona/sex_machine/milking/device_outfit__machine__receptive__sustain.png"
"NPC-LAB-01","Иона","sex_machine","milking","nude","machine","high_positive","intense","false","public/character-images/interactions-expanded/iona/sex_machine/milking/nude__machine__high_positive__intense.png"
"NPC-LAB-01","Иона","sex_machine","milking","device_outfit","machine","high_positive","intense","false","public/character-images/interactions-expanded/iona/sex_machine/milking/device_outfit__machine__high_positive__intense.png"
"NPC-LAB-01","Иона","sex_machine","milking","nude","machine","high_negative","intense","false","public/character-images/interactions-expanded/iona/sex_machine/milking/nude__machine__high_negative__intense.png"
"NPC-LAB-01","Иона","sex_machine","milking","device_outfit","machine","high_negative","intense","false","public/character-images/interactions-expanded/iona/sex_machine/milking/device_outfit__machine__high_negative__intense.png"
"NPC-LAB-01","Иона","sex_machine","milking","nude","machine","subspace","intense","false","public/character-images/interactions-expanded/iona/sex_machine/milking/nude__machine__subspace__intense.png"
"NPC-LAB-01","Иона","sex_machine","milking","device_outfit","machine","subspace","intense","false","public/character-images/interactions-expanded/iona/sex_machine/milking/device_outfit__machine__subspace__intense.png"
"NPC-LAB-01","Иона","sex_machine","milking","nude","machine","climax","peak","false","public/character-images/interactions-expanded/iona/sex_machine/milking/nude__machine__climax__peak.png"
"NPC-LAB-01","Иона","sex_machine","milking","device_outfit","machine","climax","peak","false","public/character-images/interactions-expanded/iona/sex_machine/milking/device_outfit__machine__climax__peak.png"
"NPC-LAB-01","Иона","sex_machine","milking","nude","machine","high_negative","peak","false","public/character-images/interactions-expanded/iona/sex_machine/milking/nude__machine__high_negative__peak.png"
"NPC-LAB-01","Иона","sex_machine","milking","device_outfit","machine","high_negative","peak","false","public/character-images/interactions-expanded/iona/sex_machine/milking/device_outfit__machine__high_negative__peak.png"
"NPC-LAB-01","Иона","sex_machine","hmd","nude","machine","guarded","sustain","false","public/character-images/interactions-expanded/iona/sex_machine/hmd/nude__machine__guarded__sustain.png"
"NPC-LAB-01","Иона","sex_machine","hmd","device_outfit","machine","guarded","sustain","false","public/character-images/interactions-expanded/iona/sex_machine/hmd/device_outfit__machine__guarded__sustain.png"
"NPC-LAB-01","Иона","sex_machine","hmd","nude","machine","receptive","sustain","false","public/character-images/interactions-expanded/iona/sex_machine/hmd/nude__machine__receptive__sustain.png"
"NPC-LAB-01","Иона","sex_machine","hmd","device_outfit","machine","receptive","sustain","false","public/character-images/interactions-expanded/iona/sex_machine/hmd/device_outfit__machine__receptive__sustain.png"
"NPC-LAB-01","Иона","sex_machine","hmd","nude","machine","high_positive","intense","false","public/character-images/interactions-expanded/iona/sex_machine/hmd/nude__machine__high_positive__intense.png"
"NPC-LAB-01","Иона","sex_machine","hmd","device_outfit","machine","high_positive","intense","false","public/character-images/interactions-expanded/iona/sex_machine/hmd/device_outfit__machine__high_positive__intense.png"
"NPC-LAB-01","Иона","sex_machine","hmd","nude","machine","high_negative","intense","false","public/character-images/interactions-expanded/iona/sex_machine/hmd/nude__machine__high_negative__intense.png"
"NPC-LAB-01","Иона","sex_machine","hmd","device_outfit","machine","high_negative","intense","false","public/character-images/interactions-expanded/iona/sex_machine/hmd/device_outfit__machine__high_negative__intense.png"
"NPC-LAB-01","Иона","sex_machine","hmd","nude","machine","subspace","intense","false","public/character-images/interactions-expanded/iona/sex_machine/hmd/nude__machine__subspace__intense.png"
"NPC-LAB-01","Иона","sex_machine","hmd","device_outfit","machine","subspace","intense","false","public/character-images/interactions-expanded/iona/sex_machine/hmd/device_outfit__machine__subspace__intense.png"
"NPC-LAB-01","Иона","sex_machine","hmd","nude","machine","climax","peak","false","public/character-images/interactions-expanded/iona/sex_machine/hmd/nude__machine__climax__peak.png"
"NPC-LAB-01","Иона","sex_machine","hmd","device_outfit","machine","climax","peak","false","public/character-images/interactions-expanded/iona/sex_machine/hmd/device_outfit__machine__climax__peak.png"
"NPC-LAB-01","Иона","sex_machine","hmd","nude","machine","high_negative","peak","false","public/character-images/interactions-expanded/iona/sex_machine/hmd/nude__machine__high_negative__peak.png"
"NPC-LAB-01","Иона","sex_machine","hmd","device_outfit","machine","high_negative","peak","false","public/character-images/interactions-expanded/iona/sex_machine/hmd/device_outfit__machine__high_negative__peak.png"
"NPC-LAB-01","Иона","sex_machine","mind_control","nude","machine","guarded","sustain","false","public/character-images/interactions-expanded/iona/sex_machine/mind_control/nude__machine__guarded__sustain.png"
"NPC-LAB-01","Иона","sex_machine","mind_control","device_outfit","machine","guarded","sustain","false","public/character-images/interactions-expanded/iona/sex_machine/mind_control/device_outfit__machine__guarded__sustain.png"
"NPC-LAB-01","Иона","sex_machine","mind_control","nude","machine","receptive","sustain","false","public/character-images/interactions-expanded/iona/sex_machine/mind_control/nude__machine__receptive__sustain.png"
"NPC-LAB-01","Иона","sex_machine","mind_control","device_outfit","machine","receptive","sustain","false","public/character-images/interactions-expanded/iona/sex_machine/mind_control/device_outfit__machine__receptive__sustain.png"
"NPC-LAB-01","Иона","sex_machine","mind_control","nude","machine","high_positive","intense","false","public/character-images/interactions-expanded/iona/sex_machine/mind_control/nude__machine__high_positive__intense.png"
"NPC-LAB-01","Иона","sex_machine","mind_control","device_outfit","machine","high_positive","intense","false","public/character-images/interactions-expanded/iona/sex_machine/mind_control/device_outfit__machine__high_positive__intense.png"
"NPC-LAB-01","Иона","sex_machine","mind_control","nude","machine","high_negative","intense","false","public/character-images/interactions-expanded/iona/sex_machine/mind_control/nude__machine__high_negative__intense.png"
"NPC-LAB-01","Иона","sex_machine","mind_control","device_outfit","machine","high_negative","intense","false","public/character-images/interactions-expanded/iona/sex_machine/mind_control/device_outfit__machine__high_negative__intense.png"
"NPC-LAB-01","Иона","sex_machine","mind_control","nude","machine","subspace","intense","false","public/character-images/interactions-expanded/iona/sex_machine/mind_control/nude__machine__subspace__intense.png"
"NPC-LAB-01","Иона","sex_machine","mind_control","device_outfit","machine","subspace","intense","false","public/character-images/interactions-expanded/iona/sex_machine/mind_control/device_outfit__machine__subspace__intense.png"
"NPC-LAB-01","Иона","sex_machine","mind_control","nude","machine","climax","peak","false","public/character-images/interactions-expanded/iona/sex_machine/mind_control/nude__machine__climax__peak.png"
"NPC-LAB-01","Иона","sex_machine","mind_control","device_outfit","machine","climax","peak","false","public/character-images/interactions-expanded/iona/sex_machine/mind_control/device_outfit__machine__climax__peak.png"
"NPC-LAB-01","Иона","sex_machine","mind_control","nude","machine","high_negative","peak","false","public/character-images/interactions-expanded/iona/sex_machine/mind_control/nude__machine__high_negative__peak.png"
"NPC-LAB-01","Иона","sex_machine","mind_control","device_outfit","machine","high_negative","peak","false","public/character-images/interactions-expanded/iona/sex_machine/mind_control/device_outfit__machine__high_negative__peak.png"
"NPC-LAB-01","Иона","electrostimulation","chair","nude","machine","guarded","sustain","false","public/character-images/interactions-expanded/iona/electrostimulation/chair/nude__machine__guarded__sustain.png"
"NPC-LAB-01","Иона","electrostimulation","chair","underwear","machine","guarded","sustain","false","public/character-images/interactions-expanded/iona/electrostimulation/chair/underwear__machine__guarded__sustain.png"
"NPC-LAB-01","Иона","electrostimulation","chair","device_outfit","machine","guarded","sustain","false","public/character-images/interactions-expanded/iona/electrostimulation/chair/device_outfit__machine__guarded__sustain.png"
"NPC-LAB-01","Иона","electrostimulation","chair","nude","machine","receptive","sustain","false","public/character-images/interactions-expanded/iona/electrostimulation/chair/nude__machine__receptive__sustain.png"
"NPC-LAB-01","Иона","electrostimulation","chair","underwear","machine","receptive","sustain","false","public/character-images/interactions-expanded/iona/electrostimulation/chair/underwear__machine__receptive__sustain.png"
"NPC-LAB-01","Иона","electrostimulation","chair","device_outfit","machine","receptive","sustain","false","public/character-images/interactions-expanded/iona/electrostimulation/chair/device_outfit__machine__receptive__sustain.png"
"NPC-LAB-01","Иона","electrostimulation","chair","nude","machine","high_positive","intense","false","public/character-images/interactions-expanded/iona/electrostimulation/chair/nude__machine__high_positive__intense.png"
"NPC-LAB-01","Иона","electrostimulation","chair","underwear","machine","high_positive","intense","false","public/character-images/interactions-expanded/iona/electrostimulation/chair/underwear__machine__high_positive__intense.png"
"NPC-LAB-01","Иона","electrostimulation","chair","device_outfit","machine","high_positive","intense","false","public/character-images/interactions-expanded/iona/electrostimulation/chair/device_outfit__machine__high_positive__intense.png"
"NPC-LAB-01","Иона","electrostimulation","chair","nude","machine","high_negative","intense","false","public/character-images/interactions-expanded/iona/electrostimulation/chair/nude__machine__high_negative__intense.png"
"NPC-LAB-01","Иона","electrostimulation","chair","underwear","machine","high_negative","intense","false","public/character-images/interactions-expanded/iona/electrostimulation/chair/underwear__machine__high_negative__intense.png"
"NPC-LAB-01","Иона","electrostimulation","chair","device_outfit","machine","high_negative","intense","false","public/character-images/interactions-expanded/iona/electrostimulation/chair/device_outfit__machine__high_negative__intense.png"
"NPC-LAB-01","Иона","electrostimulation","chair","nude","machine","subspace","intense","false","public/character-images/interactions-expanded/iona/electrostimulation/chair/nude__machine__subspace__intense.png"
"NPC-LAB-01","Иона","electrostimulation","chair","underwear","machine","subspace","intense","false","public/character-images/interactions-expanded/iona/electrostimulation/chair/underwear__machine__subspace__intense.png"
"NPC-LAB-01","Иона","electrostimulation","chair","device_outfit","machine","subspace","intense","false","public/character-images/interactions-expanded/iona/electrostimulation/chair/device_outfit__machine__subspace__intense.png"
"NPC-LAB-01","Иона","electrostimulation","chair","nude","machine","climax","peak","false","public/character-images/interactions-expanded/iona/electrostimulation/chair/nude__machine__climax__peak.png"
"NPC-LAB-01","Иона","electrostimulation","chair","underwear","machine","climax","peak","false","public/character-images/interactions-expanded/iona/electrostimulation/chair/underwear__machine__climax__peak.png"
"NPC-LAB-01","Иона","electrostimulation","chair","device_outfit","machine","climax","peak","false","public/character-images/interactions-expanded/iona/electrostimulation/chair/device_outfit__machine__climax__peak.png"
"NPC-LAB-01","Иона","electrostimulation","chair","nude","machine","high_negative","peak","false","public/character-images/interactions-expanded/iona/electrostimulation/chair/nude__machine__high_negative__peak.png"
"NPC-LAB-01","Иона","electrostimulation","chair","underwear","machine","high_negative","peak","false","public/character-images/interactions-expanded/iona/electrostimulation/chair/underwear__machine__high_negative__peak.png"
"NPC-LAB-01","Иона","electrostimulation","chair","device_outfit","machine","high_negative","peak","false","public/character-images/interactions-expanded/iona/electrostimulation/chair/device_outfit__machine__high_negative__peak.png"
"NPC-LAB-01","Иона","electrostimulation","clamps","nude","free","guarded","sustain","false","public/character-images/interactions-expanded/iona/electrostimulation/clamps/nude__free__guarded__sustain.png"
"NPC-LAB-01","Иона","electrostimulation","clamps","nude","wrists","guarded","sustain","false","public/character-images/interactions-expanded/iona/electrostimulation/clamps/nude__wrists__guarded__sustain.png"
"NPC-LAB-01","Иона","electrostimulation","clamps","nude","spread","guarded","sustain","false","public/character-images/interactions-expanded/iona/electrostimulation/clamps/nude__spread__guarded__sustain.png"
"NPC-LAB-01","Иона","electrostimulation","clamps","open_top","free","guarded","sustain","false","public/character-images/interactions-expanded/iona/electrostimulation/clamps/open_top__free__guarded__sustain.png"
"NPC-LAB-01","Иона","electrostimulation","clamps","open_top","wrists","guarded","sustain","false","public/character-images/interactions-expanded/iona/electrostimulation/clamps/open_top__wrists__guarded__sustain.png"
"NPC-LAB-01","Иона","electrostimulation","clamps","open_top","spread","guarded","sustain","false","public/character-images/interactions-expanded/iona/electrostimulation/clamps/open_top__spread__guarded__sustain.png"
"NPC-LAB-01","Иона","electrostimulation","clamps","nude","free","receptive","sustain","false","public/character-images/interactions-expanded/iona/electrostimulation/clamps/nude__free__receptive__sustain.png"
"NPC-LAB-01","Иона","electrostimulation","clamps","nude","wrists","receptive","sustain","false","public/character-images/interactions-expanded/iona/electrostimulation/clamps/nude__wrists__receptive__sustain.png"
"NPC-LAB-01","Иона","electrostimulation","clamps","nude","spread","receptive","sustain","false","public/character-images/interactions-expanded/iona/electrostimulation/clamps/nude__spread__receptive__sustain.png"
"NPC-LAB-01","Иона","electrostimulation","clamps","open_top","free","receptive","sustain","false","public/character-images/interactions-expanded/iona/electrostimulation/clamps/open_top__free__receptive__sustain.png"
"NPC-LAB-01","Иона","electrostimulation","clamps","open_top","wrists","receptive","sustain","false","public/character-images/interactions-expanded/iona/electrostimulation/clamps/open_top__wrists__receptive__sustain.png"
"NPC-LAB-01","Иона","electrostimulation","clamps","open_top","spread","receptive","sustain","false","public/character-images/interactions-expanded/iona/electrostimulation/clamps/open_top__spread__receptive__sustain.png"
"NPC-LAB-01","Иона","electrostimulation","clamps","nude","free","high_positive","intense","false","public/character-images/interactions-expanded/iona/electrostimulation/clamps/nude__free__high_positive__intense.png"
"NPC-LAB-01","Иона","electrostimulation","clamps","nude","wrists","high_positive","intense","false","public/character-images/interactions-expanded/iona/electrostimulation/clamps/nude__wrists__high_positive__intense.png"
"NPC-LAB-01","Иона","electrostimulation","clamps","nude","spread","high_positive","intense","false","public/character-images/interactions-expanded/iona/electrostimulation/clamps/nude__spread__high_positive__intense.png"
"NPC-LAB-01","Иона","electrostimulation","clamps","open_top","free","high_positive","intense","false","public/character-images/interactions-expanded/iona/electrostimulation/clamps/open_top__free__high_positive__intense.png"
"NPC-LAB-01","Иона","electrostimulation","clamps","open_top","wrists","high_positive","intense","false","public/character-images/interactions-expanded/iona/electrostimulation/clamps/open_top__wrists__high_positive__intense.png"
"NPC-LAB-01","Иона","electrostimulation","clamps","open_top","spread","high_positive","intense","false","public/character-images/interactions-expanded/iona/electrostimulation/clamps/open_top__spread__high_positive__intense.png"
"NPC-LAB-01","Иона","electrostimulation","clamps","nude","free","high_negative","intense","false","public/character-images/interactions-expanded/iona/electrostimulation/clamps/nude__free__high_negative__intense.png"
"NPC-LAB-01","Иона","electrostimulation","clamps","nude","wrists","high_negative","intense","false","public/character-images/interactions-expanded/iona/electrostimulation/clamps/nude__wrists__high_negative__intense.png"
"NPC-LAB-01","Иона","electrostimulation","clamps","nude","spread","high_negative","intense","false","public/character-images/interactions-expanded/iona/electrostimulation/clamps/nude__spread__high_negative__intense.png"
"NPC-LAB-01","Иона","electrostimulation","clamps","open_top","free","high_negative","intense","false","public/character-images/interactions-expanded/iona/electrostimulation/clamps/open_top__free__high_negative__intense.png"
"NPC-LAB-01","Иона","electrostimulation","clamps","open_top","wrists","high_negative","intense","false","public/character-images/interactions-expanded/iona/electrostimulation/clamps/open_top__wrists__high_negative__intense.png"
"NPC-LAB-01","Иона","electrostimulation","clamps","open_top","spread","high_negative","intense","false","public/character-images/interactions-expanded/iona/electrostimulation/clamps/open_top__spread__high_negative__intense.png"
"NPC-LAB-01","Иона","electrostimulation","clamps","nude","free","subspace","intense","false","public/character-images/interactions-expanded/iona/electrostimulation/clamps/nude__free__subspace__intense.png"
"NPC-LAB-01","Иона","electrostimulation","clamps","nude","wrists","subspace","intense","false","public/character-images/interactions-expanded/iona/electrostimulation/clamps/nude__wrists__subspace__intense.png"
"NPC-LAB-01","Иона","electrostimulation","clamps","nude","spread","subspace","intense","false","public/character-images/interactions-expanded/iona/electrostimulation/clamps/nude__spread__subspace__intense.png"
"NPC-LAB-01","Иона","electrostimulation","clamps","open_top","free","subspace","intense","false","public/character-images/interactions-expanded/iona/electrostimulation/clamps/open_top__free__subspace__intense.png"
"NPC-LAB-01","Иона","electrostimulation","clamps","open_top","wrists","subspace","intense","false","public/character-images/interactions-expanded/iona/electrostimulation/clamps/open_top__wrists__subspace__intense.png"
"NPC-LAB-01","Иона","electrostimulation","clamps","open_top","spread","subspace","intense","false","public/character-images/interactions-expanded/iona/electrostimulation/clamps/open_top__spread__subspace__intense.png"
"NPC-LAB-01","Иона","electrostimulation","clamps","nude","free","climax","peak","false","public/character-images/interactions-expanded/iona/electrostimulation/clamps/nude__free__climax__peak.png"
"NPC-LAB-01","Иона","electrostimulation","clamps","nude","wrists","climax","peak","false","public/character-images/interactions-expanded/iona/electrostimulation/clamps/nude__wrists__climax__peak.png"
"NPC-LAB-01","Иона","electrostimulation","clamps","nude","spread","climax","peak","false","public/character-images/interactions-expanded/iona/electrostimulation/clamps/nude__spread__climax__peak.png"
"NPC-LAB-01","Иона","electrostimulation","clamps","open_top","free","climax","peak","false","public/character-images/interactions-expanded/iona/electrostimulation/clamps/open_top__free__climax__peak.png"
"NPC-LAB-01","Иона","electrostimulation","clamps","open_top","wrists","climax","peak","false","public/character-images/interactions-expanded/iona/electrostimulation/clamps/open_top__wrists__climax__peak.png"
"NPC-LAB-01","Иона","electrostimulation","clamps","open_top","spread","climax","peak","false","public/character-images/interactions-expanded/iona/electrostimulation/clamps/open_top__spread__climax__peak.png"
"NPC-LAB-01","Иона","electrostimulation","clamps","nude","free","high_negative","peak","false","public/character-images/interactions-expanded/iona/electrostimulation/clamps/nude__free__high_negative__peak.png"
"NPC-LAB-01","Иона","electrostimulation","clamps","nude","wrists","high_negative","peak","false","public/character-images/interactions-expanded/iona/electrostimulation/clamps/nude__wrists__high_negative__peak.png"
"NPC-LAB-01","Иона","electrostimulation","clamps","nude","spread","high_negative","peak","false","public/character-images/interactions-expanded/iona/electrostimulation/clamps/nude__spread__high_negative__peak.png"
"NPC-LAB-01","Иона","electrostimulation","clamps","open_top","free","high_negative","peak","false","public/character-images/interactions-expanded/iona/electrostimulation/clamps/open_top__free__high_negative__peak.png"
"NPC-LAB-01","Иона","electrostimulation","clamps","open_top","wrists","high_negative","peak","false","public/character-images/interactions-expanded/iona/electrostimulation/clamps/open_top__wrists__high_negative__peak.png"
"NPC-LAB-01","Иона","electrostimulation","clamps","open_top","spread","high_negative","peak","false","public/character-images/interactions-expanded/iona/electrostimulation/clamps/open_top__spread__high_negative__peak.png"
"NPC-LAB-01","Иона","electrostimulation","genital","nude","free","guarded","sustain","false","public/character-images/interactions-expanded/iona/electrostimulation/genital/nude__free__guarded__sustain.png"
"NPC-LAB-01","Иона","electrostimulation","genital","nude","spread","guarded","sustain","false","public/character-images/interactions-expanded/iona/electrostimulation/genital/nude__spread__guarded__sustain.png"
"NPC-LAB-01","Иона","electrostimulation","genital","underwear","free","guarded","sustain","false","public/character-images/interactions-expanded/iona/electrostimulation/genital/underwear__free__guarded__sustain.png"
"NPC-LAB-01","Иона","electrostimulation","genital","underwear","spread","guarded","sustain","false","public/character-images/interactions-expanded/iona/electrostimulation/genital/underwear__spread__guarded__sustain.png"
"NPC-LAB-01","Иона","electrostimulation","genital","nude","free","receptive","sustain","false","public/character-images/interactions-expanded/iona/electrostimulation/genital/nude__free__receptive__sustain.png"
"NPC-LAB-01","Иона","electrostimulation","genital","nude","spread","receptive","sustain","false","public/character-images/interactions-expanded/iona/electrostimulation/genital/nude__spread__receptive__sustain.png"
"NPC-LAB-01","Иона","electrostimulation","genital","underwear","free","receptive","sustain","false","public/character-images/interactions-expanded/iona/electrostimulation/genital/underwear__free__receptive__sustain.png"
"NPC-LAB-01","Иона","electrostimulation","genital","underwear","spread","receptive","sustain","false","public/character-images/interactions-expanded/iona/electrostimulation/genital/underwear__spread__receptive__sustain.png"
"NPC-LAB-01","Иона","electrostimulation","genital","nude","free","high_positive","intense","false","public/character-images/interactions-expanded/iona/electrostimulation/genital/nude__free__high_positive__intense.png"
"NPC-LAB-01","Иона","electrostimulation","genital","nude","spread","high_positive","intense","false","public/character-images/interactions-expanded/iona/electrostimulation/genital/nude__spread__high_positive__intense.png"
"NPC-LAB-01","Иона","electrostimulation","genital","underwear","free","high_positive","intense","false","public/character-images/interactions-expanded/iona/electrostimulation/genital/underwear__free__high_positive__intense.png"
"NPC-LAB-01","Иона","electrostimulation","genital","underwear","spread","high_positive","intense","false","public/character-images/interactions-expanded/iona/electrostimulation/genital/underwear__spread__high_positive__intense.png"
"NPC-LAB-01","Иона","electrostimulation","genital","nude","free","high_negative","intense","false","public/character-images/interactions-expanded/iona/electrostimulation/genital/nude__free__high_negative__intense.png"
"NPC-LAB-01","Иона","electrostimulation","genital","nude","spread","high_negative","intense","false","public/character-images/interactions-expanded/iona/electrostimulation/genital/nude__spread__high_negative__intense.png"
"NPC-LAB-01","Иона","electrostimulation","genital","underwear","free","high_negative","intense","false","public/character-images/interactions-expanded/iona/electrostimulation/genital/underwear__free__high_negative__intense.png"
"NPC-LAB-01","Иона","electrostimulation","genital","underwear","spread","high_negative","intense","false","public/character-images/interactions-expanded/iona/electrostimulation/genital/underwear__spread__high_negative__intense.png"
"NPC-LAB-01","Иона","electrostimulation","genital","nude","free","subspace","intense","false","public/character-images/interactions-expanded/iona/electrostimulation/genital/nude__free__subspace__intense.png"
"NPC-LAB-01","Иона","electrostimulation","genital","nude","spread","subspace","intense","false","public/character-images/interactions-expanded/iona/electrostimulation/genital/nude__spread__subspace__intense.png"
"NPC-LAB-01","Иона","electrostimulation","genital","underwear","free","subspace","intense","false","public/character-images/interactions-expanded/iona/electrostimulation/genital/underwear__free__subspace__intense.png"
"NPC-LAB-01","Иона","electrostimulation","genital","underwear","spread","subspace","intense","false","public/character-images/interactions-expanded/iona/electrostimulation/genital/underwear__spread__subspace__intense.png"
"NPC-LAB-01","Иона","electrostimulation","genital","nude","free","climax","peak","false","public/character-images/interactions-expanded/iona/electrostimulation/genital/nude__free__climax__peak.png"
"NPC-LAB-01","Иона","electrostimulation","genital","nude","spread","climax","peak","false","public/character-images/interactions-expanded/iona/electrostimulation/genital/nude__spread__climax__peak.png"
"NPC-LAB-01","Иона","electrostimulation","genital","underwear","free","climax","peak","false","public/character-images/interactions-expanded/iona/electrostimulation/genital/underwear__free__climax__peak.png"
"NPC-LAB-01","Иона","electrostimulation","genital","underwear","spread","climax","peak","false","public/character-images/interactions-expanded/iona/electrostimulation/genital/underwear__spread__climax__peak.png"
"NPC-LAB-01","Иона","electrostimulation","genital","nude","free","high_negative","peak","false","public/character-images/interactions-expanded/iona/electrostimulation/genital/nude__free__high_negative__peak.png"
"NPC-LAB-01","Иона","electrostimulation","genital","nude","spread","high_negative","peak","false","public/character-images/interactions-expanded/iona/electrostimulation/genital/nude__spread__high_negative__peak.png"
"NPC-LAB-01","Иона","electrostimulation","genital","underwear","free","high_negative","peak","false","public/character-images/interactions-expanded/iona/electrostimulation/genital/underwear__free__high_negative__peak.png"
"NPC-LAB-01","Иона","electrostimulation","genital","underwear","spread","high_negative","peak","false","public/character-images/interactions-expanded/iona/electrostimulation/genital/underwear__spread__high_negative__peak.png"
"NPC-LAB-01","Иона","electrostimulation","tentacles","nude","free","guarded","sustain","true","public/character-images/interactions-expanded/iona/electrostimulation/tentacles/nude__free__guarded__sustain.png"
"NPC-LAB-01","Иона","electrostimulation","tentacles","nude","machine","guarded","sustain","true","public/character-images/interactions-expanded/iona/electrostimulation/tentacles/nude__machine__guarded__sustain.png"
"NPC-LAB-01","Иона","electrostimulation","tentacles","nude","free","receptive","sustain","true","public/character-images/interactions-expanded/iona/electrostimulation/tentacles/nude__free__receptive__sustain.png"
"NPC-LAB-01","Иона","electrostimulation","tentacles","nude","machine","receptive","sustain","true","public/character-images/interactions-expanded/iona/electrostimulation/tentacles/nude__machine__receptive__sustain.png"
"NPC-LAB-01","Иона","electrostimulation","tentacles","nude","free","high_positive","intense","true","public/character-images/interactions-expanded/iona/electrostimulation/tentacles/nude__free__high_positive__intense.png"
"NPC-LAB-01","Иона","electrostimulation","tentacles","nude","machine","high_positive","intense","true","public/character-images/interactions-expanded/iona/electrostimulation/tentacles/nude__machine__high_positive__intense.png"
"NPC-LAB-01","Иона","electrostimulation","tentacles","nude","free","high_negative","intense","true","public/character-images/interactions-expanded/iona/electrostimulation/tentacles/nude__free__high_negative__intense.png"
"NPC-LAB-01","Иона","electrostimulation","tentacles","nude","machine","high_negative","intense","true","public/character-images/interactions-expanded/iona/electrostimulation/tentacles/nude__machine__high_negative__intense.png"
"NPC-LAB-01","Иона","electrostimulation","tentacles","nude","free","subspace","intense","true","public/character-images/interactions-expanded/iona/electrostimulation/tentacles/nude__free__subspace__intense.png"
"NPC-LAB-01","Иона","electrostimulation","tentacles","nude","machine","subspace","intense","true","public/character-images/interactions-expanded/iona/electrostimulation/tentacles/nude__machine__subspace__intense.png"
"NPC-LAB-01","Иона","electrostimulation","tentacles","nude","free","climax","peak","true","public/character-images/interactions-expanded/iona/electrostimulation/tentacles/nude__free__climax__peak.png"
"NPC-LAB-01","Иона","electrostimulation","tentacles","nude","machine","climax","peak","true","public/character-images/interactions-expanded/iona/electrostimulation/tentacles/nude__machine__climax__peak.png"
"NPC-LAB-01","Иона","electrostimulation","tentacles","nude","free","high_negative","peak","true","public/character-images/interactions-expanded/iona/electrostimulation/tentacles/nude__free__high_negative__peak.png"
"NPC-LAB-01","Иона","electrostimulation","tentacles","nude","machine","high_negative","peak","true","public/character-images/interactions-expanded/iona/electrostimulation/tentacles/nude__machine__high_negative__peak.png"
"NPC-LAB-01","Иона","exposure","standing","nude","free","guarded","sustain","false","public/character-images/interactions-expanded/iona/exposure/standing/nude__free__guarded__sustain.png"
"NPC-LAB-01","Иона","exposure","standing","nude","wrists","guarded","sustain","false","public/character-images/interactions-expanded/iona/exposure/standing/nude__wrists__guarded__sustain.png"
"NPC-LAB-01","Иона","exposure","standing","underwear","free","guarded","sustain","false","public/character-images/interactions-expanded/iona/exposure/standing/underwear__free__guarded__sustain.png"
"NPC-LAB-01","Иона","exposure","standing","underwear","wrists","guarded","sustain","false","public/character-images/interactions-expanded/iona/exposure/standing/underwear__wrists__guarded__sustain.png"
"NPC-LAB-01","Иона","exposure","standing","open_top","free","guarded","sustain","false","public/character-images/interactions-expanded/iona/exposure/standing/open_top__free__guarded__sustain.png"
"NPC-LAB-01","Иона","exposure","standing","open_top","wrists","guarded","sustain","false","public/character-images/interactions-expanded/iona/exposure/standing/open_top__wrists__guarded__sustain.png"
"NPC-LAB-01","Иона","exposure","standing","stockings","free","guarded","sustain","false","public/character-images/interactions-expanded/iona/exposure/standing/stockings__free__guarded__sustain.png"
"NPC-LAB-01","Иона","exposure","standing","stockings","wrists","guarded","sustain","false","public/character-images/interactions-expanded/iona/exposure/standing/stockings__wrists__guarded__sustain.png"
"NPC-LAB-01","Иона","exposure","standing","nude","free","receptive","sustain","false","public/character-images/interactions-expanded/iona/exposure/standing/nude__free__receptive__sustain.png"
"NPC-LAB-01","Иона","exposure","standing","nude","wrists","receptive","sustain","false","public/character-images/interactions-expanded/iona/exposure/standing/nude__wrists__receptive__sustain.png"
"NPC-LAB-01","Иона","exposure","standing","underwear","free","receptive","sustain","false","public/character-images/interactions-expanded/iona/exposure/standing/underwear__free__receptive__sustain.png"
"NPC-LAB-01","Иона","exposure","standing","underwear","wrists","receptive","sustain","false","public/character-images/interactions-expanded/iona/exposure/standing/underwear__wrists__receptive__sustain.png"
"NPC-LAB-01","Иона","exposure","standing","open_top","free","receptive","sustain","false","public/character-images/interactions-expanded/iona/exposure/standing/open_top__free__receptive__sustain.png"
"NPC-LAB-01","Иона","exposure","standing","open_top","wrists","receptive","sustain","false","public/character-images/interactions-expanded/iona/exposure/standing/open_top__wrists__receptive__sustain.png"
"NPC-LAB-01","Иона","exposure","standing","stockings","free","receptive","sustain","false","public/character-images/interactions-expanded/iona/exposure/standing/stockings__free__receptive__sustain.png"
"NPC-LAB-01","Иона","exposure","standing","stockings","wrists","receptive","sustain","false","public/character-images/interactions-expanded/iona/exposure/standing/stockings__wrists__receptive__sustain.png"
"NPC-LAB-01","Иона","exposure","standing","nude","free","climax","peak","false","public/character-images/interactions-expanded/iona/exposure/standing/nude__free__climax__peak.png"
"NPC-LAB-01","Иона","exposure","standing","nude","wrists","climax","peak","false","public/character-images/interactions-expanded/iona/exposure/standing/nude__wrists__climax__peak.png"
"NPC-LAB-01","Иона","exposure","standing","underwear","free","climax","peak","false","public/character-images/interactions-expanded/iona/exposure/standing/underwear__free__climax__peak.png"
"NPC-LAB-01","Иона","exposure","standing","underwear","wrists","climax","peak","false","public/character-images/interactions-expanded/iona/exposure/standing/underwear__wrists__climax__peak.png"
"NPC-LAB-01","Иона","exposure","standing","open_top","free","climax","peak","false","public/character-images/interactions-expanded/iona/exposure/standing/open_top__free__climax__peak.png"
"NPC-LAB-01","Иона","exposure","standing","open_top","wrists","climax","peak","false","public/character-images/interactions-expanded/iona/exposure/standing/open_top__wrists__climax__peak.png"
"NPC-LAB-01","Иона","exposure","standing","stockings","free","climax","peak","false","public/character-images/interactions-expanded/iona/exposure/standing/stockings__free__climax__peak.png"
"NPC-LAB-01","Иона","exposure","standing","stockings","wrists","climax","peak","false","public/character-images/interactions-expanded/iona/exposure/standing/stockings__wrists__climax__peak.png"
"NPC-LAB-01","Иона","exposure","standing","nude","free","high_negative","peak","false","public/character-images/interactions-expanded/iona/exposure/standing/nude__free__high_negative__peak.png"
"NPC-LAB-01","Иона","exposure","standing","nude","wrists","high_negative","peak","false","public/character-images/interactions-expanded/iona/exposure/standing/nude__wrists__high_negative__peak.png"
"NPC-LAB-01","Иона","exposure","standing","underwear","free","high_negative","peak","false","public/character-images/interactions-expanded/iona/exposure/standing/underwear__free__high_negative__peak.png"
"NPC-LAB-01","Иона","exposure","standing","underwear","wrists","high_negative","peak","false","public/character-images/interactions-expanded/iona/exposure/standing/underwear__wrists__high_negative__peak.png"
"NPC-LAB-01","Иона","exposure","standing","open_top","free","high_negative","peak","false","public/character-images/interactions-expanded/iona/exposure/standing/open_top__free__high_negative__peak.png"
"NPC-LAB-01","Иона","exposure","standing","open_top","wrists","high_negative","peak","false","public/character-images/interactions-expanded/iona/exposure/standing/open_top__wrists__high_negative__peak.png"
"NPC-LAB-01","Иона","exposure","standing","stockings","free","high_negative","peak","false","public/character-images/interactions-expanded/iona/exposure/standing/stockings__free__high_negative__peak.png"
"NPC-LAB-01","Иона","exposure","standing","stockings","wrists","high_negative","peak","false","public/character-images/interactions-expanded/iona/exposure/standing/stockings__wrists__high_negative__peak.png"
"NPC-LAB-01","Иона","exposure","sitting_spread","nude","free","guarded","sustain","false","public/character-images/interactions-expanded/iona/exposure/sitting_spread/nude__free__guarded__sustain.png"
"NPC-LAB-01","Иона","exposure","sitting_spread","nude","spread","guarded","sustain","false","public/character-images/interactions-expanded/iona/exposure/sitting_spread/nude__spread__guarded__sustain.png"
"NPC-LAB-01","Иона","exposure","sitting_spread","underwear","free","guarded","sustain","false","public/character-images/interactions-expanded/iona/exposure/sitting_spread/underwear__free__guarded__sustain.png"
"NPC-LAB-01","Иона","exposure","sitting_spread","underwear","spread","guarded","sustain","false","public/character-images/interactions-expanded/iona/exposure/sitting_spread/underwear__spread__guarded__sustain.png"
"NPC-LAB-01","Иона","exposure","sitting_spread","stockings","free","guarded","sustain","false","public/character-images/interactions-expanded/iona/exposure/sitting_spread/stockings__free__guarded__sustain.png"
"NPC-LAB-01","Иона","exposure","sitting_spread","stockings","spread","guarded","sustain","false","public/character-images/interactions-expanded/iona/exposure/sitting_spread/stockings__spread__guarded__sustain.png"
"NPC-LAB-01","Иона","exposure","sitting_spread","nude","free","receptive","sustain","false","public/character-images/interactions-expanded/iona/exposure/sitting_spread/nude__free__receptive__sustain.png"
"NPC-LAB-01","Иона","exposure","sitting_spread","nude","spread","receptive","sustain","false","public/character-images/interactions-expanded/iona/exposure/sitting_spread/nude__spread__receptive__sustain.png"
"NPC-LAB-01","Иона","exposure","sitting_spread","underwear","free","receptive","sustain","false","public/character-images/interactions-expanded/iona/exposure/sitting_spread/underwear__free__receptive__sustain.png"
"NPC-LAB-01","Иона","exposure","sitting_spread","underwear","spread","receptive","sustain","false","public/character-images/interactions-expanded/iona/exposure/sitting_spread/underwear__spread__receptive__sustain.png"
"NPC-LAB-01","Иона","exposure","sitting_spread","stockings","free","receptive","sustain","false","public/character-images/interactions-expanded/iona/exposure/sitting_spread/stockings__free__receptive__sustain.png"
"NPC-LAB-01","Иона","exposure","sitting_spread","stockings","spread","receptive","sustain","false","public/character-images/interactions-expanded/iona/exposure/sitting_spread/stockings__spread__receptive__sustain.png"
"NPC-LAB-01","Иона","exposure","sitting_spread","nude","free","climax","peak","false","public/character-images/interactions-expanded/iona/exposure/sitting_spread/nude__free__climax__peak.png"
"NPC-LAB-01","Иона","exposure","sitting_spread","nude","spread","climax","peak","false","public/character-images/interactions-expanded/iona/exposure/sitting_spread/nude__spread__climax__peak.png"
"NPC-LAB-01","Иона","exposure","sitting_spread","underwear","free","climax","peak","false","public/character-images/interactions-expanded/iona/exposure/sitting_spread/underwear__free__climax__peak.png"
"NPC-LAB-01","Иона","exposure","sitting_spread","underwear","spread","climax","peak","false","public/character-images/interactions-expanded/iona/exposure/sitting_spread/underwear__spread__climax__peak.png"
"NPC-LAB-01","Иона","exposure","sitting_spread","stockings","free","climax","peak","false","public/character-images/interactions-expanded/iona/exposure/sitting_spread/stockings__free__climax__peak.png"
"NPC-LAB-01","Иона","exposure","sitting_spread","stockings","spread","climax","peak","false","public/character-images/interactions-expanded/iona/exposure/sitting_spread/stockings__spread__climax__peak.png"
"NPC-LAB-01","Иона","exposure","sitting_spread","nude","free","high_negative","peak","false","public/character-images/interactions-expanded/iona/exposure/sitting_spread/nude__free__high_negative__peak.png"
"NPC-LAB-01","Иона","exposure","sitting_spread","nude","spread","high_negative","peak","false","public/character-images/interactions-expanded/iona/exposure/sitting_spread/nude__spread__high_negative__peak.png"
"NPC-LAB-01","Иона","exposure","sitting_spread","underwear","free","high_negative","peak","false","public/character-images/interactions-expanded/iona/exposure/sitting_spread/underwear__free__high_negative__peak.png"
"NPC-LAB-01","Иона","exposure","sitting_spread","underwear","spread","high_negative","peak","false","public/character-images/interactions-expanded/iona/exposure/sitting_spread/underwear__spread__high_negative__peak.png"
"NPC-LAB-01","Иона","exposure","sitting_spread","stockings","free","high_negative","peak","false","public/character-images/interactions-expanded/iona/exposure/sitting_spread/stockings__free__high_negative__peak.png"
"NPC-LAB-01","Иона","exposure","sitting_spread","stockings","spread","high_negative","peak","false","public/character-images/interactions-expanded/iona/exposure/sitting_spread/stockings__spread__high_negative__peak.png"
"NPC-LAB-01","Иона","exposure","spread_eagle","nude","spread","guarded","sustain","false","public/character-images/interactions-expanded/iona/exposure/spread_eagle/nude__spread__guarded__sustain.png"
"NPC-LAB-01","Иона","exposure","spread_eagle","underwear","spread","guarded","sustain","false","public/character-images/interactions-expanded/iona/exposure/spread_eagle/underwear__spread__guarded__sustain.png"
"NPC-LAB-01","Иона","exposure","spread_eagle","nude","spread","receptive","sustain","false","public/character-images/interactions-expanded/iona/exposure/spread_eagle/nude__spread__receptive__sustain.png"
"NPC-LAB-01","Иона","exposure","spread_eagle","underwear","spread","receptive","sustain","false","public/character-images/interactions-expanded/iona/exposure/spread_eagle/underwear__spread__receptive__sustain.png"
"NPC-LAB-01","Иона","exposure","spread_eagle","nude","spread","climax","peak","false","public/character-images/interactions-expanded/iona/exposure/spread_eagle/nude__spread__climax__peak.png"
"NPC-LAB-01","Иона","exposure","spread_eagle","underwear","spread","climax","peak","false","public/character-images/interactions-expanded/iona/exposure/spread_eagle/underwear__spread__climax__peak.png"
"NPC-LAB-01","Иона","exposure","spread_eagle","nude","spread","high_negative","peak","false","public/character-images/interactions-expanded/iona/exposure/spread_eagle/nude__spread__high_negative__peak.png"
"NPC-LAB-01","Иона","exposure","spread_eagle","underwear","spread","high_negative","peak","false","public/character-images/interactions-expanded/iona/exposure/spread_eagle/underwear__spread__high_negative__peak.png"
"NPC-LAB-01","Иона","exposure","covering","nude","free","guarded","sustain","false","public/character-images/interactions-expanded/iona/exposure/covering/nude__free__guarded__sustain.png"
"NPC-LAB-01","Иона","exposure","covering","underwear","free","guarded","sustain","false","public/character-images/interactions-expanded/iona/exposure/covering/underwear__free__guarded__sustain.png"
"NPC-LAB-01","Иона","exposure","covering","open_top","free","guarded","sustain","false","public/character-images/interactions-expanded/iona/exposure/covering/open_top__free__guarded__sustain.png"
"NPC-LAB-01","Иона","exposure","covering","nude","free","receptive","sustain","false","public/character-images/interactions-expanded/iona/exposure/covering/nude__free__receptive__sustain.png"
"NPC-LAB-01","Иона","exposure","covering","underwear","free","receptive","sustain","false","public/character-images/interactions-expanded/iona/exposure/covering/underwear__free__receptive__sustain.png"
"NPC-LAB-01","Иона","exposure","covering","open_top","free","receptive","sustain","false","public/character-images/interactions-expanded/iona/exposure/covering/open_top__free__receptive__sustain.png"
"NPC-LAB-01","Иона","foot","bare_presented","nude","free","guarded","sustain","false","public/character-images/interactions-expanded/iona/foot/bare_presented/nude__free__guarded__sustain.png"
"NPC-LAB-01","Иона","foot","bare_presented","underwear","free","guarded","sustain","false","public/character-images/interactions-expanded/iona/foot/bare_presented/underwear__free__guarded__sustain.png"
"NPC-LAB-01","Иона","foot","bare_presented","nude","free","receptive","sustain","false","public/character-images/interactions-expanded/iona/foot/bare_presented/nude__free__receptive__sustain.png"
"NPC-LAB-01","Иона","foot","bare_presented","underwear","free","receptive","sustain","false","public/character-images/interactions-expanded/iona/foot/bare_presented/underwear__free__receptive__sustain.png"
"NPC-LAB-01","Иона","foot","pantyhose_presented","stockings","free","guarded","sustain","false","public/character-images/interactions-expanded/iona/foot/pantyhose_presented/stockings__free__guarded__sustain.png"
"NPC-LAB-01","Иона","foot","pantyhose_presented","stockings","wrists","guarded","sustain","false","public/character-images/interactions-expanded/iona/foot/pantyhose_presented/stockings__wrists__guarded__sustain.png"
"NPC-LAB-01","Иона","foot","pantyhose_presented","stockings","free","receptive","sustain","false","public/character-images/interactions-expanded/iona/foot/pantyhose_presented/stockings__free__receptive__sustain.png"
"NPC-LAB-01","Иона","foot","pantyhose_presented","stockings","wrists","receptive","sustain","false","public/character-images/interactions-expanded/iona/foot/pantyhose_presented/stockings__wrists__receptive__sustain.png"
"NPC-LAB-01","Иона","foot","stocks_tickle","nude","machine","guarded","sustain","false","public/character-images/interactions-expanded/iona/foot/stocks_tickle/nude__machine__guarded__sustain.png"
"NPC-LAB-01","Иона","foot","stocks_tickle","underwear","machine","guarded","sustain","false","public/character-images/interactions-expanded/iona/foot/stocks_tickle/underwear__machine__guarded__sustain.png"
"NPC-LAB-01","Иона","foot","stocks_tickle","stockings","machine","guarded","sustain","false","public/character-images/interactions-expanded/iona/foot/stocks_tickle/stockings__machine__guarded__sustain.png"
"NPC-LAB-01","Иона","foot","stocks_tickle","nude","machine","receptive","sustain","false","public/character-images/interactions-expanded/iona/foot/stocks_tickle/nude__machine__receptive__sustain.png"
"NPC-LAB-01","Иона","foot","stocks_tickle","underwear","machine","receptive","sustain","false","public/character-images/interactions-expanded/iona/foot/stocks_tickle/underwear__machine__receptive__sustain.png"
"NPC-LAB-01","Иона","foot","stocks_tickle","stockings","machine","receptive","sustain","false","public/character-images/interactions-expanded/iona/foot/stocks_tickle/stockings__machine__receptive__sustain.png"
"NPC-LAB-01","Иона","foot","stocks_tickle","nude","machine","high_positive","intense","false","public/character-images/interactions-expanded/iona/foot/stocks_tickle/nude__machine__high_positive__intense.png"
"NPC-LAB-01","Иона","foot","stocks_tickle","underwear","machine","high_positive","intense","false","public/character-images/interactions-expanded/iona/foot/stocks_tickle/underwear__machine__high_positive__intense.png"
"NPC-LAB-01","Иона","foot","stocks_tickle","stockings","machine","high_positive","intense","false","public/character-images/interactions-expanded/iona/foot/stocks_tickle/stockings__machine__high_positive__intense.png"
"NPC-LAB-01","Иона","foot","stocks_tickle","nude","machine","high_negative","intense","false","public/character-images/interactions-expanded/iona/foot/stocks_tickle/nude__machine__high_negative__intense.png"
"NPC-LAB-01","Иона","foot","stocks_tickle","underwear","machine","high_negative","intense","false","public/character-images/interactions-expanded/iona/foot/stocks_tickle/underwear__machine__high_negative__intense.png"
"NPC-LAB-01","Иона","foot","stocks_tickle","stockings","machine","high_negative","intense","false","public/character-images/interactions-expanded/iona/foot/stocks_tickle/stockings__machine__high_negative__intense.png"
"NPC-LAB-01","Иона","foot","stocks_tickle","nude","machine","subspace","intense","false","public/character-images/interactions-expanded/iona/foot/stocks_tickle/nude__machine__subspace__intense.png"
"NPC-LAB-01","Иона","foot","stocks_tickle","underwear","machine","subspace","intense","false","public/character-images/interactions-expanded/iona/foot/stocks_tickle/underwear__machine__subspace__intense.png"
"NPC-LAB-01","Иона","foot","stocks_tickle","stockings","machine","subspace","intense","false","public/character-images/interactions-expanded/iona/foot/stocks_tickle/stockings__machine__subspace__intense.png"
"NPC-LAB-01","Иона","foot","stocks_tickle","nude","machine","climax","peak","false","public/character-images/interactions-expanded/iona/foot/stocks_tickle/nude__machine__climax__peak.png"
"NPC-LAB-01","Иона","foot","stocks_tickle","underwear","machine","climax","peak","false","public/character-images/interactions-expanded/iona/foot/stocks_tickle/underwear__machine__climax__peak.png"
"NPC-LAB-01","Иона","foot","stocks_tickle","stockings","machine","climax","peak","false","public/character-images/interactions-expanded/iona/foot/stocks_tickle/stockings__machine__climax__peak.png"
"NPC-LAB-01","Иона","foot","stocks_tickle","nude","machine","high_negative","peak","false","public/character-images/interactions-expanded/iona/foot/stocks_tickle/nude__machine__high_negative__peak.png"
"NPC-LAB-01","Иона","foot","stocks_tickle","underwear","machine","high_negative","peak","false","public/character-images/interactions-expanded/iona/foot/stocks_tickle/underwear__machine__high_negative__peak.png"
"NPC-LAB-01","Иона","foot","stocks_tickle","stockings","machine","high_negative","peak","false","public/character-images/interactions-expanded/iona/foot/stocks_tickle/stockings__machine__high_negative__peak.png"
"NPC-LAB-01","Иона","oral","kneeling","nude","free","guarded","sustain","false","public/character-images/interactions-expanded/iona/oral/kneeling/nude__free__guarded__sustain.png"
"NPC-LAB-01","Иона","oral","kneeling","nude","wrists","guarded","sustain","false","public/character-images/interactions-expanded/iona/oral/kneeling/nude__wrists__guarded__sustain.png"
"NPC-LAB-01","Иона","oral","kneeling","underwear","free","guarded","sustain","false","public/character-images/interactions-expanded/iona/oral/kneeling/underwear__free__guarded__sustain.png"
"NPC-LAB-01","Иона","oral","kneeling","underwear","wrists","guarded","sustain","false","public/character-images/interactions-expanded/iona/oral/kneeling/underwear__wrists__guarded__sustain.png"
"NPC-LAB-01","Иона","oral","kneeling","stockings","free","guarded","sustain","false","public/character-images/interactions-expanded/iona/oral/kneeling/stockings__free__guarded__sustain.png"
"NPC-LAB-01","Иона","oral","kneeling","stockings","wrists","guarded","sustain","false","public/character-images/interactions-expanded/iona/oral/kneeling/stockings__wrists__guarded__sustain.png"
"NPC-LAB-01","Иона","oral","kneeling","nude","free","receptive","sustain","false","public/character-images/interactions-expanded/iona/oral/kneeling/nude__free__receptive__sustain.png"
"NPC-LAB-01","Иона","oral","kneeling","nude","wrists","receptive","sustain","false","public/character-images/interactions-expanded/iona/oral/kneeling/nude__wrists__receptive__sustain.png"
"NPC-LAB-01","Иона","oral","kneeling","underwear","free","receptive","sustain","false","public/character-images/interactions-expanded/iona/oral/kneeling/underwear__free__receptive__sustain.png"
"NPC-LAB-01","Иона","oral","kneeling","underwear","wrists","receptive","sustain","false","public/character-images/interactions-expanded/iona/oral/kneeling/underwear__wrists__receptive__sustain.png"
"NPC-LAB-01","Иона","oral","kneeling","stockings","free","receptive","sustain","false","public/character-images/interactions-expanded/iona/oral/kneeling/stockings__free__receptive__sustain.png"
"NPC-LAB-01","Иона","oral","kneeling","stockings","wrists","receptive","sustain","false","public/character-images/interactions-expanded/iona/oral/kneeling/stockings__wrists__receptive__sustain.png"
"NPC-LAB-01","Иона","oral","kneeling","nude","free","high_positive","intense","false","public/character-images/interactions-expanded/iona/oral/kneeling/nude__free__high_positive__intense.png"
"NPC-LAB-01","Иона","oral","kneeling","nude","wrists","high_positive","intense","false","public/character-images/interactions-expanded/iona/oral/kneeling/nude__wrists__high_positive__intense.png"
"NPC-LAB-01","Иона","oral","kneeling","underwear","free","high_positive","intense","false","public/character-images/interactions-expanded/iona/oral/kneeling/underwear__free__high_positive__intense.png"
"NPC-LAB-01","Иона","oral","kneeling","underwear","wrists","high_positive","intense","false","public/character-images/interactions-expanded/iona/oral/kneeling/underwear__wrists__high_positive__intense.png"
"NPC-LAB-01","Иона","oral","kneeling","stockings","free","high_positive","intense","false","public/character-images/interactions-expanded/iona/oral/kneeling/stockings__free__high_positive__intense.png"
"NPC-LAB-01","Иона","oral","kneeling","stockings","wrists","high_positive","intense","false","public/character-images/interactions-expanded/iona/oral/kneeling/stockings__wrists__high_positive__intense.png"
"NPC-LAB-01","Иона","oral","kneeling","nude","free","high_negative","intense","false","public/character-images/interactions-expanded/iona/oral/kneeling/nude__free__high_negative__intense.png"
"NPC-LAB-01","Иона","oral","kneeling","nude","wrists","high_negative","intense","false","public/character-images/interactions-expanded/iona/oral/kneeling/nude__wrists__high_negative__intense.png"
"NPC-LAB-01","Иона","oral","kneeling","underwear","free","high_negative","intense","false","public/character-images/interactions-expanded/iona/oral/kneeling/underwear__free__high_negative__intense.png"
"NPC-LAB-01","Иона","oral","kneeling","underwear","wrists","high_negative","intense","false","public/character-images/interactions-expanded/iona/oral/kneeling/underwear__wrists__high_negative__intense.png"
"NPC-LAB-01","Иона","oral","kneeling","stockings","free","high_negative","intense","false","public/character-images/interactions-expanded/iona/oral/kneeling/stockings__free__high_negative__intense.png"
"NPC-LAB-01","Иона","oral","kneeling","stockings","wrists","high_negative","intense","false","public/character-images/interactions-expanded/iona/oral/kneeling/stockings__wrists__high_negative__intense.png"
"NPC-LAB-01","Иона","oral","kneeling","nude","free","subspace","intense","false","public/character-images/interactions-expanded/iona/oral/kneeling/nude__free__subspace__intense.png"
"NPC-LAB-01","Иона","oral","kneeling","nude","wrists","subspace","intense","false","public/character-images/interactions-expanded/iona/oral/kneeling/nude__wrists__subspace__intense.png"
"NPC-LAB-01","Иона","oral","kneeling","underwear","free","subspace","intense","false","public/character-images/interactions-expanded/iona/oral/kneeling/underwear__free__subspace__intense.png"
"NPC-LAB-01","Иона","oral","kneeling","underwear","wrists","subspace","intense","false","public/character-images/interactions-expanded/iona/oral/kneeling/underwear__wrists__subspace__intense.png"
"NPC-LAB-01","Иона","oral","kneeling","stockings","free","subspace","intense","false","public/character-images/interactions-expanded/iona/oral/kneeling/stockings__free__subspace__intense.png"
"NPC-LAB-01","Иона","oral","kneeling","stockings","wrists","subspace","intense","false","public/character-images/interactions-expanded/iona/oral/kneeling/stockings__wrists__subspace__intense.png"
"NPC-LAB-01","Иона","oral","kneeling","nude","free","climax","peak","false","public/character-images/interactions-expanded/iona/oral/kneeling/nude__free__climax__peak.png"
"NPC-LAB-01","Иона","oral","kneeling","nude","wrists","climax","peak","false","public/character-images/interactions-expanded/iona/oral/kneeling/nude__wrists__climax__peak.png"
"NPC-LAB-01","Иона","oral","kneeling","underwear","free","climax","peak","false","public/character-images/interactions-expanded/iona/oral/kneeling/underwear__free__climax__peak.png"
"NPC-LAB-01","Иона","oral","kneeling","underwear","wrists","climax","peak","false","public/character-images/interactions-expanded/iona/oral/kneeling/underwear__wrists__climax__peak.png"
"NPC-LAB-01","Иона","oral","kneeling","stockings","free","climax","peak","false","public/character-images/interactions-expanded/iona/oral/kneeling/stockings__free__climax__peak.png"
"NPC-LAB-01","Иона","oral","kneeling","stockings","wrists","climax","peak","false","public/character-images/interactions-expanded/iona/oral/kneeling/stockings__wrists__climax__peak.png"
"NPC-LAB-01","Иона","oral","kneeling","nude","free","high_negative","peak","false","public/character-images/interactions-expanded/iona/oral/kneeling/nude__free__high_negative__peak.png"
"NPC-LAB-01","Иона","oral","kneeling","nude","wrists","high_negative","peak","false","public/character-images/interactions-expanded/iona/oral/kneeling/nude__wrists__high_negative__peak.png"
"NPC-LAB-01","Иона","oral","kneeling","underwear","free","high_negative","peak","false","public/character-images/interactions-expanded/iona/oral/kneeling/underwear__free__high_negative__peak.png"
"NPC-LAB-01","Иона","oral","kneeling","underwear","wrists","high_negative","peak","false","public/character-images/interactions-expanded/iona/oral/kneeling/underwear__wrists__high_negative__peak.png"
"NPC-LAB-01","Иона","oral","kneeling","stockings","free","high_negative","peak","false","public/character-images/interactions-expanded/iona/oral/kneeling/stockings__free__high_negative__peak.png"
"NPC-LAB-01","Иона","oral","kneeling","stockings","wrists","high_negative","peak","false","public/character-images/interactions-expanded/iona/oral/kneeling/stockings__wrists__high_negative__peak.png"
"NPC-LAB-01","Иона","oral","deep","nude","free","guarded","sustain","false","public/character-images/interactions-expanded/iona/oral/deep/nude__free__guarded__sustain.png"
"NPC-LAB-01","Иона","oral","deep","nude","wrists","guarded","sustain","false","public/character-images/interactions-expanded/iona/oral/deep/nude__wrists__guarded__sustain.png"
"NPC-LAB-01","Иона","oral","deep","underwear","free","guarded","sustain","false","public/character-images/interactions-expanded/iona/oral/deep/underwear__free__guarded__sustain.png"
"NPC-LAB-01","Иона","oral","deep","underwear","wrists","guarded","sustain","false","public/character-images/interactions-expanded/iona/oral/deep/underwear__wrists__guarded__sustain.png"
"NPC-LAB-01","Иона","oral","deep","stockings","free","guarded","sustain","false","public/character-images/interactions-expanded/iona/oral/deep/stockings__free__guarded__sustain.png"
"NPC-LAB-01","Иона","oral","deep","stockings","wrists","guarded","sustain","false","public/character-images/interactions-expanded/iona/oral/deep/stockings__wrists__guarded__sustain.png"
"NPC-LAB-01","Иона","oral","deep","nude","free","receptive","sustain","false","public/character-images/interactions-expanded/iona/oral/deep/nude__free__receptive__sustain.png"
"NPC-LAB-01","Иона","oral","deep","nude","wrists","receptive","sustain","false","public/character-images/interactions-expanded/iona/oral/deep/nude__wrists__receptive__sustain.png"
"NPC-LAB-01","Иона","oral","deep","underwear","free","receptive","sustain","false","public/character-images/interactions-expanded/iona/oral/deep/underwear__free__receptive__sustain.png"
"NPC-LAB-01","Иона","oral","deep","underwear","wrists","receptive","sustain","false","public/character-images/interactions-expanded/iona/oral/deep/underwear__wrists__receptive__sustain.png"
"NPC-LAB-01","Иона","oral","deep","stockings","free","receptive","sustain","false","public/character-images/interactions-expanded/iona/oral/deep/stockings__free__receptive__sustain.png"
"NPC-LAB-01","Иона","oral","deep","stockings","wrists","receptive","sustain","false","public/character-images/interactions-expanded/iona/oral/deep/stockings__wrists__receptive__sustain.png"
"NPC-LAB-01","Иона","oral","deep","nude","free","high_positive","intense","false","public/character-images/interactions-expanded/iona/oral/deep/nude__free__high_positive__intense.png"
"NPC-LAB-01","Иона","oral","deep","nude","wrists","high_positive","intense","false","public/character-images/interactions-expanded/iona/oral/deep/nude__wrists__high_positive__intense.png"
"NPC-LAB-01","Иона","oral","deep","underwear","free","high_positive","intense","false","public/character-images/interactions-expanded/iona/oral/deep/underwear__free__high_positive__intense.png"
"NPC-LAB-01","Иона","oral","deep","underwear","wrists","high_positive","intense","false","public/character-images/interactions-expanded/iona/oral/deep/underwear__wrists__high_positive__intense.png"
"NPC-LAB-01","Иона","oral","deep","stockings","free","high_positive","intense","false","public/character-images/interactions-expanded/iona/oral/deep/stockings__free__high_positive__intense.png"
"NPC-LAB-01","Иона","oral","deep","stockings","wrists","high_positive","intense","false","public/character-images/interactions-expanded/iona/oral/deep/stockings__wrists__high_positive__intense.png"
"NPC-LAB-01","Иона","oral","deep","nude","free","high_negative","intense","false","public/character-images/interactions-expanded/iona/oral/deep/nude__free__high_negative__intense.png"
"NPC-LAB-01","Иона","oral","deep","nude","wrists","high_negative","intense","false","public/character-images/interactions-expanded/iona/oral/deep/nude__wrists__high_negative__intense.png"
"NPC-LAB-01","Иона","oral","deep","underwear","free","high_negative","intense","false","public/character-images/interactions-expanded/iona/oral/deep/underwear__free__high_negative__intense.png"
"NPC-LAB-01","Иона","oral","deep","underwear","wrists","high_negative","intense","false","public/character-images/interactions-expanded/iona/oral/deep/underwear__wrists__high_negative__intense.png"
"NPC-LAB-01","Иона","oral","deep","stockings","free","high_negative","intense","false","public/character-images/interactions-expanded/iona/oral/deep/stockings__free__high_negative__intense.png"
"NPC-LAB-01","Иона","oral","deep","stockings","wrists","high_negative","intense","false","public/character-images/interactions-expanded/iona/oral/deep/stockings__wrists__high_negative__intense.png"
"NPC-LAB-01","Иона","oral","deep","nude","free","subspace","intense","false","public/character-images/interactions-expanded/iona/oral/deep/nude__free__subspace__intense.png"
"NPC-LAB-01","Иона","oral","deep","nude","wrists","subspace","intense","false","public/character-images/interactions-expanded/iona/oral/deep/nude__wrists__subspace__intense.png"
"NPC-LAB-01","Иона","oral","deep","underwear","free","subspace","intense","false","public/character-images/interactions-expanded/iona/oral/deep/underwear__free__subspace__intense.png"
"NPC-LAB-01","Иона","oral","deep","underwear","wrists","subspace","intense","false","public/character-images/interactions-expanded/iona/oral/deep/underwear__wrists__subspace__intense.png"
"NPC-LAB-01","Иона","oral","deep","stockings","free","subspace","intense","false","public/character-images/interactions-expanded/iona/oral/deep/stockings__free__subspace__intense.png"
"NPC-LAB-01","Иона","oral","deep","stockings","wrists","subspace","intense","false","public/character-images/interactions-expanded/iona/oral/deep/stockings__wrists__subspace__intense.png"
"NPC-LAB-01","Иона","oral","deep","nude","free","climax","peak","false","public/character-images/interactions-expanded/iona/oral/deep/nude__free__climax__peak.png"
"NPC-LAB-01","Иона","oral","deep","nude","wrists","climax","peak","false","public/character-images/interactions-expanded/iona/oral/deep/nude__wrists__climax__peak.png"
"NPC-LAB-01","Иона","oral","deep","underwear","free","climax","peak","false","public/character-images/interactions-expanded/iona/oral/deep/underwear__free__climax__peak.png"
"NPC-LAB-01","Иона","oral","deep","underwear","wrists","climax","peak","false","public/character-images/interactions-expanded/iona/oral/deep/underwear__wrists__climax__peak.png"
"NPC-LAB-01","Иона","oral","deep","stockings","free","climax","peak","false","public/character-images/interactions-expanded/iona/oral/deep/stockings__free__climax__peak.png"
"NPC-LAB-01","Иона","oral","deep","stockings","wrists","climax","peak","false","public/character-images/interactions-expanded/iona/oral/deep/stockings__wrists__climax__peak.png"
"NPC-LAB-01","Иона","oral","deep","nude","free","high_negative","peak","false","public/character-images/interactions-expanded/iona/oral/deep/nude__free__high_negative__peak.png"
"NPC-LAB-01","Иона","oral","deep","nude","wrists","high_negative","peak","false","public/character-images/interactions-expanded/iona/oral/deep/nude__wrists__high_negative__peak.png"
"NPC-LAB-01","Иона","oral","deep","underwear","free","high_negative","peak","false","public/character-images/interactions-expanded/iona/oral/deep/underwear__free__high_negative__peak.png"
"NPC-LAB-01","Иона","oral","deep","underwear","wrists","high_negative","peak","false","public/character-images/interactions-expanded/iona/oral/deep/underwear__wrists__high_negative__peak.png"
"NPC-LAB-01","Иона","oral","deep","stockings","free","high_negative","peak","false","public/character-images/interactions-expanded/iona/oral/deep/stockings__free__high_negative__peak.png"
"NPC-LAB-01","Иона","oral","deep","stockings","wrists","high_negative","peak","false","public/character-images/interactions-expanded/iona/oral/deep/stockings__wrists__high_negative__peak.png"
"NPC-LAB-01","Иона","oral","assisted","nude","free","guarded","sustain","false","public/character-images/interactions-expanded/iona/oral/assisted/nude__free__guarded__sustain.png"
"NPC-LAB-01","Иона","oral","assisted","nude","wrists","guarded","sustain","false","public/character-images/interactions-expanded/iona/oral/assisted/nude__wrists__guarded__sustain.png"
"NPC-LAB-01","Иона","oral","assisted","underwear","free","guarded","sustain","false","public/character-images/interactions-expanded/iona/oral/assisted/underwear__free__guarded__sustain.png"
"NPC-LAB-01","Иона","oral","assisted","underwear","wrists","guarded","sustain","false","public/character-images/interactions-expanded/iona/oral/assisted/underwear__wrists__guarded__sustain.png"
"NPC-LAB-01","Иона","oral","assisted","nude","free","receptive","sustain","false","public/character-images/interactions-expanded/iona/oral/assisted/nude__free__receptive__sustain.png"
"NPC-LAB-01","Иона","oral","assisted","nude","wrists","receptive","sustain","false","public/character-images/interactions-expanded/iona/oral/assisted/nude__wrists__receptive__sustain.png"
"NPC-LAB-01","Иона","oral","assisted","underwear","free","receptive","sustain","false","public/character-images/interactions-expanded/iona/oral/assisted/underwear__free__receptive__sustain.png"
"NPC-LAB-01","Иона","oral","assisted","underwear","wrists","receptive","sustain","false","public/character-images/interactions-expanded/iona/oral/assisted/underwear__wrists__receptive__sustain.png"
"NPC-LAB-01","Иона","oral","assisted","nude","free","climax","peak","false","public/character-images/interactions-expanded/iona/oral/assisted/nude__free__climax__peak.png"
"NPC-LAB-01","Иона","oral","assisted","nude","wrists","climax","peak","false","public/character-images/interactions-expanded/iona/oral/assisted/nude__wrists__climax__peak.png"
"NPC-LAB-01","Иона","oral","assisted","underwear","free","climax","peak","false","public/character-images/interactions-expanded/iona/oral/assisted/underwear__free__climax__peak.png"
"NPC-LAB-01","Иона","oral","assisted","underwear","wrists","climax","peak","false","public/character-images/interactions-expanded/iona/oral/assisted/underwear__wrists__climax__peak.png"
"NPC-LAB-01","Иона","oral","assisted","nude","free","high_negative","peak","false","public/character-images/interactions-expanded/iona/oral/assisted/nude__free__high_negative__peak.png"
"NPC-LAB-01","Иона","oral","assisted","nude","wrists","high_negative","peak","false","public/character-images/interactions-expanded/iona/oral/assisted/nude__wrists__high_negative__peak.png"
"NPC-LAB-01","Иона","oral","assisted","underwear","free","high_negative","peak","false","public/character-images/interactions-expanded/iona/oral/assisted/underwear__free__high_negative__peak.png"
"NPC-LAB-01","Иона","oral","assisted","underwear","wrists","high_negative","peak","false","public/character-images/interactions-expanded/iona/oral/assisted/underwear__wrists__high_negative__peak.png"
"NPC-LAB-01","Иона","penetration","doggy","nude","free","guarded","sustain","false","public/character-images/interactions-expanded/iona/penetration/doggy/nude__free__guarded__sustain.png"
"NPC-LAB-01","Иона","penetration","doggy","nude","wrists","guarded","sustain","false","public/character-images/interactions-expanded/iona/penetration/doggy/nude__wrists__guarded__sustain.png"
"NPC-LAB-01","Иона","penetration","doggy","underwear","free","guarded","sustain","false","public/character-images/interactions-expanded/iona/penetration/doggy/underwear__free__guarded__sustain.png"
"NPC-LAB-01","Иона","penetration","doggy","underwear","wrists","guarded","sustain","false","public/character-images/interactions-expanded/iona/penetration/doggy/underwear__wrists__guarded__sustain.png"
"NPC-LAB-01","Иона","penetration","doggy","stockings","free","guarded","sustain","false","public/character-images/interactions-expanded/iona/penetration/doggy/stockings__free__guarded__sustain.png"
"NPC-LAB-01","Иона","penetration","doggy","stockings","wrists","guarded","sustain","false","public/character-images/interactions-expanded/iona/penetration/doggy/stockings__wrists__guarded__sustain.png"
"NPC-LAB-01","Иона","penetration","doggy","nude","free","receptive","sustain","false","public/character-images/interactions-expanded/iona/penetration/doggy/nude__free__receptive__sustain.png"
"NPC-LAB-01","Иона","penetration","doggy","nude","wrists","receptive","sustain","false","public/character-images/interactions-expanded/iona/penetration/doggy/nude__wrists__receptive__sustain.png"
"NPC-LAB-01","Иона","penetration","doggy","underwear","free","receptive","sustain","false","public/character-images/interactions-expanded/iona/penetration/doggy/underwear__free__receptive__sustain.png"
"NPC-LAB-01","Иона","penetration","doggy","underwear","wrists","receptive","sustain","false","public/character-images/interactions-expanded/iona/penetration/doggy/underwear__wrists__receptive__sustain.png"
"NPC-LAB-01","Иона","penetration","doggy","stockings","free","receptive","sustain","false","public/character-images/interactions-expanded/iona/penetration/doggy/stockings__free__receptive__sustain.png"
"NPC-LAB-01","Иона","penetration","doggy","stockings","wrists","receptive","sustain","false","public/character-images/interactions-expanded/iona/penetration/doggy/stockings__wrists__receptive__sustain.png"
"NPC-LAB-01","Иона","penetration","doggy","nude","free","high_positive","intense","false","public/character-images/interactions-expanded/iona/penetration/doggy/nude__free__high_positive__intense.png"
"NPC-LAB-01","Иона","penetration","doggy","nude","wrists","high_positive","intense","false","public/character-images/interactions-expanded/iona/penetration/doggy/nude__wrists__high_positive__intense.png"
"NPC-LAB-01","Иона","penetration","doggy","underwear","free","high_positive","intense","false","public/character-images/interactions-expanded/iona/penetration/doggy/underwear__free__high_positive__intense.png"
"NPC-LAB-01","Иона","penetration","doggy","underwear","wrists","high_positive","intense","false","public/character-images/interactions-expanded/iona/penetration/doggy/underwear__wrists__high_positive__intense.png"
"NPC-LAB-01","Иона","penetration","doggy","stockings","free","high_positive","intense","false","public/character-images/interactions-expanded/iona/penetration/doggy/stockings__free__high_positive__intense.png"
"NPC-LAB-01","Иона","penetration","doggy","stockings","wrists","high_positive","intense","false","public/character-images/interactions-expanded/iona/penetration/doggy/stockings__wrists__high_positive__intense.png"
"NPC-LAB-01","Иона","penetration","doggy","nude","free","high_negative","intense","false","public/character-images/interactions-expanded/iona/penetration/doggy/nude__free__high_negative__intense.png"
"NPC-LAB-01","Иона","penetration","doggy","nude","wrists","high_negative","intense","false","public/character-images/interactions-expanded/iona/penetration/doggy/nude__wrists__high_negative__intense.png"
"NPC-LAB-01","Иона","penetration","doggy","underwear","free","high_negative","intense","false","public/character-images/interactions-expanded/iona/penetration/doggy/underwear__free__high_negative__intense.png"
"NPC-LAB-01","Иона","penetration","doggy","underwear","wrists","high_negative","intense","false","public/character-images/interactions-expanded/iona/penetration/doggy/underwear__wrists__high_negative__intense.png"
"NPC-LAB-01","Иона","penetration","doggy","stockings","free","high_negative","intense","false","public/character-images/interactions-expanded/iona/penetration/doggy/stockings__free__high_negative__intense.png"
"NPC-LAB-01","Иона","penetration","doggy","stockings","wrists","high_negative","intense","false","public/character-images/interactions-expanded/iona/penetration/doggy/stockings__wrists__high_negative__intense.png"
"NPC-LAB-01","Иона","penetration","doggy","nude","free","subspace","intense","false","public/character-images/interactions-expanded/iona/penetration/doggy/nude__free__subspace__intense.png"
"NPC-LAB-01","Иона","penetration","doggy","nude","wrists","subspace","intense","false","public/character-images/interactions-expanded/iona/penetration/doggy/nude__wrists__subspace__intense.png"
"NPC-LAB-01","Иона","penetration","doggy","underwear","free","subspace","intense","false","public/character-images/interactions-expanded/iona/penetration/doggy/underwear__free__subspace__intense.png"
"NPC-LAB-01","Иона","penetration","doggy","underwear","wrists","subspace","intense","false","public/character-images/interactions-expanded/iona/penetration/doggy/underwear__wrists__subspace__intense.png"
"NPC-LAB-01","Иона","penetration","doggy","stockings","free","subspace","intense","false","public/character-images/interactions-expanded/iona/penetration/doggy/stockings__free__subspace__intense.png"
"NPC-LAB-01","Иона","penetration","doggy","stockings","wrists","subspace","intense","false","public/character-images/interactions-expanded/iona/penetration/doggy/stockings__wrists__subspace__intense.png"
"NPC-LAB-01","Иона","penetration","doggy","nude","free","climax","peak","false","public/character-images/interactions-expanded/iona/penetration/doggy/nude__free__climax__peak.png"
"NPC-LAB-01","Иона","penetration","doggy","nude","wrists","climax","peak","false","public/character-images/interactions-expanded/iona/penetration/doggy/nude__wrists__climax__peak.png"
"NPC-LAB-01","Иона","penetration","doggy","underwear","free","climax","peak","false","public/character-images/interactions-expanded/iona/penetration/doggy/underwear__free__climax__peak.png"
"NPC-LAB-01","Иона","penetration","doggy","underwear","wrists","climax","peak","false","public/character-images/interactions-expanded/iona/penetration/doggy/underwear__wrists__climax__peak.png"
"NPC-LAB-01","Иона","penetration","doggy","stockings","free","climax","peak","false","public/character-images/interactions-expanded/iona/penetration/doggy/stockings__free__climax__peak.png"
"NPC-LAB-01","Иона","penetration","doggy","stockings","wrists","climax","peak","false","public/character-images/interactions-expanded/iona/penetration/doggy/stockings__wrists__climax__peak.png"
"NPC-LAB-01","Иона","penetration","doggy","nude","free","high_negative","peak","false","public/character-images/interactions-expanded/iona/penetration/doggy/nude__free__high_negative__peak.png"
"NPC-LAB-01","Иона","penetration","doggy","nude","wrists","high_negative","peak","false","public/character-images/interactions-expanded/iona/penetration/doggy/nude__wrists__high_negative__peak.png"
"NPC-LAB-01","Иона","penetration","doggy","underwear","free","high_negative","peak","false","public/character-images/interactions-expanded/iona/penetration/doggy/underwear__free__high_negative__peak.png"
"NPC-LAB-01","Иона","penetration","doggy","underwear","wrists","high_negative","peak","false","public/character-images/interactions-expanded/iona/penetration/doggy/underwear__wrists__high_negative__peak.png"
"NPC-LAB-01","Иона","penetration","doggy","stockings","free","high_negative","peak","false","public/character-images/interactions-expanded/iona/penetration/doggy/stockings__free__high_negative__peak.png"
"NPC-LAB-01","Иона","penetration","doggy","stockings","wrists","high_negative","peak","false","public/character-images/interactions-expanded/iona/penetration/doggy/stockings__wrists__high_negative__peak.png"
"NPC-LAB-01","Иона","penetration","missionary","nude","free","guarded","sustain","false","public/character-images/interactions-expanded/iona/penetration/missionary/nude__free__guarded__sustain.png"
"NPC-LAB-01","Иона","penetration","missionary","nude","spread","guarded","sustain","false","public/character-images/interactions-expanded/iona/penetration/missionary/nude__spread__guarded__sustain.png"
"NPC-LAB-01","Иона","penetration","missionary","underwear","free","guarded","sustain","false","public/character-images/interactions-expanded/iona/penetration/missionary/underwear__free__guarded__sustain.png"
"NPC-LAB-01","Иона","penetration","missionary","underwear","spread","guarded","sustain","false","public/character-images/interactions-expanded/iona/penetration/missionary/underwear__spread__guarded__sustain.png"
"NPC-LAB-01","Иона","penetration","missionary","stockings","free","guarded","sustain","false","public/character-images/interactions-expanded/iona/penetration/missionary/stockings__free__guarded__sustain.png"
"NPC-LAB-01","Иона","penetration","missionary","stockings","spread","guarded","sustain","false","public/character-images/interactions-expanded/iona/penetration/missionary/stockings__spread__guarded__sustain.png"
"NPC-LAB-01","Иона","penetration","missionary","nude","free","receptive","sustain","false","public/character-images/interactions-expanded/iona/penetration/missionary/nude__free__receptive__sustain.png"
"NPC-LAB-01","Иона","penetration","missionary","nude","spread","receptive","sustain","false","public/character-images/interactions-expanded/iona/penetration/missionary/nude__spread__receptive__sustain.png"
"NPC-LAB-01","Иона","penetration","missionary","underwear","free","receptive","sustain","false","public/character-images/interactions-expanded/iona/penetration/missionary/underwear__free__receptive__sustain.png"
"NPC-LAB-01","Иона","penetration","missionary","underwear","spread","receptive","sustain","false","public/character-images/interactions-expanded/iona/penetration/missionary/underwear__spread__receptive__sustain.png"
"NPC-LAB-01","Иона","penetration","missionary","stockings","free","receptive","sustain","false","public/character-images/interactions-expanded/iona/penetration/missionary/stockings__free__receptive__sustain.png"
"NPC-LAB-01","Иона","penetration","missionary","stockings","spread","receptive","sustain","false","public/character-images/interactions-expanded/iona/penetration/missionary/stockings__spread__receptive__sustain.png"
"NPC-LAB-01","Иона","penetration","missionary","nude","free","high_positive","intense","false","public/character-images/interactions-expanded/iona/penetration/missionary/nude__free__high_positive__intense.png"
"NPC-LAB-01","Иона","penetration","missionary","nude","spread","high_positive","intense","false","public/character-images/interactions-expanded/iona/penetration/missionary/nude__spread__high_positive__intense.png"
"NPC-LAB-01","Иона","penetration","missionary","underwear","free","high_positive","intense","false","public/character-images/interactions-expanded/iona/penetration/missionary/underwear__free__high_positive__intense.png"
"NPC-LAB-01","Иона","penetration","missionary","underwear","spread","high_positive","intense","false","public/character-images/interactions-expanded/iona/penetration/missionary/underwear__spread__high_positive__intense.png"
"NPC-LAB-01","Иона","penetration","missionary","stockings","free","high_positive","intense","false","public/character-images/interactions-expanded/iona/penetration/missionary/stockings__free__high_positive__intense.png"
"NPC-LAB-01","Иона","penetration","missionary","stockings","spread","high_positive","intense","false","public/character-images/interactions-expanded/iona/penetration/missionary/stockings__spread__high_positive__intense.png"
"NPC-LAB-01","Иона","penetration","missionary","nude","free","high_negative","intense","false","public/character-images/interactions-expanded/iona/penetration/missionary/nude__free__high_negative__intense.png"
"NPC-LAB-01","Иона","penetration","missionary","nude","spread","high_negative","intense","false","public/character-images/interactions-expanded/iona/penetration/missionary/nude__spread__high_negative__intense.png"
"NPC-LAB-01","Иона","penetration","missionary","underwear","free","high_negative","intense","false","public/character-images/interactions-expanded/iona/penetration/missionary/underwear__free__high_negative__intense.png"
"NPC-LAB-01","Иона","penetration","missionary","underwear","spread","high_negative","intense","false","public/character-images/interactions-expanded/iona/penetration/missionary/underwear__spread__high_negative__intense.png"
"NPC-LAB-01","Иона","penetration","missionary","stockings","free","high_negative","intense","false","public/character-images/interactions-expanded/iona/penetration/missionary/stockings__free__high_negative__intense.png"
"NPC-LAB-01","Иона","penetration","missionary","stockings","spread","high_negative","intense","false","public/character-images/interactions-expanded/iona/penetration/missionary/stockings__spread__high_negative__intense.png"
"NPC-LAB-01","Иона","penetration","missionary","nude","free","subspace","intense","false","public/character-images/interactions-expanded/iona/penetration/missionary/nude__free__subspace__intense.png"
"NPC-LAB-01","Иона","penetration","missionary","nude","spread","subspace","intense","false","public/character-images/interactions-expanded/iona/penetration/missionary/nude__spread__subspace__intense.png"
"NPC-LAB-01","Иона","penetration","missionary","underwear","free","subspace","intense","false","public/character-images/interactions-expanded/iona/penetration/missionary/underwear__free__subspace__intense.png"
"NPC-LAB-01","Иона","penetration","missionary","underwear","spread","subspace","intense","false","public/character-images/interactions-expanded/iona/penetration/missionary/underwear__spread__subspace__intense.png"
"NPC-LAB-01","Иона","penetration","missionary","stockings","free","subspace","intense","false","public/character-images/interactions-expanded/iona/penetration/missionary/stockings__free__subspace__intense.png"
"NPC-LAB-01","Иона","penetration","missionary","stockings","spread","subspace","intense","false","public/character-images/interactions-expanded/iona/penetration/missionary/stockings__spread__subspace__intense.png"
"NPC-LAB-01","Иона","penetration","missionary","nude","free","climax","peak","false","public/character-images/interactions-expanded/iona/penetration/missionary/nude__free__climax__peak.png"
"NPC-LAB-01","Иона","penetration","missionary","nude","spread","climax","peak","false","public/character-images/interactions-expanded/iona/penetration/missionary/nude__spread__climax__peak.png"
"NPC-LAB-01","Иона","penetration","missionary","underwear","free","climax","peak","false","public/character-images/interactions-expanded/iona/penetration/missionary/underwear__free__climax__peak.png"
"NPC-LAB-01","Иона","penetration","missionary","underwear","spread","climax","peak","false","public/character-images/interactions-expanded/iona/penetration/missionary/underwear__spread__climax__peak.png"
"NPC-LAB-01","Иона","penetration","missionary","stockings","free","climax","peak","false","public/character-images/interactions-expanded/iona/penetration/missionary/stockings__free__climax__peak.png"
"NPC-LAB-01","Иона","penetration","missionary","stockings","spread","climax","peak","false","public/character-images/interactions-expanded/iona/penetration/missionary/stockings__spread__climax__peak.png"
"NPC-LAB-01","Иона","penetration","missionary","nude","free","high_negative","peak","false","public/character-images/interactions-expanded/iona/penetration/missionary/nude__free__high_negative__peak.png"
"NPC-LAB-01","Иона","penetration","missionary","nude","spread","high_negative","peak","false","public/character-images/interactions-expanded/iona/penetration/missionary/nude__spread__high_negative__peak.png"
"NPC-LAB-01","Иона","penetration","missionary","underwear","free","high_negative","peak","false","public/character-images/interactions-expanded/iona/penetration/missionary/underwear__free__high_negative__peak.png"
"NPC-LAB-01","Иона","penetration","missionary","underwear","spread","high_negative","peak","false","public/character-images/interactions-expanded/iona/penetration/missionary/underwear__spread__high_negative__peak.png"
"NPC-LAB-01","Иона","penetration","missionary","stockings","free","high_negative","peak","false","public/character-images/interactions-expanded/iona/penetration/missionary/stockings__free__high_negative__peak.png"
"NPC-LAB-01","Иона","penetration","missionary","stockings","spread","high_negative","peak","false","public/character-images/interactions-expanded/iona/penetration/missionary/stockings__spread__high_negative__peak.png"
"NPC-LAB-01","Иона","penetration","standing","nude","free","guarded","sustain","false","public/character-images/interactions-expanded/iona/penetration/standing/nude__free__guarded__sustain.png"
"NPC-LAB-01","Иона","penetration","standing","nude","wrists","guarded","sustain","false","public/character-images/interactions-expanded/iona/penetration/standing/nude__wrists__guarded__sustain.png"
"NPC-LAB-01","Иона","penetration","standing","underwear","free","guarded","sustain","false","public/character-images/interactions-expanded/iona/penetration/standing/underwear__free__guarded__sustain.png"
"NPC-LAB-01","Иона","penetration","standing","underwear","wrists","guarded","sustain","false","public/character-images/interactions-expanded/iona/penetration/standing/underwear__wrists__guarded__sustain.png"
"NPC-LAB-01","Иона","penetration","standing","stockings","free","guarded","sustain","false","public/character-images/interactions-expanded/iona/penetration/standing/stockings__free__guarded__sustain.png"
"NPC-LAB-01","Иона","penetration","standing","stockings","wrists","guarded","sustain","false","public/character-images/interactions-expanded/iona/penetration/standing/stockings__wrists__guarded__sustain.png"
"NPC-LAB-01","Иона","penetration","standing","nude","free","receptive","sustain","false","public/character-images/interactions-expanded/iona/penetration/standing/nude__free__receptive__sustain.png"
"NPC-LAB-01","Иона","penetration","standing","nude","wrists","receptive","sustain","false","public/character-images/interactions-expanded/iona/penetration/standing/nude__wrists__receptive__sustain.png"
"NPC-LAB-01","Иона","penetration","standing","underwear","free","receptive","sustain","false","public/character-images/interactions-expanded/iona/penetration/standing/underwear__free__receptive__sustain.png"
"NPC-LAB-01","Иона","penetration","standing","underwear","wrists","receptive","sustain","false","public/character-images/interactions-expanded/iona/penetration/standing/underwear__wrists__receptive__sustain.png"
"NPC-LAB-01","Иона","penetration","standing","stockings","free","receptive","sustain","false","public/character-images/interactions-expanded/iona/penetration/standing/stockings__free__receptive__sustain.png"
"NPC-LAB-01","Иона","penetration","standing","stockings","wrists","receptive","sustain","false","public/character-images/interactions-expanded/iona/penetration/standing/stockings__wrists__receptive__sustain.png"
"NPC-LAB-01","Иона","penetration","standing","nude","free","climax","peak","false","public/character-images/interactions-expanded/iona/penetration/standing/nude__free__climax__peak.png"
"NPC-LAB-01","Иона","penetration","standing","nude","wrists","climax","peak","false","public/character-images/interactions-expanded/iona/penetration/standing/nude__wrists__climax__peak.png"
"NPC-LAB-01","Иона","penetration","standing","underwear","free","climax","peak","false","public/character-images/interactions-expanded/iona/penetration/standing/underwear__free__climax__peak.png"
"NPC-LAB-01","Иона","penetration","standing","underwear","wrists","climax","peak","false","public/character-images/interactions-expanded/iona/penetration/standing/underwear__wrists__climax__peak.png"
"NPC-LAB-01","Иона","penetration","standing","stockings","free","climax","peak","false","public/character-images/interactions-expanded/iona/penetration/standing/stockings__free__climax__peak.png"
"NPC-LAB-01","Иона","penetration","standing","stockings","wrists","climax","peak","false","public/character-images/interactions-expanded/iona/penetration/standing/stockings__wrists__climax__peak.png"
"NPC-LAB-01","Иона","penetration","standing","nude","free","high_negative","peak","false","public/character-images/interactions-expanded/iona/penetration/standing/nude__free__high_negative__peak.png"
"NPC-LAB-01","Иона","penetration","standing","nude","wrists","high_negative","peak","false","public/character-images/interactions-expanded/iona/penetration/standing/nude__wrists__high_negative__peak.png"
"NPC-LAB-01","Иона","penetration","standing","underwear","free","high_negative","peak","false","public/character-images/interactions-expanded/iona/penetration/standing/underwear__free__high_negative__peak.png"
"NPC-LAB-01","Иона","penetration","standing","underwear","wrists","high_negative","peak","false","public/character-images/interactions-expanded/iona/penetration/standing/underwear__wrists__high_negative__peak.png"
"NPC-LAB-01","Иона","penetration","standing","stockings","free","high_negative","peak","false","public/character-images/interactions-expanded/iona/penetration/standing/stockings__free__high_negative__peak.png"
"NPC-LAB-01","Иона","penetration","standing","stockings","wrists","high_negative","peak","false","public/character-images/interactions-expanded/iona/penetration/standing/stockings__wrists__high_negative__peak.png"
"NPC-LAB-01","Иона","capsule","hmd","nude","machine","guarded","sustain","false","public/character-images/interactions-expanded/iona/capsule/hmd/nude__machine__guarded__sustain.png"
"NPC-LAB-01","Иона","capsule","hmd","device_outfit","machine","guarded","sustain","false","public/character-images/interactions-expanded/iona/capsule/hmd/device_outfit__machine__guarded__sustain.png"
"NPC-LAB-01","Иона","capsule","hmd","nude","machine","receptive","sustain","false","public/character-images/interactions-expanded/iona/capsule/hmd/nude__machine__receptive__sustain.png"
"NPC-LAB-01","Иона","capsule","hmd","device_outfit","machine","receptive","sustain","false","public/character-images/interactions-expanded/iona/capsule/hmd/device_outfit__machine__receptive__sustain.png"
"NPC-LAB-01","Иона","capsule","hmd","nude","machine","high_positive","intense","false","public/character-images/interactions-expanded/iona/capsule/hmd/nude__machine__high_positive__intense.png"
"NPC-LAB-01","Иона","capsule","hmd","device_outfit","machine","high_positive","intense","false","public/character-images/interactions-expanded/iona/capsule/hmd/device_outfit__machine__high_positive__intense.png"
"NPC-LAB-01","Иона","capsule","hmd","nude","machine","high_negative","intense","false","public/character-images/interactions-expanded/iona/capsule/hmd/nude__machine__high_negative__intense.png"
"NPC-LAB-01","Иона","capsule","hmd","device_outfit","machine","high_negative","intense","false","public/character-images/interactions-expanded/iona/capsule/hmd/device_outfit__machine__high_negative__intense.png"
"NPC-LAB-01","Иона","capsule","hmd","nude","machine","subspace","intense","false","public/character-images/interactions-expanded/iona/capsule/hmd/nude__machine__subspace__intense.png"
"NPC-LAB-01","Иона","capsule","hmd","device_outfit","machine","subspace","intense","false","public/character-images/interactions-expanded/iona/capsule/hmd/device_outfit__machine__subspace__intense.png"
"NPC-LAB-01","Иона","capsule","hmd","nude","machine","climax","peak","false","public/character-images/interactions-expanded/iona/capsule/hmd/nude__machine__climax__peak.png"
"NPC-LAB-01","Иона","capsule","hmd","device_outfit","machine","climax","peak","false","public/character-images/interactions-expanded/iona/capsule/hmd/device_outfit__machine__climax__peak.png"
"NPC-LAB-01","Иона","capsule","hmd","nude","machine","high_negative","peak","false","public/character-images/interactions-expanded/iona/capsule/hmd/nude__machine__high_negative__peak.png"
"NPC-LAB-01","Иона","capsule","hmd","device_outfit","machine","high_negative","peak","false","public/character-images/interactions-expanded/iona/capsule/hmd/device_outfit__machine__high_negative__peak.png"
"NPC-LAB-01","Иона","capsule","machine","nude","machine","guarded","sustain","false","public/character-images/interactions-expanded/iona/capsule/machine/nude__machine__guarded__sustain.png"
"NPC-LAB-01","Иона","capsule","machine","device_outfit","machine","guarded","sustain","false","public/character-images/interactions-expanded/iona/capsule/machine/device_outfit__machine__guarded__sustain.png"
"NPC-LAB-01","Иона","capsule","machine","nude","machine","receptive","sustain","false","public/character-images/interactions-expanded/iona/capsule/machine/nude__machine__receptive__sustain.png"
"NPC-LAB-01","Иона","capsule","machine","device_outfit","machine","receptive","sustain","false","public/character-images/interactions-expanded/iona/capsule/machine/device_outfit__machine__receptive__sustain.png"
"NPC-LAB-01","Иона","capsule","machine","nude","machine","high_positive","intense","false","public/character-images/interactions-expanded/iona/capsule/machine/nude__machine__high_positive__intense.png"
"NPC-LAB-01","Иона","capsule","machine","device_outfit","machine","high_positive","intense","false","public/character-images/interactions-expanded/iona/capsule/machine/device_outfit__machine__high_positive__intense.png"
"NPC-LAB-01","Иона","capsule","machine","nude","machine","high_negative","intense","false","public/character-images/interactions-expanded/iona/capsule/machine/nude__machine__high_negative__intense.png"
"NPC-LAB-01","Иона","capsule","machine","device_outfit","machine","high_negative","intense","false","public/character-images/interactions-expanded/iona/capsule/machine/device_outfit__machine__high_negative__intense.png"
"NPC-LAB-01","Иона","capsule","machine","nude","machine","subspace","intense","false","public/character-images/interactions-expanded/iona/capsule/machine/nude__machine__subspace__intense.png"
"NPC-LAB-01","Иона","capsule","machine","device_outfit","machine","subspace","intense","false","public/character-images/interactions-expanded/iona/capsule/machine/device_outfit__machine__subspace__intense.png"
"NPC-LAB-01","Иона","capsule","machine","nude","machine","climax","peak","false","public/character-images/interactions-expanded/iona/capsule/machine/nude__machine__climax__peak.png"
"NPC-LAB-01","Иона","capsule","machine","device_outfit","machine","climax","peak","false","public/character-images/interactions-expanded/iona/capsule/machine/device_outfit__machine__climax__peak.png"
"NPC-LAB-01","Иона","capsule","machine","nude","machine","high_negative","peak","false","public/character-images/interactions-expanded/iona/capsule/machine/nude__machine__high_negative__peak.png"
"NPC-LAB-01","Иона","capsule","machine","device_outfit","machine","high_negative","peak","false","public/character-images/interactions-expanded/iona/capsule/machine/device_outfit__machine__high_negative__peak.png"
"NPC-LAB-01","Иона","capsule","electric","nude","machine","guarded","sustain","false","public/character-images/interactions-expanded/iona/capsule/electric/nude__machine__guarded__sustain.png"
"NPC-LAB-01","Иона","capsule","electric","device_outfit","machine","guarded","sustain","false","public/character-images/interactions-expanded/iona/capsule/electric/device_outfit__machine__guarded__sustain.png"
"NPC-LAB-01","Иона","capsule","electric","nude","machine","receptive","sustain","false","public/character-images/interactions-expanded/iona/capsule/electric/nude__machine__receptive__sustain.png"
"NPC-LAB-01","Иона","capsule","electric","device_outfit","machine","receptive","sustain","false","public/character-images/interactions-expanded/iona/capsule/electric/device_outfit__machine__receptive__sustain.png"
"NPC-LAB-01","Иона","capsule","electric","nude","machine","high_positive","intense","false","public/character-images/interactions-expanded/iona/capsule/electric/nude__machine__high_positive__intense.png"
"NPC-LAB-01","Иона","capsule","electric","device_outfit","machine","high_positive","intense","false","public/character-images/interactions-expanded/iona/capsule/electric/device_outfit__machine__high_positive__intense.png"
"NPC-LAB-01","Иона","capsule","electric","nude","machine","high_negative","intense","false","public/character-images/interactions-expanded/iona/capsule/electric/nude__machine__high_negative__intense.png"
"NPC-LAB-01","Иона","capsule","electric","device_outfit","machine","high_negative","intense","false","public/character-images/interactions-expanded/iona/capsule/electric/device_outfit__machine__high_negative__intense.png"
"NPC-LAB-01","Иона","capsule","electric","nude","machine","subspace","intense","false","public/character-images/interactions-expanded/iona/capsule/electric/nude__machine__subspace__intense.png"
"NPC-LAB-01","Иона","capsule","electric","device_outfit","machine","subspace","intense","false","public/character-images/interactions-expanded/iona/capsule/electric/device_outfit__machine__subspace__intense.png"
"NPC-LAB-01","Иона","capsule","electric","nude","machine","climax","peak","false","public/character-images/interactions-expanded/iona/capsule/electric/nude__machine__climax__peak.png"
"NPC-LAB-01","Иона","capsule","electric","device_outfit","machine","climax","peak","false","public/character-images/interactions-expanded/iona/capsule/electric/device_outfit__machine__climax__peak.png"
"NPC-LAB-01","Иона","capsule","electric","nude","machine","high_negative","peak","false","public/character-images/interactions-expanded/iona/capsule/electric/nude__machine__high_negative__peak.png"
"NPC-LAB-01","Иона","capsule","electric","device_outfit","machine","high_negative","peak","false","public/character-images/interactions-expanded/iona/capsule/electric/device_outfit__machine__high_negative__peak.png"
"NPC-LAB-01","Иона","capsule","glory","nude","machine","guarded","sustain","true","public/character-images/interactions-expanded/iona/capsule/glory/nude__machine__guarded__sustain.png"
"NPC-LAB-01","Иона","capsule","glory","underwear","machine","guarded","sustain","true","public/character-images/interactions-expanded/iona/capsule/glory/underwear__machine__guarded__sustain.png"
"NPC-LAB-01","Иона","capsule","glory","nude","machine","receptive","sustain","true","public/character-images/interactions-expanded/iona/capsule/glory/nude__machine__receptive__sustain.png"
"NPC-LAB-01","Иона","capsule","glory","underwear","machine","receptive","sustain","true","public/character-images/interactions-expanded/iona/capsule/glory/underwear__machine__receptive__sustain.png"
"NPC-LAB-01","Иона","capsule","glory","nude","machine","climax","peak","true","public/character-images/interactions-expanded/iona/capsule/glory/nude__machine__climax__peak.png"
"NPC-LAB-01","Иона","capsule","glory","underwear","machine","climax","peak","true","public/character-images/interactions-expanded/iona/capsule/glory/underwear__machine__climax__peak.png"
"NPC-LAB-01","Иона","capsule","glory","nude","machine","high_negative","peak","true","public/character-images/interactions-expanded/iona/capsule/glory/nude__machine__high_negative__peak.png"
"NPC-LAB-01","Иона","capsule","glory","underwear","machine","high_negative","peak","true","public/character-images/interactions-expanded/iona/capsule/glory/underwear__machine__high_negative__peak.png"
"NPC-LAB-01","Иона","lesbian","fingering_kiss","nude","free","guarded","sustain","false","public/character-images/interactions-expanded/iona/lesbian/fingering_kiss/nude__free__guarded__sustain.png"
"NPC-LAB-01","Иона","lesbian","fingering_kiss","nude","wrists","guarded","sustain","false","public/character-images/interactions-expanded/iona/lesbian/fingering_kiss/nude__wrists__guarded__sustain.png"
"NPC-LAB-01","Иона","lesbian","fingering_kiss","underwear","free","guarded","sustain","false","public/character-images/interactions-expanded/iona/lesbian/fingering_kiss/underwear__free__guarded__sustain.png"
"NPC-LAB-01","Иона","lesbian","fingering_kiss","underwear","wrists","guarded","sustain","false","public/character-images/interactions-expanded/iona/lesbian/fingering_kiss/underwear__wrists__guarded__sustain.png"
"NPC-LAB-01","Иона","lesbian","fingering_kiss","stockings","free","guarded","sustain","false","public/character-images/interactions-expanded/iona/lesbian/fingering_kiss/stockings__free__guarded__sustain.png"
"NPC-LAB-01","Иона","lesbian","fingering_kiss","stockings","wrists","guarded","sustain","false","public/character-images/interactions-expanded/iona/lesbian/fingering_kiss/stockings__wrists__guarded__sustain.png"
"NPC-LAB-01","Иона","lesbian","fingering_kiss","nude","free","receptive","sustain","false","public/character-images/interactions-expanded/iona/lesbian/fingering_kiss/nude__free__receptive__sustain.png"
"NPC-LAB-01","Иона","lesbian","fingering_kiss","nude","wrists","receptive","sustain","false","public/character-images/interactions-expanded/iona/lesbian/fingering_kiss/nude__wrists__receptive__sustain.png"
"NPC-LAB-01","Иона","lesbian","fingering_kiss","underwear","free","receptive","sustain","false","public/character-images/interactions-expanded/iona/lesbian/fingering_kiss/underwear__free__receptive__sustain.png"
"NPC-LAB-01","Иона","lesbian","fingering_kiss","underwear","wrists","receptive","sustain","false","public/character-images/interactions-expanded/iona/lesbian/fingering_kiss/underwear__wrists__receptive__sustain.png"
"NPC-LAB-01","Иона","lesbian","fingering_kiss","stockings","free","receptive","sustain","false","public/character-images/interactions-expanded/iona/lesbian/fingering_kiss/stockings__free__receptive__sustain.png"
"NPC-LAB-01","Иона","lesbian","fingering_kiss","stockings","wrists","receptive","sustain","false","public/character-images/interactions-expanded/iona/lesbian/fingering_kiss/stockings__wrists__receptive__sustain.png"
"NPC-LAB-01","Иона","lesbian","fingering_kiss","nude","free","high_positive","intense","false","public/character-images/interactions-expanded/iona/lesbian/fingering_kiss/nude__free__high_positive__intense.png"
"NPC-LAB-01","Иона","lesbian","fingering_kiss","nude","wrists","high_positive","intense","false","public/character-images/interactions-expanded/iona/lesbian/fingering_kiss/nude__wrists__high_positive__intense.png"
"NPC-LAB-01","Иона","lesbian","fingering_kiss","underwear","free","high_positive","intense","false","public/character-images/interactions-expanded/iona/lesbian/fingering_kiss/underwear__free__high_positive__intense.png"
"NPC-LAB-01","Иона","lesbian","fingering_kiss","underwear","wrists","high_positive","intense","false","public/character-images/interactions-expanded/iona/lesbian/fingering_kiss/underwear__wrists__high_positive__intense.png"
"NPC-LAB-01","Иона","lesbian","fingering_kiss","stockings","free","high_positive","intense","false","public/character-images/interactions-expanded/iona/lesbian/fingering_kiss/stockings__free__high_positive__intense.png"
"NPC-LAB-01","Иона","lesbian","fingering_kiss","stockings","wrists","high_positive","intense","false","public/character-images/interactions-expanded/iona/lesbian/fingering_kiss/stockings__wrists__high_positive__intense.png"
"NPC-LAB-01","Иона","lesbian","fingering_kiss","nude","free","high_negative","intense","false","public/character-images/interactions-expanded/iona/lesbian/fingering_kiss/nude__free__high_negative__intense.png"
"NPC-LAB-01","Иона","lesbian","fingering_kiss","nude","wrists","high_negative","intense","false","public/character-images/interactions-expanded/iona/lesbian/fingering_kiss/nude__wrists__high_negative__intense.png"
"NPC-LAB-01","Иона","lesbian","fingering_kiss","underwear","free","high_negative","intense","false","public/character-images/interactions-expanded/iona/lesbian/fingering_kiss/underwear__free__high_negative__intense.png"
"NPC-LAB-01","Иона","lesbian","fingering_kiss","underwear","wrists","high_negative","intense","false","public/character-images/interactions-expanded/iona/lesbian/fingering_kiss/underwear__wrists__high_negative__intense.png"
"NPC-LAB-01","Иона","lesbian","fingering_kiss","stockings","free","high_negative","intense","false","public/character-images/interactions-expanded/iona/lesbian/fingering_kiss/stockings__free__high_negative__intense.png"
"NPC-LAB-01","Иона","lesbian","fingering_kiss","stockings","wrists","high_negative","intense","false","public/character-images/interactions-expanded/iona/lesbian/fingering_kiss/stockings__wrists__high_negative__intense.png"
"NPC-LAB-01","Иона","lesbian","fingering_kiss","nude","free","subspace","intense","false","public/character-images/interactions-expanded/iona/lesbian/fingering_kiss/nude__free__subspace__intense.png"
"NPC-LAB-01","Иона","lesbian","fingering_kiss","nude","wrists","subspace","intense","false","public/character-images/interactions-expanded/iona/lesbian/fingering_kiss/nude__wrists__subspace__intense.png"
"NPC-LAB-01","Иона","lesbian","fingering_kiss","underwear","free","subspace","intense","false","public/character-images/interactions-expanded/iona/lesbian/fingering_kiss/underwear__free__subspace__intense.png"
"NPC-LAB-01","Иона","lesbian","fingering_kiss","underwear","wrists","subspace","intense","false","public/character-images/interactions-expanded/iona/lesbian/fingering_kiss/underwear__wrists__subspace__intense.png"
"NPC-LAB-01","Иона","lesbian","fingering_kiss","stockings","free","subspace","intense","false","public/character-images/interactions-expanded/iona/lesbian/fingering_kiss/stockings__free__subspace__intense.png"
"NPC-LAB-01","Иона","lesbian","fingering_kiss","stockings","wrists","subspace","intense","false","public/character-images/interactions-expanded/iona/lesbian/fingering_kiss/stockings__wrists__subspace__intense.png"
"NPC-LAB-01","Иона","lesbian","fingering_kiss","nude","free","climax","peak","false","public/character-images/interactions-expanded/iona/lesbian/fingering_kiss/nude__free__climax__peak.png"
"NPC-LAB-01","Иона","lesbian","fingering_kiss","nude","wrists","climax","peak","false","public/character-images/interactions-expanded/iona/lesbian/fingering_kiss/nude__wrists__climax__peak.png"
"NPC-LAB-01","Иона","lesbian","fingering_kiss","underwear","free","climax","peak","false","public/character-images/interactions-expanded/iona/lesbian/fingering_kiss/underwear__free__climax__peak.png"
"NPC-LAB-01","Иона","lesbian","fingering_kiss","underwear","wrists","climax","peak","false","public/character-images/interactions-expanded/iona/lesbian/fingering_kiss/underwear__wrists__climax__peak.png"
"NPC-LAB-01","Иона","lesbian","fingering_kiss","stockings","free","climax","peak","false","public/character-images/interactions-expanded/iona/lesbian/fingering_kiss/stockings__free__climax__peak.png"
"NPC-LAB-01","Иона","lesbian","fingering_kiss","stockings","wrists","climax","peak","false","public/character-images/interactions-expanded/iona/lesbian/fingering_kiss/stockings__wrists__climax__peak.png"
"NPC-LAB-01","Иона","lesbian","fingering_kiss","nude","free","high_negative","peak","false","public/character-images/interactions-expanded/iona/lesbian/fingering_kiss/nude__free__high_negative__peak.png"
"NPC-LAB-01","Иона","lesbian","fingering_kiss","nude","wrists","high_negative","peak","false","public/character-images/interactions-expanded/iona/lesbian/fingering_kiss/nude__wrists__high_negative__peak.png"
"NPC-LAB-01","Иона","lesbian","fingering_kiss","underwear","free","high_negative","peak","false","public/character-images/interactions-expanded/iona/lesbian/fingering_kiss/underwear__free__high_negative__peak.png"
"NPC-LAB-01","Иона","lesbian","fingering_kiss","underwear","wrists","high_negative","peak","false","public/character-images/interactions-expanded/iona/lesbian/fingering_kiss/underwear__wrists__high_negative__peak.png"
"NPC-LAB-01","Иона","lesbian","fingering_kiss","stockings","free","high_negative","peak","false","public/character-images/interactions-expanded/iona/lesbian/fingering_kiss/stockings__free__high_negative__peak.png"
"NPC-LAB-01","Иона","lesbian","fingering_kiss","stockings","wrists","high_negative","peak","false","public/character-images/interactions-expanded/iona/lesbian/fingering_kiss/stockings__wrists__high_negative__peak.png"
"NPC-LAB-01","Иона","lesbian","facesitting","nude","free","guarded","sustain","false","public/character-images/interactions-expanded/iona/lesbian/facesitting/nude__free__guarded__sustain.png"
"NPC-LAB-01","Иона","lesbian","facesitting","nude","wrists","guarded","sustain","false","public/character-images/interactions-expanded/iona/lesbian/facesitting/nude__wrists__guarded__sustain.png"
"NPC-LAB-01","Иона","lesbian","facesitting","underwear","free","guarded","sustain","false","public/character-images/interactions-expanded/iona/lesbian/facesitting/underwear__free__guarded__sustain.png"
"NPC-LAB-01","Иона","lesbian","facesitting","underwear","wrists","guarded","sustain","false","public/character-images/interactions-expanded/iona/lesbian/facesitting/underwear__wrists__guarded__sustain.png"
"NPC-LAB-01","Иона","lesbian","facesitting","stockings","free","guarded","sustain","false","public/character-images/interactions-expanded/iona/lesbian/facesitting/stockings__free__guarded__sustain.png"
"NPC-LAB-01","Иона","lesbian","facesitting","stockings","wrists","guarded","sustain","false","public/character-images/interactions-expanded/iona/lesbian/facesitting/stockings__wrists__guarded__sustain.png"
"NPC-LAB-01","Иона","lesbian","facesitting","nude","free","receptive","sustain","false","public/character-images/interactions-expanded/iona/lesbian/facesitting/nude__free__receptive__sustain.png"
"NPC-LAB-01","Иона","lesbian","facesitting","nude","wrists","receptive","sustain","false","public/character-images/interactions-expanded/iona/lesbian/facesitting/nude__wrists__receptive__sustain.png"
"NPC-LAB-01","Иона","lesbian","facesitting","underwear","free","receptive","sustain","false","public/character-images/interactions-expanded/iona/lesbian/facesitting/underwear__free__receptive__sustain.png"
"NPC-LAB-01","Иона","lesbian","facesitting","underwear","wrists","receptive","sustain","false","public/character-images/interactions-expanded/iona/lesbian/facesitting/underwear__wrists__receptive__sustain.png"
"NPC-LAB-01","Иона","lesbian","facesitting","stockings","free","receptive","sustain","false","public/character-images/interactions-expanded/iona/lesbian/facesitting/stockings__free__receptive__sustain.png"
"NPC-LAB-01","Иона","lesbian","facesitting","stockings","wrists","receptive","sustain","false","public/character-images/interactions-expanded/iona/lesbian/facesitting/stockings__wrists__receptive__sustain.png"
"NPC-LAB-01","Иона","lesbian","facesitting","nude","free","high_positive","intense","false","public/character-images/interactions-expanded/iona/lesbian/facesitting/nude__free__high_positive__intense.png"
"NPC-LAB-01","Иона","lesbian","facesitting","nude","wrists","high_positive","intense","false","public/character-images/interactions-expanded/iona/lesbian/facesitting/nude__wrists__high_positive__intense.png"
"NPC-LAB-01","Иона","lesbian","facesitting","underwear","free","high_positive","intense","false","public/character-images/interactions-expanded/iona/lesbian/facesitting/underwear__free__high_positive__intense.png"
"NPC-LAB-01","Иона","lesbian","facesitting","underwear","wrists","high_positive","intense","false","public/character-images/interactions-expanded/iona/lesbian/facesitting/underwear__wrists__high_positive__intense.png"
"NPC-LAB-01","Иона","lesbian","facesitting","stockings","free","high_positive","intense","false","public/character-images/interactions-expanded/iona/lesbian/facesitting/stockings__free__high_positive__intense.png"
"NPC-LAB-01","Иона","lesbian","facesitting","stockings","wrists","high_positive","intense","false","public/character-images/interactions-expanded/iona/lesbian/facesitting/stockings__wrists__high_positive__intense.png"
"NPC-LAB-01","Иона","lesbian","facesitting","nude","free","high_negative","intense","false","public/character-images/interactions-expanded/iona/lesbian/facesitting/nude__free__high_negative__intense.png"
"NPC-LAB-01","Иона","lesbian","facesitting","nude","wrists","high_negative","intense","false","public/character-images/interactions-expanded/iona/lesbian/facesitting/nude__wrists__high_negative__intense.png"
"NPC-LAB-01","Иона","lesbian","facesitting","underwear","free","high_negative","intense","false","public/character-images/interactions-expanded/iona/lesbian/facesitting/underwear__free__high_negative__intense.png"
"NPC-LAB-01","Иона","lesbian","facesitting","underwear","wrists","high_negative","intense","false","public/character-images/interactions-expanded/iona/lesbian/facesitting/underwear__wrists__high_negative__intense.png"
"NPC-LAB-01","Иона","lesbian","facesitting","stockings","free","high_negative","intense","false","public/character-images/interactions-expanded/iona/lesbian/facesitting/stockings__free__high_negative__intense.png"
"NPC-LAB-01","Иона","lesbian","facesitting","stockings","wrists","high_negative","intense","false","public/character-images/interactions-expanded/iona/lesbian/facesitting/stockings__wrists__high_negative__intense.png"
"NPC-LAB-01","Иона","lesbian","facesitting","nude","free","subspace","intense","false","public/character-images/interactions-expanded/iona/lesbian/facesitting/nude__free__subspace__intense.png"
"NPC-LAB-01","Иона","lesbian","facesitting","nude","wrists","subspace","intense","false","public/character-images/interactions-expanded/iona/lesbian/facesitting/nude__wrists__subspace__intense.png"
"NPC-LAB-01","Иона","lesbian","facesitting","underwear","free","subspace","intense","false","public/character-images/interactions-expanded/iona/lesbian/facesitting/underwear__free__subspace__intense.png"
"NPC-LAB-01","Иона","lesbian","facesitting","underwear","wrists","subspace","intense","false","public/character-images/interactions-expanded/iona/lesbian/facesitting/underwear__wrists__subspace__intense.png"
"NPC-LAB-01","Иона","lesbian","facesitting","stockings","free","subspace","intense","false","public/character-images/interactions-expanded/iona/lesbian/facesitting/stockings__free__subspace__intense.png"
"NPC-LAB-01","Иона","lesbian","facesitting","stockings","wrists","subspace","intense","false","public/character-images/interactions-expanded/iona/lesbian/facesitting/stockings__wrists__subspace__intense.png"
"NPC-LAB-01","Иона","lesbian","facesitting","nude","free","climax","peak","false","public/character-images/interactions-expanded/iona/lesbian/facesitting/nude__free__climax__peak.png"
"NPC-LAB-01","Иона","lesbian","facesitting","nude","wrists","climax","peak","false","public/character-images/interactions-expanded/iona/lesbian/facesitting/nude__wrists__climax__peak.png"
"NPC-LAB-01","Иона","lesbian","facesitting","underwear","free","climax","peak","false","public/character-images/interactions-expanded/iona/lesbian/facesitting/underwear__free__climax__peak.png"
"NPC-LAB-01","Иона","lesbian","facesitting","underwear","wrists","climax","peak","false","public/character-images/interactions-expanded/iona/lesbian/facesitting/underwear__wrists__climax__peak.png"
"NPC-LAB-01","Иона","lesbian","facesitting","stockings","free","climax","peak","false","public/character-images/interactions-expanded/iona/lesbian/facesitting/stockings__free__climax__peak.png"
"NPC-LAB-01","Иона","lesbian","facesitting","stockings","wrists","climax","peak","false","public/character-images/interactions-expanded/iona/lesbian/facesitting/stockings__wrists__climax__peak.png"
"NPC-LAB-01","Иона","lesbian","facesitting","nude","free","high_negative","peak","false","public/character-images/interactions-expanded/iona/lesbian/facesitting/nude__free__high_negative__peak.png"
"NPC-LAB-01","Иона","lesbian","facesitting","nude","wrists","high_negative","peak","false","public/character-images/interactions-expanded/iona/lesbian/facesitting/nude__wrists__high_negative__peak.png"
"NPC-LAB-01","Иона","lesbian","facesitting","underwear","free","high_negative","peak","false","public/character-images/interactions-expanded/iona/lesbian/facesitting/underwear__free__high_negative__peak.png"
"NPC-LAB-01","Иона","lesbian","facesitting","underwear","wrists","high_negative","peak","false","public/character-images/interactions-expanded/iona/lesbian/facesitting/underwear__wrists__high_negative__peak.png"
"NPC-LAB-01","Иона","lesbian","facesitting","stockings","free","high_negative","peak","false","public/character-images/interactions-expanded/iona/lesbian/facesitting/stockings__free__high_negative__peak.png"
"NPC-LAB-01","Иона","lesbian","facesitting","stockings","wrists","high_negative","peak","false","public/character-images/interactions-expanded/iona/lesbian/facesitting/stockings__wrists__high_negative__peak.png"
"NPC-CAND-01","Ника","vibration","handheld","nude","free","guarded","sustain","false","public/character-images/interactions-expanded/nika/vibration/handheld/nude__free__guarded__sustain.png"
"NPC-CAND-01","Ника","vibration","handheld","nude","wrists","guarded","sustain","false","public/character-images/interactions-expanded/nika/vibration/handheld/nude__wrists__guarded__sustain.png"
"NPC-CAND-01","Ника","vibration","handheld","underwear","free","guarded","sustain","false","public/character-images/interactions-expanded/nika/vibration/handheld/underwear__free__guarded__sustain.png"
"NPC-CAND-01","Ника","vibration","handheld","underwear","wrists","guarded","sustain","false","public/character-images/interactions-expanded/nika/vibration/handheld/underwear__wrists__guarded__sustain.png"
"NPC-CAND-01","Ника","vibration","handheld","stockings","free","guarded","sustain","false","public/character-images/interactions-expanded/nika/vibration/handheld/stockings__free__guarded__sustain.png"
"NPC-CAND-01","Ника","vibration","handheld","stockings","wrists","guarded","sustain","false","public/character-images/interactions-expanded/nika/vibration/handheld/stockings__wrists__guarded__sustain.png"
"NPC-CAND-01","Ника","vibration","handheld","nude","free","receptive","sustain","false","public/character-images/interactions-expanded/nika/vibration/handheld/nude__free__receptive__sustain.png"
"NPC-CAND-01","Ника","vibration","handheld","nude","wrists","receptive","sustain","false","public/character-images/interactions-expanded/nika/vibration/handheld/nude__wrists__receptive__sustain.png"
"NPC-CAND-01","Ника","vibration","handheld","underwear","free","receptive","sustain","false","public/character-images/interactions-expanded/nika/vibration/handheld/underwear__free__receptive__sustain.png"
"NPC-CAND-01","Ника","vibration","handheld","underwear","wrists","receptive","sustain","false","public/character-images/interactions-expanded/nika/vibration/handheld/underwear__wrists__receptive__sustain.png"
"NPC-CAND-01","Ника","vibration","handheld","stockings","free","receptive","sustain","false","public/character-images/interactions-expanded/nika/vibration/handheld/stockings__free__receptive__sustain.png"
"NPC-CAND-01","Ника","vibration","handheld","stockings","wrists","receptive","sustain","false","public/character-images/interactions-expanded/nika/vibration/handheld/stockings__wrists__receptive__sustain.png"
"NPC-CAND-01","Ника","vibration","handheld","nude","free","high_positive","intense","false","public/character-images/interactions-expanded/nika/vibration/handheld/nude__free__high_positive__intense.png"
"NPC-CAND-01","Ника","vibration","handheld","nude","wrists","high_positive","intense","false","public/character-images/interactions-expanded/nika/vibration/handheld/nude__wrists__high_positive__intense.png"
"NPC-CAND-01","Ника","vibration","handheld","underwear","free","high_positive","intense","false","public/character-images/interactions-expanded/nika/vibration/handheld/underwear__free__high_positive__intense.png"
"NPC-CAND-01","Ника","vibration","handheld","underwear","wrists","high_positive","intense","false","public/character-images/interactions-expanded/nika/vibration/handheld/underwear__wrists__high_positive__intense.png"
"NPC-CAND-01","Ника","vibration","handheld","stockings","free","high_positive","intense","false","public/character-images/interactions-expanded/nika/vibration/handheld/stockings__free__high_positive__intense.png"
"NPC-CAND-01","Ника","vibration","handheld","stockings","wrists","high_positive","intense","false","public/character-images/interactions-expanded/nika/vibration/handheld/stockings__wrists__high_positive__intense.png"
"NPC-CAND-01","Ника","vibration","handheld","nude","free","high_negative","intense","false","public/character-images/interactions-expanded/nika/vibration/handheld/nude__free__high_negative__intense.png"
"NPC-CAND-01","Ника","vibration","handheld","nude","wrists","high_negative","intense","false","public/character-images/interactions-expanded/nika/vibration/handheld/nude__wrists__high_negative__intense.png"
"NPC-CAND-01","Ника","vibration","handheld","underwear","free","high_negative","intense","false","public/character-images/interactions-expanded/nika/vibration/handheld/underwear__free__high_negative__intense.png"
"NPC-CAND-01","Ника","vibration","handheld","underwear","wrists","high_negative","intense","false","public/character-images/interactions-expanded/nika/vibration/handheld/underwear__wrists__high_negative__intense.png"
"NPC-CAND-01","Ника","vibration","handheld","stockings","free","high_negative","intense","false","public/character-images/interactions-expanded/nika/vibration/handheld/stockings__free__high_negative__intense.png"
"NPC-CAND-01","Ника","vibration","handheld","stockings","wrists","high_negative","intense","false","public/character-images/interactions-expanded/nika/vibration/handheld/stockings__wrists__high_negative__intense.png"
"NPC-CAND-01","Ника","vibration","handheld","nude","free","subspace","intense","false","public/character-images/interactions-expanded/nika/vibration/handheld/nude__free__subspace__intense.png"
"NPC-CAND-01","Ника","vibration","handheld","nude","wrists","subspace","intense","false","public/character-images/interactions-expanded/nika/vibration/handheld/nude__wrists__subspace__intense.png"
"NPC-CAND-01","Ника","vibration","handheld","underwear","free","subspace","intense","false","public/character-images/interactions-expanded/nika/vibration/handheld/underwear__free__subspace__intense.png"
"NPC-CAND-01","Ника","vibration","handheld","underwear","wrists","subspace","intense","false","public/character-images/interactions-expanded/nika/vibration/handheld/underwear__wrists__subspace__intense.png"
"NPC-CAND-01","Ника","vibration","handheld","stockings","free","subspace","intense","false","public/character-images/interactions-expanded/nika/vibration/handheld/stockings__free__subspace__intense.png"
"NPC-CAND-01","Ника","vibration","handheld","stockings","wrists","subspace","intense","false","public/character-images/interactions-expanded/nika/vibration/handheld/stockings__wrists__subspace__intense.png"
"NPC-CAND-01","Ника","vibration","handheld","nude","free","climax","peak","false","public/character-images/interactions-expanded/nika/vibration/handheld/nude__free__climax__peak.png"
"NPC-CAND-01","Ника","vibration","handheld","nude","wrists","climax","peak","false","public/character-images/interactions-expanded/nika/vibration/handheld/nude__wrists__climax__peak.png"
"NPC-CAND-01","Ника","vibration","handheld","underwear","free","climax","peak","false","public/character-images/interactions-expanded/nika/vibration/handheld/underwear__free__climax__peak.png"
"NPC-CAND-01","Ника","vibration","handheld","underwear","wrists","climax","peak","false","public/character-images/interactions-expanded/nika/vibration/handheld/underwear__wrists__climax__peak.png"
"NPC-CAND-01","Ника","vibration","handheld","stockings","free","climax","peak","false","public/character-images/interactions-expanded/nika/vibration/handheld/stockings__free__climax__peak.png"
"NPC-CAND-01","Ника","vibration","handheld","stockings","wrists","climax","peak","false","public/character-images/interactions-expanded/nika/vibration/handheld/stockings__wrists__climax__peak.png"
"NPC-CAND-01","Ника","vibration","handheld","nude","free","high_negative","peak","false","public/character-images/interactions-expanded/nika/vibration/handheld/nude__free__high_negative__peak.png"
"NPC-CAND-01","Ника","vibration","handheld","nude","wrists","high_negative","peak","false","public/character-images/interactions-expanded/nika/vibration/handheld/nude__wrists__high_negative__peak.png"
"NPC-CAND-01","Ника","vibration","handheld","underwear","free","high_negative","peak","false","public/character-images/interactions-expanded/nika/vibration/handheld/underwear__free__high_negative__peak.png"
"NPC-CAND-01","Ника","vibration","handheld","underwear","wrists","high_negative","peak","false","public/character-images/interactions-expanded/nika/vibration/handheld/underwear__wrists__high_negative__peak.png"
"NPC-CAND-01","Ника","vibration","handheld","stockings","free","high_negative","peak","false","public/character-images/interactions-expanded/nika/vibration/handheld/stockings__free__high_negative__peak.png"
"NPC-CAND-01","Ника","vibration","handheld","stockings","wrists","high_negative","peak","false","public/character-images/interactions-expanded/nika/vibration/handheld/stockings__wrists__high_negative__peak.png"
"NPC-CAND-01","Ника","vibration","internal","nude","free","guarded","sustain","false","public/character-images/interactions-expanded/nika/vibration/internal/nude__free__guarded__sustain.png"
"NPC-CAND-01","Ника","vibration","internal","nude","wrists","guarded","sustain","false","public/character-images/interactions-expanded/nika/vibration/internal/nude__wrists__guarded__sustain.png"
"NPC-CAND-01","Ника","vibration","internal","underwear","free","guarded","sustain","false","public/character-images/interactions-expanded/nika/vibration/internal/underwear__free__guarded__sustain.png"
"NPC-CAND-01","Ника","vibration","internal","underwear","wrists","guarded","sustain","false","public/character-images/interactions-expanded/nika/vibration/internal/underwear__wrists__guarded__sustain.png"
"NPC-CAND-01","Ника","vibration","internal","stockings","free","guarded","sustain","false","public/character-images/interactions-expanded/nika/vibration/internal/stockings__free__guarded__sustain.png"
"NPC-CAND-01","Ника","vibration","internal","stockings","wrists","guarded","sustain","false","public/character-images/interactions-expanded/nika/vibration/internal/stockings__wrists__guarded__sustain.png"
"NPC-CAND-01","Ника","vibration","internal","nude","free","receptive","sustain","false","public/character-images/interactions-expanded/nika/vibration/internal/nude__free__receptive__sustain.png"
"NPC-CAND-01","Ника","vibration","internal","nude","wrists","receptive","sustain","false","public/character-images/interactions-expanded/nika/vibration/internal/nude__wrists__receptive__sustain.png"
"NPC-CAND-01","Ника","vibration","internal","underwear","free","receptive","sustain","false","public/character-images/interactions-expanded/nika/vibration/internal/underwear__free__receptive__sustain.png"
"NPC-CAND-01","Ника","vibration","internal","underwear","wrists","receptive","sustain","false","public/character-images/interactions-expanded/nika/vibration/internal/underwear__wrists__receptive__sustain.png"
"NPC-CAND-01","Ника","vibration","internal","stockings","free","receptive","sustain","false","public/character-images/interactions-expanded/nika/vibration/internal/stockings__free__receptive__sustain.png"
"NPC-CAND-01","Ника","vibration","internal","stockings","wrists","receptive","sustain","false","public/character-images/interactions-expanded/nika/vibration/internal/stockings__wrists__receptive__sustain.png"
"NPC-CAND-01","Ника","vibration","internal","nude","free","high_positive","intense","false","public/character-images/interactions-expanded/nika/vibration/internal/nude__free__high_positive__intense.png"
"NPC-CAND-01","Ника","vibration","internal","nude","wrists","high_positive","intense","false","public/character-images/interactions-expanded/nika/vibration/internal/nude__wrists__high_positive__intense.png"
"NPC-CAND-01","Ника","vibration","internal","underwear","free","high_positive","intense","false","public/character-images/interactions-expanded/nika/vibration/internal/underwear__free__high_positive__intense.png"
"NPC-CAND-01","Ника","vibration","internal","underwear","wrists","high_positive","intense","false","public/character-images/interactions-expanded/nika/vibration/internal/underwear__wrists__high_positive__intense.png"
"NPC-CAND-01","Ника","vibration","internal","stockings","free","high_positive","intense","false","public/character-images/interactions-expanded/nika/vibration/internal/stockings__free__high_positive__intense.png"
"NPC-CAND-01","Ника","vibration","internal","stockings","wrists","high_positive","intense","false","public/character-images/interactions-expanded/nika/vibration/internal/stockings__wrists__high_positive__intense.png"
"NPC-CAND-01","Ника","vibration","internal","nude","free","high_negative","intense","false","public/character-images/interactions-expanded/nika/vibration/internal/nude__free__high_negative__intense.png"
"NPC-CAND-01","Ника","vibration","internal","nude","wrists","high_negative","intense","false","public/character-images/interactions-expanded/nika/vibration/internal/nude__wrists__high_negative__intense.png"
"NPC-CAND-01","Ника","vibration","internal","underwear","free","high_negative","intense","false","public/character-images/interactions-expanded/nika/vibration/internal/underwear__free__high_negative__intense.png"
"NPC-CAND-01","Ника","vibration","internal","underwear","wrists","high_negative","intense","false","public/character-images/interactions-expanded/nika/vibration/internal/underwear__wrists__high_negative__intense.png"
"NPC-CAND-01","Ника","vibration","internal","stockings","free","high_negative","intense","false","public/character-images/interactions-expanded/nika/vibration/internal/stockings__free__high_negative__intense.png"
"NPC-CAND-01","Ника","vibration","internal","stockings","wrists","high_negative","intense","false","public/character-images/interactions-expanded/nika/vibration/internal/stockings__wrists__high_negative__intense.png"
"NPC-CAND-01","Ника","vibration","internal","nude","free","subspace","intense","false","public/character-images/interactions-expanded/nika/vibration/internal/nude__free__subspace__intense.png"
"NPC-CAND-01","Ника","vibration","internal","nude","wrists","subspace","intense","false","public/character-images/interactions-expanded/nika/vibration/internal/nude__wrists__subspace__intense.png"
"NPC-CAND-01","Ника","vibration","internal","underwear","free","subspace","intense","false","public/character-images/interactions-expanded/nika/vibration/internal/underwear__free__subspace__intense.png"
"NPC-CAND-01","Ника","vibration","internal","underwear","wrists","subspace","intense","false","public/character-images/interactions-expanded/nika/vibration/internal/underwear__wrists__subspace__intense.png"
"NPC-CAND-01","Ника","vibration","internal","stockings","free","subspace","intense","false","public/character-images/interactions-expanded/nika/vibration/internal/stockings__free__subspace__intense.png"
"NPC-CAND-01","Ника","vibration","internal","stockings","wrists","subspace","intense","false","public/character-images/interactions-expanded/nika/vibration/internal/stockings__wrists__subspace__intense.png"
"NPC-CAND-01","Ника","vibration","internal","nude","free","climax","peak","false","public/character-images/interactions-expanded/nika/vibration/internal/nude__free__climax__peak.png"
"NPC-CAND-01","Ника","vibration","internal","nude","wrists","climax","peak","false","public/character-images/interactions-expanded/nika/vibration/internal/nude__wrists__climax__peak.png"
"NPC-CAND-01","Ника","vibration","internal","underwear","free","climax","peak","false","public/character-images/interactions-expanded/nika/vibration/internal/underwear__free__climax__peak.png"
"NPC-CAND-01","Ника","vibration","internal","underwear","wrists","climax","peak","false","public/character-images/interactions-expanded/nika/vibration/internal/underwear__wrists__climax__peak.png"
"NPC-CAND-01","Ника","vibration","internal","stockings","free","climax","peak","false","public/character-images/interactions-expanded/nika/vibration/internal/stockings__free__climax__peak.png"
"NPC-CAND-01","Ника","vibration","internal","stockings","wrists","climax","peak","false","public/character-images/interactions-expanded/nika/vibration/internal/stockings__wrists__climax__peak.png"
"NPC-CAND-01","Ника","vibration","internal","nude","free","high_negative","peak","false","public/character-images/interactions-expanded/nika/vibration/internal/nude__free__high_negative__peak.png"
"NPC-CAND-01","Ника","vibration","internal","nude","wrists","high_negative","peak","false","public/character-images/interactions-expanded/nika/vibration/internal/nude__wrists__high_negative__peak.png"
"NPC-CAND-01","Ника","vibration","internal","underwear","free","high_negative","peak","false","public/character-images/interactions-expanded/nika/vibration/internal/underwear__free__high_negative__peak.png"
"NPC-CAND-01","Ника","vibration","internal","underwear","wrists","high_negative","peak","false","public/character-images/interactions-expanded/nika/vibration/internal/underwear__wrists__high_negative__peak.png"
"NPC-CAND-01","Ника","vibration","internal","stockings","free","high_negative","peak","false","public/character-images/interactions-expanded/nika/vibration/internal/stockings__free__high_negative__peak.png"
"NPC-CAND-01","Ника","vibration","internal","stockings","wrists","high_negative","peak","false","public/character-images/interactions-expanded/nika/vibration/internal/stockings__wrists__high_negative__peak.png"
"NPC-CAND-01","Ника","vibration","machine","nude","machine","guarded","sustain","false","public/character-images/interactions-expanded/nika/vibration/machine/nude__machine__guarded__sustain.png"
"NPC-CAND-01","Ника","vibration","machine","device_outfit","machine","guarded","sustain","false","public/character-images/interactions-expanded/nika/vibration/machine/device_outfit__machine__guarded__sustain.png"
"NPC-CAND-01","Ника","vibration","machine","nude","machine","receptive","sustain","false","public/character-images/interactions-expanded/nika/vibration/machine/nude__machine__receptive__sustain.png"
"NPC-CAND-01","Ника","vibration","machine","device_outfit","machine","receptive","sustain","false","public/character-images/interactions-expanded/nika/vibration/machine/device_outfit__machine__receptive__sustain.png"
"NPC-CAND-01","Ника","vibration","machine","nude","machine","high_positive","intense","false","public/character-images/interactions-expanded/nika/vibration/machine/nude__machine__high_positive__intense.png"
"NPC-CAND-01","Ника","vibration","machine","device_outfit","machine","high_positive","intense","false","public/character-images/interactions-expanded/nika/vibration/machine/device_outfit__machine__high_positive__intense.png"
"NPC-CAND-01","Ника","vibration","machine","nude","machine","high_negative","intense","false","public/character-images/interactions-expanded/nika/vibration/machine/nude__machine__high_negative__intense.png"
"NPC-CAND-01","Ника","vibration","machine","device_outfit","machine","high_negative","intense","false","public/character-images/interactions-expanded/nika/vibration/machine/device_outfit__machine__high_negative__intense.png"
"NPC-CAND-01","Ника","vibration","machine","nude","machine","subspace","intense","false","public/character-images/interactions-expanded/nika/vibration/machine/nude__machine__subspace__intense.png"
"NPC-CAND-01","Ника","vibration","machine","device_outfit","machine","subspace","intense","false","public/character-images/interactions-expanded/nika/vibration/machine/device_outfit__machine__subspace__intense.png"
"NPC-CAND-01","Ника","vibration","machine","nude","machine","climax","peak","false","public/character-images/interactions-expanded/nika/vibration/machine/nude__machine__climax__peak.png"
"NPC-CAND-01","Ника","vibration","machine","device_outfit","machine","climax","peak","false","public/character-images/interactions-expanded/nika/vibration/machine/device_outfit__machine__climax__peak.png"
"NPC-CAND-01","Ника","vibration","machine","nude","machine","high_negative","peak","false","public/character-images/interactions-expanded/nika/vibration/machine/nude__machine__high_negative__peak.png"
"NPC-CAND-01","Ника","vibration","machine","device_outfit","machine","high_negative","peak","false","public/character-images/interactions-expanded/nika/vibration/machine/device_outfit__machine__high_negative__peak.png"
"NPC-CAND-01","Ника","sex_machine","stirrups","nude","machine","guarded","sustain","false","public/character-images/interactions-expanded/nika/sex_machine/stirrups/nude__machine__guarded__sustain.png"
"NPC-CAND-01","Ника","sex_machine","stirrups","device_outfit","machine","guarded","sustain","false","public/character-images/interactions-expanded/nika/sex_machine/stirrups/device_outfit__machine__guarded__sustain.png"
"NPC-CAND-01","Ника","sex_machine","stirrups","nude","machine","receptive","sustain","false","public/character-images/interactions-expanded/nika/sex_machine/stirrups/nude__machine__receptive__sustain.png"
"NPC-CAND-01","Ника","sex_machine","stirrups","device_outfit","machine","receptive","sustain","false","public/character-images/interactions-expanded/nika/sex_machine/stirrups/device_outfit__machine__receptive__sustain.png"
"NPC-CAND-01","Ника","sex_machine","stirrups","nude","machine","high_positive","intense","false","public/character-images/interactions-expanded/nika/sex_machine/stirrups/nude__machine__high_positive__intense.png"
"NPC-CAND-01","Ника","sex_machine","stirrups","device_outfit","machine","high_positive","intense","false","public/character-images/interactions-expanded/nika/sex_machine/stirrups/device_outfit__machine__high_positive__intense.png"
"NPC-CAND-01","Ника","sex_machine","stirrups","nude","machine","high_negative","intense","false","public/character-images/interactions-expanded/nika/sex_machine/stirrups/nude__machine__high_negative__intense.png"
"NPC-CAND-01","Ника","sex_machine","stirrups","device_outfit","machine","high_negative","intense","false","public/character-images/interactions-expanded/nika/sex_machine/stirrups/device_outfit__machine__high_negative__intense.png"
"NPC-CAND-01","Ника","sex_machine","stirrups","nude","machine","subspace","intense","false","public/character-images/interactions-expanded/nika/sex_machine/stirrups/nude__machine__subspace__intense.png"
"NPC-CAND-01","Ника","sex_machine","stirrups","device_outfit","machine","subspace","intense","false","public/character-images/interactions-expanded/nika/sex_machine/stirrups/device_outfit__machine__subspace__intense.png"
"NPC-CAND-01","Ника","sex_machine","stirrups","nude","machine","climax","peak","false","public/character-images/interactions-expanded/nika/sex_machine/stirrups/nude__machine__climax__peak.png"
"NPC-CAND-01","Ника","sex_machine","stirrups","device_outfit","machine","climax","peak","false","public/character-images/interactions-expanded/nika/sex_machine/stirrups/device_outfit__machine__climax__peak.png"
"NPC-CAND-01","Ника","sex_machine","stirrups","nude","machine","high_negative","peak","false","public/character-images/interactions-expanded/nika/sex_machine/stirrups/nude__machine__high_negative__peak.png"
"NPC-CAND-01","Ника","sex_machine","stirrups","device_outfit","machine","high_negative","peak","false","public/character-images/interactions-expanded/nika/sex_machine/stirrups/device_outfit__machine__high_negative__peak.png"
"NPC-CAND-01","Ника","sex_machine","restrained","nude","spread","guarded","sustain","false","public/character-images/interactions-expanded/nika/sex_machine/restrained/nude__spread__guarded__sustain.png"
"NPC-CAND-01","Ника","sex_machine","restrained","nude","machine","guarded","sustain","false","public/character-images/interactions-expanded/nika/sex_machine/restrained/nude__machine__guarded__sustain.png"
"NPC-CAND-01","Ника","sex_machine","restrained","underwear","spread","guarded","sustain","false","public/character-images/interactions-expanded/nika/sex_machine/restrained/underwear__spread__guarded__sustain.png"
"NPC-CAND-01","Ника","sex_machine","restrained","underwear","machine","guarded","sustain","false","public/character-images/interactions-expanded/nika/sex_machine/restrained/underwear__machine__guarded__sustain.png"
"NPC-CAND-01","Ника","sex_machine","restrained","nude","spread","receptive","sustain","false","public/character-images/interactions-expanded/nika/sex_machine/restrained/nude__spread__receptive__sustain.png"
"NPC-CAND-01","Ника","sex_machine","restrained","nude","machine","receptive","sustain","false","public/character-images/interactions-expanded/nika/sex_machine/restrained/nude__machine__receptive__sustain.png"
"NPC-CAND-01","Ника","sex_machine","restrained","underwear","spread","receptive","sustain","false","public/character-images/interactions-expanded/nika/sex_machine/restrained/underwear__spread__receptive__sustain.png"
"NPC-CAND-01","Ника","sex_machine","restrained","underwear","machine","receptive","sustain","false","public/character-images/interactions-expanded/nika/sex_machine/restrained/underwear__machine__receptive__sustain.png"
"NPC-CAND-01","Ника","sex_machine","restrained","nude","spread","high_positive","intense","false","public/character-images/interactions-expanded/nika/sex_machine/restrained/nude__spread__high_positive__intense.png"
"NPC-CAND-01","Ника","sex_machine","restrained","nude","machine","high_positive","intense","false","public/character-images/interactions-expanded/nika/sex_machine/restrained/nude__machine__high_positive__intense.png"
"NPC-CAND-01","Ника","sex_machine","restrained","underwear","spread","high_positive","intense","false","public/character-images/interactions-expanded/nika/sex_machine/restrained/underwear__spread__high_positive__intense.png"
"NPC-CAND-01","Ника","sex_machine","restrained","underwear","machine","high_positive","intense","false","public/character-images/interactions-expanded/nika/sex_machine/restrained/underwear__machine__high_positive__intense.png"
"NPC-CAND-01","Ника","sex_machine","restrained","nude","spread","high_negative","intense","false","public/character-images/interactions-expanded/nika/sex_machine/restrained/nude__spread__high_negative__intense.png"
"NPC-CAND-01","Ника","sex_machine","restrained","nude","machine","high_negative","intense","false","public/character-images/interactions-expanded/nika/sex_machine/restrained/nude__machine__high_negative__intense.png"
"NPC-CAND-01","Ника","sex_machine","restrained","underwear","spread","high_negative","intense","false","public/character-images/interactions-expanded/nika/sex_machine/restrained/underwear__spread__high_negative__intense.png"
"NPC-CAND-01","Ника","sex_machine","restrained","underwear","machine","high_negative","intense","false","public/character-images/interactions-expanded/nika/sex_machine/restrained/underwear__machine__high_negative__intense.png"
"NPC-CAND-01","Ника","sex_machine","restrained","nude","spread","subspace","intense","false","public/character-images/interactions-expanded/nika/sex_machine/restrained/nude__spread__subspace__intense.png"
"NPC-CAND-01","Ника","sex_machine","restrained","nude","machine","subspace","intense","false","public/character-images/interactions-expanded/nika/sex_machine/restrained/nude__machine__subspace__intense.png"
"NPC-CAND-01","Ника","sex_machine","restrained","underwear","spread","subspace","intense","false","public/character-images/interactions-expanded/nika/sex_machine/restrained/underwear__spread__subspace__intense.png"
"NPC-CAND-01","Ника","sex_machine","restrained","underwear","machine","subspace","intense","false","public/character-images/interactions-expanded/nika/sex_machine/restrained/underwear__machine__subspace__intense.png"
"NPC-CAND-01","Ника","sex_machine","restrained","nude","spread","climax","peak","false","public/character-images/interactions-expanded/nika/sex_machine/restrained/nude__spread__climax__peak.png"
"NPC-CAND-01","Ника","sex_machine","restrained","nude","machine","climax","peak","false","public/character-images/interactions-expanded/nika/sex_machine/restrained/nude__machine__climax__peak.png"
"NPC-CAND-01","Ника","sex_machine","restrained","underwear","spread","climax","peak","false","public/character-images/interactions-expanded/nika/sex_machine/restrained/underwear__spread__climax__peak.png"
"NPC-CAND-01","Ника","sex_machine","restrained","underwear","machine","climax","peak","false","public/character-images/interactions-expanded/nika/sex_machine/restrained/underwear__machine__climax__peak.png"
"NPC-CAND-01","Ника","sex_machine","restrained","nude","spread","high_negative","peak","false","public/character-images/interactions-expanded/nika/sex_machine/restrained/nude__spread__high_negative__peak.png"
"NPC-CAND-01","Ника","sex_machine","restrained","nude","machine","high_negative","peak","false","public/character-images/interactions-expanded/nika/sex_machine/restrained/nude__machine__high_negative__peak.png"
"NPC-CAND-01","Ника","sex_machine","restrained","underwear","spread","high_negative","peak","false","public/character-images/interactions-expanded/nika/sex_machine/restrained/underwear__spread__high_negative__peak.png"
"NPC-CAND-01","Ника","sex_machine","restrained","underwear","machine","high_negative","peak","false","public/character-images/interactions-expanded/nika/sex_machine/restrained/underwear__machine__high_negative__peak.png"
"NPC-CAND-01","Ника","sex_machine","suspended","nude","machine","guarded","sustain","false","public/character-images/interactions-expanded/nika/sex_machine/suspended/nude__machine__guarded__sustain.png"
"NPC-CAND-01","Ника","sex_machine","suspended","device_outfit","machine","guarded","sustain","false","public/character-images/interactions-expanded/nika/sex_machine/suspended/device_outfit__machine__guarded__sustain.png"
"NPC-CAND-01","Ника","sex_machine","suspended","nude","machine","receptive","sustain","false","public/character-images/interactions-expanded/nika/sex_machine/suspended/nude__machine__receptive__sustain.png"
"NPC-CAND-01","Ника","sex_machine","suspended","device_outfit","machine","receptive","sustain","false","public/character-images/interactions-expanded/nika/sex_machine/suspended/device_outfit__machine__receptive__sustain.png"
"NPC-CAND-01","Ника","sex_machine","suspended","nude","machine","high_positive","intense","false","public/character-images/interactions-expanded/nika/sex_machine/suspended/nude__machine__high_positive__intense.png"
"NPC-CAND-01","Ника","sex_machine","suspended","device_outfit","machine","high_positive","intense","false","public/character-images/interactions-expanded/nika/sex_machine/suspended/device_outfit__machine__high_positive__intense.png"
"NPC-CAND-01","Ника","sex_machine","suspended","nude","machine","high_negative","intense","false","public/character-images/interactions-expanded/nika/sex_machine/suspended/nude__machine__high_negative__intense.png"
"NPC-CAND-01","Ника","sex_machine","suspended","device_outfit","machine","high_negative","intense","false","public/character-images/interactions-expanded/nika/sex_machine/suspended/device_outfit__machine__high_negative__intense.png"
"NPC-CAND-01","Ника","sex_machine","suspended","nude","machine","subspace","intense","false","public/character-images/interactions-expanded/nika/sex_machine/suspended/nude__machine__subspace__intense.png"
"NPC-CAND-01","Ника","sex_machine","suspended","device_outfit","machine","subspace","intense","false","public/character-images/interactions-expanded/nika/sex_machine/suspended/device_outfit__machine__subspace__intense.png"
"NPC-CAND-01","Ника","sex_machine","suspended","nude","machine","climax","peak","false","public/character-images/interactions-expanded/nika/sex_machine/suspended/nude__machine__climax__peak.png"
"NPC-CAND-01","Ника","sex_machine","suspended","device_outfit","machine","climax","peak","false","public/character-images/interactions-expanded/nika/sex_machine/suspended/device_outfit__machine__climax__peak.png"
"NPC-CAND-01","Ника","sex_machine","suspended","nude","machine","high_negative","peak","false","public/character-images/interactions-expanded/nika/sex_machine/suspended/nude__machine__high_negative__peak.png"
"NPC-CAND-01","Ника","sex_machine","suspended","device_outfit","machine","high_negative","peak","false","public/character-images/interactions-expanded/nika/sex_machine/suspended/device_outfit__machine__high_negative__peak.png"
"NPC-CAND-01","Ника","sex_machine","milking","nude","machine","guarded","sustain","false","public/character-images/interactions-expanded/nika/sex_machine/milking/nude__machine__guarded__sustain.png"
"NPC-CAND-01","Ника","sex_machine","milking","device_outfit","machine","guarded","sustain","false","public/character-images/interactions-expanded/nika/sex_machine/milking/device_outfit__machine__guarded__sustain.png"
"NPC-CAND-01","Ника","sex_machine","milking","nude","machine","receptive","sustain","false","public/character-images/interactions-expanded/nika/sex_machine/milking/nude__machine__receptive__sustain.png"
"NPC-CAND-01","Ника","sex_machine","milking","device_outfit","machine","receptive","sustain","false","public/character-images/interactions-expanded/nika/sex_machine/milking/device_outfit__machine__receptive__sustain.png"
"NPC-CAND-01","Ника","sex_machine","milking","nude","machine","high_positive","intense","false","public/character-images/interactions-expanded/nika/sex_machine/milking/nude__machine__high_positive__intense.png"
"NPC-CAND-01","Ника","sex_machine","milking","device_outfit","machine","high_positive","intense","false","public/character-images/interactions-expanded/nika/sex_machine/milking/device_outfit__machine__high_positive__intense.png"
"NPC-CAND-01","Ника","sex_machine","milking","nude","machine","high_negative","intense","false","public/character-images/interactions-expanded/nika/sex_machine/milking/nude__machine__high_negative__intense.png"
"NPC-CAND-01","Ника","sex_machine","milking","device_outfit","machine","high_negative","intense","false","public/character-images/interactions-expanded/nika/sex_machine/milking/device_outfit__machine__high_negative__intense.png"
"NPC-CAND-01","Ника","sex_machine","milking","nude","machine","subspace","intense","false","public/character-images/interactions-expanded/nika/sex_machine/milking/nude__machine__subspace__intense.png"
"NPC-CAND-01","Ника","sex_machine","milking","device_outfit","machine","subspace","intense","false","public/character-images/interactions-expanded/nika/sex_machine/milking/device_outfit__machine__subspace__intense.png"
"NPC-CAND-01","Ника","sex_machine","milking","nude","machine","climax","peak","false","public/character-images/interactions-expanded/nika/sex_machine/milking/nude__machine__climax__peak.png"
"NPC-CAND-01","Ника","sex_machine","milking","device_outfit","machine","climax","peak","false","public/character-images/interactions-expanded/nika/sex_machine/milking/device_outfit__machine__climax__peak.png"
"NPC-CAND-01","Ника","sex_machine","milking","nude","machine","high_negative","peak","false","public/character-images/interactions-expanded/nika/sex_machine/milking/nude__machine__high_negative__peak.png"
"NPC-CAND-01","Ника","sex_machine","milking","device_outfit","machine","high_negative","peak","false","public/character-images/interactions-expanded/nika/sex_machine/milking/device_outfit__machine__high_negative__peak.png"
"NPC-CAND-01","Ника","sex_machine","hmd","nude","machine","guarded","sustain","false","public/character-images/interactions-expanded/nika/sex_machine/hmd/nude__machine__guarded__sustain.png"
"NPC-CAND-01","Ника","sex_machine","hmd","device_outfit","machine","guarded","sustain","false","public/character-images/interactions-expanded/nika/sex_machine/hmd/device_outfit__machine__guarded__sustain.png"
"NPC-CAND-01","Ника","sex_machine","hmd","nude","machine","receptive","sustain","false","public/character-images/interactions-expanded/nika/sex_machine/hmd/nude__machine__receptive__sustain.png"
"NPC-CAND-01","Ника","sex_machine","hmd","device_outfit","machine","receptive","sustain","false","public/character-images/interactions-expanded/nika/sex_machine/hmd/device_outfit__machine__receptive__sustain.png"
"NPC-CAND-01","Ника","sex_machine","hmd","nude","machine","high_positive","intense","false","public/character-images/interactions-expanded/nika/sex_machine/hmd/nude__machine__high_positive__intense.png"
"NPC-CAND-01","Ника","sex_machine","hmd","device_outfit","machine","high_positive","intense","false","public/character-images/interactions-expanded/nika/sex_machine/hmd/device_outfit__machine__high_positive__intense.png"
"NPC-CAND-01","Ника","sex_machine","hmd","nude","machine","high_negative","intense","false","public/character-images/interactions-expanded/nika/sex_machine/hmd/nude__machine__high_negative__intense.png"
"NPC-CAND-01","Ника","sex_machine","hmd","device_outfit","machine","high_negative","intense","false","public/character-images/interactions-expanded/nika/sex_machine/hmd/device_outfit__machine__high_negative__intense.png"
"NPC-CAND-01","Ника","sex_machine","hmd","nude","machine","subspace","intense","false","public/character-images/interactions-expanded/nika/sex_machine/hmd/nude__machine__subspace__intense.png"
"NPC-CAND-01","Ника","sex_machine","hmd","device_outfit","machine","subspace","intense","false","public/character-images/interactions-expanded/nika/sex_machine/hmd/device_outfit__machine__subspace__intense.png"
"NPC-CAND-01","Ника","sex_machine","hmd","nude","machine","climax","peak","false","public/character-images/interactions-expanded/nika/sex_machine/hmd/nude__machine__climax__peak.png"
"NPC-CAND-01","Ника","sex_machine","hmd","device_outfit","machine","climax","peak","false","public/character-images/interactions-expanded/nika/sex_machine/hmd/device_outfit__machine__climax__peak.png"
"NPC-CAND-01","Ника","sex_machine","hmd","nude","machine","high_negative","peak","false","public/character-images/interactions-expanded/nika/sex_machine/hmd/nude__machine__high_negative__peak.png"
"NPC-CAND-01","Ника","sex_machine","hmd","device_outfit","machine","high_negative","peak","false","public/character-images/interactions-expanded/nika/sex_machine/hmd/device_outfit__machine__high_negative__peak.png"
"NPC-CAND-01","Ника","sex_machine","mind_control","nude","machine","guarded","sustain","false","public/character-images/interactions-expanded/nika/sex_machine/mind_control/nude__machine__guarded__sustain.png"
"NPC-CAND-01","Ника","sex_machine","mind_control","device_outfit","machine","guarded","sustain","false","public/character-images/interactions-expanded/nika/sex_machine/mind_control/device_outfit__machine__guarded__sustain.png"
"NPC-CAND-01","Ника","sex_machine","mind_control","nude","machine","receptive","sustain","false","public/character-images/interactions-expanded/nika/sex_machine/mind_control/nude__machine__receptive__sustain.png"
"NPC-CAND-01","Ника","sex_machine","mind_control","device_outfit","machine","receptive","sustain","false","public/character-images/interactions-expanded/nika/sex_machine/mind_control/device_outfit__machine__receptive__sustain.png"
"NPC-CAND-01","Ника","sex_machine","mind_control","nude","machine","high_positive","intense","false","public/character-images/interactions-expanded/nika/sex_machine/mind_control/nude__machine__high_positive__intense.png"
"NPC-CAND-01","Ника","sex_machine","mind_control","device_outfit","machine","high_positive","intense","false","public/character-images/interactions-expanded/nika/sex_machine/mind_control/device_outfit__machine__high_positive__intense.png"
"NPC-CAND-01","Ника","sex_machine","mind_control","nude","machine","high_negative","intense","false","public/character-images/interactions-expanded/nika/sex_machine/mind_control/nude__machine__high_negative__intense.png"
"NPC-CAND-01","Ника","sex_machine","mind_control","device_outfit","machine","high_negative","intense","false","public/character-images/interactions-expanded/nika/sex_machine/mind_control/device_outfit__machine__high_negative__intense.png"
"NPC-CAND-01","Ника","sex_machine","mind_control","nude","machine","subspace","intense","false","public/character-images/interactions-expanded/nika/sex_machine/mind_control/nude__machine__subspace__intense.png"
"NPC-CAND-01","Ника","sex_machine","mind_control","device_outfit","machine","subspace","intense","false","public/character-images/interactions-expanded/nika/sex_machine/mind_control/device_outfit__machine__subspace__intense.png"
"NPC-CAND-01","Ника","sex_machine","mind_control","nude","machine","climax","peak","false","public/character-images/interactions-expanded/nika/sex_machine/mind_control/nude__machine__climax__peak.png"
"NPC-CAND-01","Ника","sex_machine","mind_control","device_outfit","machine","climax","peak","false","public/character-images/interactions-expanded/nika/sex_machine/mind_control/device_outfit__machine__climax__peak.png"
"NPC-CAND-01","Ника","sex_machine","mind_control","nude","machine","high_negative","peak","false","public/character-images/interactions-expanded/nika/sex_machine/mind_control/nude__machine__high_negative__peak.png"
"NPC-CAND-01","Ника","sex_machine","mind_control","device_outfit","machine","high_negative","peak","false","public/character-images/interactions-expanded/nika/sex_machine/mind_control/device_outfit__machine__high_negative__peak.png"
"NPC-CAND-01","Ника","electrostimulation","chair","nude","machine","guarded","sustain","false","public/character-images/interactions-expanded/nika/electrostimulation/chair/nude__machine__guarded__sustain.png"
"NPC-CAND-01","Ника","electrostimulation","chair","underwear","machine","guarded","sustain","false","public/character-images/interactions-expanded/nika/electrostimulation/chair/underwear__machine__guarded__sustain.png"
"NPC-CAND-01","Ника","electrostimulation","chair","device_outfit","machine","guarded","sustain","false","public/character-images/interactions-expanded/nika/electrostimulation/chair/device_outfit__machine__guarded__sustain.png"
"NPC-CAND-01","Ника","electrostimulation","chair","nude","machine","receptive","sustain","false","public/character-images/interactions-expanded/nika/electrostimulation/chair/nude__machine__receptive__sustain.png"
"NPC-CAND-01","Ника","electrostimulation","chair","underwear","machine","receptive","sustain","false","public/character-images/interactions-expanded/nika/electrostimulation/chair/underwear__machine__receptive__sustain.png"
"NPC-CAND-01","Ника","electrostimulation","chair","device_outfit","machine","receptive","sustain","false","public/character-images/interactions-expanded/nika/electrostimulation/chair/device_outfit__machine__receptive__sustain.png"
"NPC-CAND-01","Ника","electrostimulation","chair","nude","machine","high_positive","intense","false","public/character-images/interactions-expanded/nika/electrostimulation/chair/nude__machine__high_positive__intense.png"
"NPC-CAND-01","Ника","electrostimulation","chair","underwear","machine","high_positive","intense","false","public/character-images/interactions-expanded/nika/electrostimulation/chair/underwear__machine__high_positive__intense.png"
"NPC-CAND-01","Ника","electrostimulation","chair","device_outfit","machine","high_positive","intense","false","public/character-images/interactions-expanded/nika/electrostimulation/chair/device_outfit__machine__high_positive__intense.png"
"NPC-CAND-01","Ника","electrostimulation","chair","nude","machine","high_negative","intense","false","public/character-images/interactions-expanded/nika/electrostimulation/chair/nude__machine__high_negative__intense.png"
"NPC-CAND-01","Ника","electrostimulation","chair","underwear","machine","high_negative","intense","false","public/character-images/interactions-expanded/nika/electrostimulation/chair/underwear__machine__high_negative__intense.png"
"NPC-CAND-01","Ника","electrostimulation","chair","device_outfit","machine","high_negative","intense","false","public/character-images/interactions-expanded/nika/electrostimulation/chair/device_outfit__machine__high_negative__intense.png"
"NPC-CAND-01","Ника","electrostimulation","chair","nude","machine","subspace","intense","false","public/character-images/interactions-expanded/nika/electrostimulation/chair/nude__machine__subspace__intense.png"
"NPC-CAND-01","Ника","electrostimulation","chair","underwear","machine","subspace","intense","false","public/character-images/interactions-expanded/nika/electrostimulation/chair/underwear__machine__subspace__intense.png"
"NPC-CAND-01","Ника","electrostimulation","chair","device_outfit","machine","subspace","intense","false","public/character-images/interactions-expanded/nika/electrostimulation/chair/device_outfit__machine__subspace__intense.png"
"NPC-CAND-01","Ника","electrostimulation","chair","nude","machine","climax","peak","false","public/character-images/interactions-expanded/nika/electrostimulation/chair/nude__machine__climax__peak.png"
"NPC-CAND-01","Ника","electrostimulation","chair","underwear","machine","climax","peak","false","public/character-images/interactions-expanded/nika/electrostimulation/chair/underwear__machine__climax__peak.png"
"NPC-CAND-01","Ника","electrostimulation","chair","device_outfit","machine","climax","peak","false","public/character-images/interactions-expanded/nika/electrostimulation/chair/device_outfit__machine__climax__peak.png"
"NPC-CAND-01","Ника","electrostimulation","chair","nude","machine","high_negative","peak","false","public/character-images/interactions-expanded/nika/electrostimulation/chair/nude__machine__high_negative__peak.png"
"NPC-CAND-01","Ника","electrostimulation","chair","underwear","machine","high_negative","peak","false","public/character-images/interactions-expanded/nika/electrostimulation/chair/underwear__machine__high_negative__peak.png"
"NPC-CAND-01","Ника","electrostimulation","chair","device_outfit","machine","high_negative","peak","false","public/character-images/interactions-expanded/nika/electrostimulation/chair/device_outfit__machine__high_negative__peak.png"
"NPC-CAND-01","Ника","electrostimulation","clamps","nude","free","guarded","sustain","false","public/character-images/interactions-expanded/nika/electrostimulation/clamps/nude__free__guarded__sustain.png"
"NPC-CAND-01","Ника","electrostimulation","clamps","nude","wrists","guarded","sustain","false","public/character-images/interactions-expanded/nika/electrostimulation/clamps/nude__wrists__guarded__sustain.png"
"NPC-CAND-01","Ника","electrostimulation","clamps","nude","spread","guarded","sustain","false","public/character-images/interactions-expanded/nika/electrostimulation/clamps/nude__spread__guarded__sustain.png"
"NPC-CAND-01","Ника","electrostimulation","clamps","open_top","free","guarded","sustain","false","public/character-images/interactions-expanded/nika/electrostimulation/clamps/open_top__free__guarded__sustain.png"
"NPC-CAND-01","Ника","electrostimulation","clamps","open_top","wrists","guarded","sustain","false","public/character-images/interactions-expanded/nika/electrostimulation/clamps/open_top__wrists__guarded__sustain.png"
"NPC-CAND-01","Ника","electrostimulation","clamps","open_top","spread","guarded","sustain","false","public/character-images/interactions-expanded/nika/electrostimulation/clamps/open_top__spread__guarded__sustain.png"
"NPC-CAND-01","Ника","electrostimulation","clamps","nude","free","receptive","sustain","false","public/character-images/interactions-expanded/nika/electrostimulation/clamps/nude__free__receptive__sustain.png"
"NPC-CAND-01","Ника","electrostimulation","clamps","nude","wrists","receptive","sustain","false","public/character-images/interactions-expanded/nika/electrostimulation/clamps/nude__wrists__receptive__sustain.png"
"NPC-CAND-01","Ника","electrostimulation","clamps","nude","spread","receptive","sustain","false","public/character-images/interactions-expanded/nika/electrostimulation/clamps/nude__spread__receptive__sustain.png"
"NPC-CAND-01","Ника","electrostimulation","clamps","open_top","free","receptive","sustain","false","public/character-images/interactions-expanded/nika/electrostimulation/clamps/open_top__free__receptive__sustain.png"
"NPC-CAND-01","Ника","electrostimulation","clamps","open_top","wrists","receptive","sustain","false","public/character-images/interactions-expanded/nika/electrostimulation/clamps/open_top__wrists__receptive__sustain.png"
"NPC-CAND-01","Ника","electrostimulation","clamps","open_top","spread","receptive","sustain","false","public/character-images/interactions-expanded/nika/electrostimulation/clamps/open_top__spread__receptive__sustain.png"
"NPC-CAND-01","Ника","electrostimulation","clamps","nude","free","high_positive","intense","false","public/character-images/interactions-expanded/nika/electrostimulation/clamps/nude__free__high_positive__intense.png"
"NPC-CAND-01","Ника","electrostimulation","clamps","nude","wrists","high_positive","intense","false","public/character-images/interactions-expanded/nika/electrostimulation/clamps/nude__wrists__high_positive__intense.png"
"NPC-CAND-01","Ника","electrostimulation","clamps","nude","spread","high_positive","intense","false","public/character-images/interactions-expanded/nika/electrostimulation/clamps/nude__spread__high_positive__intense.png"
"NPC-CAND-01","Ника","electrostimulation","clamps","open_top","free","high_positive","intense","false","public/character-images/interactions-expanded/nika/electrostimulation/clamps/open_top__free__high_positive__intense.png"
"NPC-CAND-01","Ника","electrostimulation","clamps","open_top","wrists","high_positive","intense","false","public/character-images/interactions-expanded/nika/electrostimulation/clamps/open_top__wrists__high_positive__intense.png"
"NPC-CAND-01","Ника","electrostimulation","clamps","open_top","spread","high_positive","intense","false","public/character-images/interactions-expanded/nika/electrostimulation/clamps/open_top__spread__high_positive__intense.png"
"NPC-CAND-01","Ника","electrostimulation","clamps","nude","free","high_negative","intense","false","public/character-images/interactions-expanded/nika/electrostimulation/clamps/nude__free__high_negative__intense.png"
"NPC-CAND-01","Ника","electrostimulation","clamps","nude","wrists","high_negative","intense","false","public/character-images/interactions-expanded/nika/electrostimulation/clamps/nude__wrists__high_negative__intense.png"
"NPC-CAND-01","Ника","electrostimulation","clamps","nude","spread","high_negative","intense","false","public/character-images/interactions-expanded/nika/electrostimulation/clamps/nude__spread__high_negative__intense.png"
"NPC-CAND-01","Ника","electrostimulation","clamps","open_top","free","high_negative","intense","false","public/character-images/interactions-expanded/nika/electrostimulation/clamps/open_top__free__high_negative__intense.png"
"NPC-CAND-01","Ника","electrostimulation","clamps","open_top","wrists","high_negative","intense","false","public/character-images/interactions-expanded/nika/electrostimulation/clamps/open_top__wrists__high_negative__intense.png"
"NPC-CAND-01","Ника","electrostimulation","clamps","open_top","spread","high_negative","intense","false","public/character-images/interactions-expanded/nika/electrostimulation/clamps/open_top__spread__high_negative__intense.png"
"NPC-CAND-01","Ника","electrostimulation","clamps","nude","free","subspace","intense","false","public/character-images/interactions-expanded/nika/electrostimulation/clamps/nude__free__subspace__intense.png"
"NPC-CAND-01","Ника","electrostimulation","clamps","nude","wrists","subspace","intense","false","public/character-images/interactions-expanded/nika/electrostimulation/clamps/nude__wrists__subspace__intense.png"
"NPC-CAND-01","Ника","electrostimulation","clamps","nude","spread","subspace","intense","false","public/character-images/interactions-expanded/nika/electrostimulation/clamps/nude__spread__subspace__intense.png"
"NPC-CAND-01","Ника","electrostimulation","clamps","open_top","free","subspace","intense","false","public/character-images/interactions-expanded/nika/electrostimulation/clamps/open_top__free__subspace__intense.png"
"NPC-CAND-01","Ника","electrostimulation","clamps","open_top","wrists","subspace","intense","false","public/character-images/interactions-expanded/nika/electrostimulation/clamps/open_top__wrists__subspace__intense.png"
"NPC-CAND-01","Ника","electrostimulation","clamps","open_top","spread","subspace","intense","false","public/character-images/interactions-expanded/nika/electrostimulation/clamps/open_top__spread__subspace__intense.png"
"NPC-CAND-01","Ника","electrostimulation","clamps","nude","free","climax","peak","false","public/character-images/interactions-expanded/nika/electrostimulation/clamps/nude__free__climax__peak.png"
"NPC-CAND-01","Ника","electrostimulation","clamps","nude","wrists","climax","peak","false","public/character-images/interactions-expanded/nika/electrostimulation/clamps/nude__wrists__climax__peak.png"
"NPC-CAND-01","Ника","electrostimulation","clamps","nude","spread","climax","peak","false","public/character-images/interactions-expanded/nika/electrostimulation/clamps/nude__spread__climax__peak.png"
"NPC-CAND-01","Ника","electrostimulation","clamps","open_top","free","climax","peak","false","public/character-images/interactions-expanded/nika/electrostimulation/clamps/open_top__free__climax__peak.png"
"NPC-CAND-01","Ника","electrostimulation","clamps","open_top","wrists","climax","peak","false","public/character-images/interactions-expanded/nika/electrostimulation/clamps/open_top__wrists__climax__peak.png"
"NPC-CAND-01","Ника","electrostimulation","clamps","open_top","spread","climax","peak","false","public/character-images/interactions-expanded/nika/electrostimulation/clamps/open_top__spread__climax__peak.png"
"NPC-CAND-01","Ника","electrostimulation","clamps","nude","free","high_negative","peak","false","public/character-images/interactions-expanded/nika/electrostimulation/clamps/nude__free__high_negative__peak.png"
"NPC-CAND-01","Ника","electrostimulation","clamps","nude","wrists","high_negative","peak","false","public/character-images/interactions-expanded/nika/electrostimulation/clamps/nude__wrists__high_negative__peak.png"
"NPC-CAND-01","Ника","electrostimulation","clamps","nude","spread","high_negative","peak","false","public/character-images/interactions-expanded/nika/electrostimulation/clamps/nude__spread__high_negative__peak.png"
"NPC-CAND-01","Ника","electrostimulation","clamps","open_top","free","high_negative","peak","false","public/character-images/interactions-expanded/nika/electrostimulation/clamps/open_top__free__high_negative__peak.png"
"NPC-CAND-01","Ника","electrostimulation","clamps","open_top","wrists","high_negative","peak","false","public/character-images/interactions-expanded/nika/electrostimulation/clamps/open_top__wrists__high_negative__peak.png"
"NPC-CAND-01","Ника","electrostimulation","clamps","open_top","spread","high_negative","peak","false","public/character-images/interactions-expanded/nika/electrostimulation/clamps/open_top__spread__high_negative__peak.png"
"NPC-CAND-01","Ника","electrostimulation","genital","nude","free","guarded","sustain","false","public/character-images/interactions-expanded/nika/electrostimulation/genital/nude__free__guarded__sustain.png"
"NPC-CAND-01","Ника","electrostimulation","genital","nude","spread","guarded","sustain","false","public/character-images/interactions-expanded/nika/electrostimulation/genital/nude__spread__guarded__sustain.png"
"NPC-CAND-01","Ника","electrostimulation","genital","underwear","free","guarded","sustain","false","public/character-images/interactions-expanded/nika/electrostimulation/genital/underwear__free__guarded__sustain.png"
"NPC-CAND-01","Ника","electrostimulation","genital","underwear","spread","guarded","sustain","false","public/character-images/interactions-expanded/nika/electrostimulation/genital/underwear__spread__guarded__sustain.png"
"NPC-CAND-01","Ника","electrostimulation","genital","nude","free","receptive","sustain","false","public/character-images/interactions-expanded/nika/electrostimulation/genital/nude__free__receptive__sustain.png"
"NPC-CAND-01","Ника","electrostimulation","genital","nude","spread","receptive","sustain","false","public/character-images/interactions-expanded/nika/electrostimulation/genital/nude__spread__receptive__sustain.png"
"NPC-CAND-01","Ника","electrostimulation","genital","underwear","free","receptive","sustain","false","public/character-images/interactions-expanded/nika/electrostimulation/genital/underwear__free__receptive__sustain.png"
"NPC-CAND-01","Ника","electrostimulation","genital","underwear","spread","receptive","sustain","false","public/character-images/interactions-expanded/nika/electrostimulation/genital/underwear__spread__receptive__sustain.png"
"NPC-CAND-01","Ника","electrostimulation","genital","nude","free","high_positive","intense","false","public/character-images/interactions-expanded/nika/electrostimulation/genital/nude__free__high_positive__intense.png"
"NPC-CAND-01","Ника","electrostimulation","genital","nude","spread","high_positive","intense","false","public/character-images/interactions-expanded/nika/electrostimulation/genital/nude__spread__high_positive__intense.png"
"NPC-CAND-01","Ника","electrostimulation","genital","underwear","free","high_positive","intense","false","public/character-images/interactions-expanded/nika/electrostimulation/genital/underwear__free__high_positive__intense.png"
"NPC-CAND-01","Ника","electrostimulation","genital","underwear","spread","high_positive","intense","false","public/character-images/interactions-expanded/nika/electrostimulation/genital/underwear__spread__high_positive__intense.png"
"NPC-CAND-01","Ника","electrostimulation","genital","nude","free","high_negative","intense","false","public/character-images/interactions-expanded/nika/electrostimulation/genital/nude__free__high_negative__intense.png"
"NPC-CAND-01","Ника","electrostimulation","genital","nude","spread","high_negative","intense","false","public/character-images/interactions-expanded/nika/electrostimulation/genital/nude__spread__high_negative__intense.png"
"NPC-CAND-01","Ника","electrostimulation","genital","underwear","free","high_negative","intense","false","public/character-images/interactions-expanded/nika/electrostimulation/genital/underwear__free__high_negative__intense.png"
"NPC-CAND-01","Ника","electrostimulation","genital","underwear","spread","high_negative","intense","false","public/character-images/interactions-expanded/nika/electrostimulation/genital/underwear__spread__high_negative__intense.png"
"NPC-CAND-01","Ника","electrostimulation","genital","nude","free","subspace","intense","false","public/character-images/interactions-expanded/nika/electrostimulation/genital/nude__free__subspace__intense.png"
"NPC-CAND-01","Ника","electrostimulation","genital","nude","spread","subspace","intense","false","public/character-images/interactions-expanded/nika/electrostimulation/genital/nude__spread__subspace__intense.png"
"NPC-CAND-01","Ника","electrostimulation","genital","underwear","free","subspace","intense","false","public/character-images/interactions-expanded/nika/electrostimulation/genital/underwear__free__subspace__intense.png"
"NPC-CAND-01","Ника","electrostimulation","genital","underwear","spread","subspace","intense","false","public/character-images/interactions-expanded/nika/electrostimulation/genital/underwear__spread__subspace__intense.png"
"NPC-CAND-01","Ника","electrostimulation","genital","nude","free","climax","peak","false","public/character-images/interactions-expanded/nika/electrostimulation/genital/nude__free__climax__peak.png"
"NPC-CAND-01","Ника","electrostimulation","genital","nude","spread","climax","peak","false","public/character-images/interactions-expanded/nika/electrostimulation/genital/nude__spread__climax__peak.png"
"NPC-CAND-01","Ника","electrostimulation","genital","underwear","free","climax","peak","false","public/character-images/interactions-expanded/nika/electrostimulation/genital/underwear__free__climax__peak.png"
"NPC-CAND-01","Ника","electrostimulation","genital","underwear","spread","climax","peak","false","public/character-images/interactions-expanded/nika/electrostimulation/genital/underwear__spread__climax__peak.png"
"NPC-CAND-01","Ника","electrostimulation","genital","nude","free","high_negative","peak","false","public/character-images/interactions-expanded/nika/electrostimulation/genital/nude__free__high_negative__peak.png"
"NPC-CAND-01","Ника","electrostimulation","genital","nude","spread","high_negative","peak","false","public/character-images/interactions-expanded/nika/electrostimulation/genital/nude__spread__high_negative__peak.png"
"NPC-CAND-01","Ника","electrostimulation","genital","underwear","free","high_negative","peak","false","public/character-images/interactions-expanded/nika/electrostimulation/genital/underwear__free__high_negative__peak.png"
"NPC-CAND-01","Ника","electrostimulation","genital","underwear","spread","high_negative","peak","false","public/character-images/interactions-expanded/nika/electrostimulation/genital/underwear__spread__high_negative__peak.png"
"NPC-CAND-01","Ника","electrostimulation","tentacles","nude","free","guarded","sustain","true","public/character-images/interactions-expanded/nika/electrostimulation/tentacles/nude__free__guarded__sustain.png"
"NPC-CAND-01","Ника","electrostimulation","tentacles","nude","machine","guarded","sustain","true","public/character-images/interactions-expanded/nika/electrostimulation/tentacles/nude__machine__guarded__sustain.png"
"NPC-CAND-01","Ника","electrostimulation","tentacles","nude","free","receptive","sustain","true","public/character-images/interactions-expanded/nika/electrostimulation/tentacles/nude__free__receptive__sustain.png"
"NPC-CAND-01","Ника","electrostimulation","tentacles","nude","machine","receptive","sustain","true","public/character-images/interactions-expanded/nika/electrostimulation/tentacles/nude__machine__receptive__sustain.png"
"NPC-CAND-01","Ника","electrostimulation","tentacles","nude","free","high_positive","intense","true","public/character-images/interactions-expanded/nika/electrostimulation/tentacles/nude__free__high_positive__intense.png"
"NPC-CAND-01","Ника","electrostimulation","tentacles","nude","machine","high_positive","intense","true","public/character-images/interactions-expanded/nika/electrostimulation/tentacles/nude__machine__high_positive__intense.png"
"NPC-CAND-01","Ника","electrostimulation","tentacles","nude","free","high_negative","intense","true","public/character-images/interactions-expanded/nika/electrostimulation/tentacles/nude__free__high_negative__intense.png"
"NPC-CAND-01","Ника","electrostimulation","tentacles","nude","machine","high_negative","intense","true","public/character-images/interactions-expanded/nika/electrostimulation/tentacles/nude__machine__high_negative__intense.png"
"NPC-CAND-01","Ника","electrostimulation","tentacles","nude","free","subspace","intense","true","public/character-images/interactions-expanded/nika/electrostimulation/tentacles/nude__free__subspace__intense.png"
"NPC-CAND-01","Ника","electrostimulation","tentacles","nude","machine","subspace","intense","true","public/character-images/interactions-expanded/nika/electrostimulation/tentacles/nude__machine__subspace__intense.png"
"NPC-CAND-01","Ника","electrostimulation","tentacles","nude","free","climax","peak","true","public/character-images/interactions-expanded/nika/electrostimulation/tentacles/nude__free__climax__peak.png"
"NPC-CAND-01","Ника","electrostimulation","tentacles","nude","machine","climax","peak","true","public/character-images/interactions-expanded/nika/electrostimulation/tentacles/nude__machine__climax__peak.png"
"NPC-CAND-01","Ника","electrostimulation","tentacles","nude","free","high_negative","peak","true","public/character-images/interactions-expanded/nika/electrostimulation/tentacles/nude__free__high_negative__peak.png"
"NPC-CAND-01","Ника","electrostimulation","tentacles","nude","machine","high_negative","peak","true","public/character-images/interactions-expanded/nika/electrostimulation/tentacles/nude__machine__high_negative__peak.png"
"NPC-CAND-01","Ника","exposure","standing","nude","free","guarded","sustain","false","public/character-images/interactions-expanded/nika/exposure/standing/nude__free__guarded__sustain.png"
"NPC-CAND-01","Ника","exposure","standing","nude","wrists","guarded","sustain","false","public/character-images/interactions-expanded/nika/exposure/standing/nude__wrists__guarded__sustain.png"
"NPC-CAND-01","Ника","exposure","standing","underwear","free","guarded","sustain","false","public/character-images/interactions-expanded/nika/exposure/standing/underwear__free__guarded__sustain.png"
"NPC-CAND-01","Ника","exposure","standing","underwear","wrists","guarded","sustain","false","public/character-images/interactions-expanded/nika/exposure/standing/underwear__wrists__guarded__sustain.png"
"NPC-CAND-01","Ника","exposure","standing","open_top","free","guarded","sustain","false","public/character-images/interactions-expanded/nika/exposure/standing/open_top__free__guarded__sustain.png"
"NPC-CAND-01","Ника","exposure","standing","open_top","wrists","guarded","sustain","false","public/character-images/interactions-expanded/nika/exposure/standing/open_top__wrists__guarded__sustain.png"
"NPC-CAND-01","Ника","exposure","standing","stockings","free","guarded","sustain","false","public/character-images/interactions-expanded/nika/exposure/standing/stockings__free__guarded__sustain.png"
"NPC-CAND-01","Ника","exposure","standing","stockings","wrists","guarded","sustain","false","public/character-images/interactions-expanded/nika/exposure/standing/stockings__wrists__guarded__sustain.png"
"NPC-CAND-01","Ника","exposure","standing","nude","free","receptive","sustain","false","public/character-images/interactions-expanded/nika/exposure/standing/nude__free__receptive__sustain.png"
"NPC-CAND-01","Ника","exposure","standing","nude","wrists","receptive","sustain","false","public/character-images/interactions-expanded/nika/exposure/standing/nude__wrists__receptive__sustain.png"
"NPC-CAND-01","Ника","exposure","standing","underwear","free","receptive","sustain","false","public/character-images/interactions-expanded/nika/exposure/standing/underwear__free__receptive__sustain.png"
"NPC-CAND-01","Ника","exposure","standing","underwear","wrists","receptive","sustain","false","public/character-images/interactions-expanded/nika/exposure/standing/underwear__wrists__receptive__sustain.png"
"NPC-CAND-01","Ника","exposure","standing","open_top","free","receptive","sustain","false","public/character-images/interactions-expanded/nika/exposure/standing/open_top__free__receptive__sustain.png"
"NPC-CAND-01","Ника","exposure","standing","open_top","wrists","receptive","sustain","false","public/character-images/interactions-expanded/nika/exposure/standing/open_top__wrists__receptive__sustain.png"
"NPC-CAND-01","Ника","exposure","standing","stockings","free","receptive","sustain","false","public/character-images/interactions-expanded/nika/exposure/standing/stockings__free__receptive__sustain.png"
"NPC-CAND-01","Ника","exposure","standing","stockings","wrists","receptive","sustain","false","public/character-images/interactions-expanded/nika/exposure/standing/stockings__wrists__receptive__sustain.png"
"NPC-CAND-01","Ника","exposure","standing","nude","free","climax","peak","false","public/character-images/interactions-expanded/nika/exposure/standing/nude__free__climax__peak.png"
"NPC-CAND-01","Ника","exposure","standing","nude","wrists","climax","peak","false","public/character-images/interactions-expanded/nika/exposure/standing/nude__wrists__climax__peak.png"
"NPC-CAND-01","Ника","exposure","standing","underwear","free","climax","peak","false","public/character-images/interactions-expanded/nika/exposure/standing/underwear__free__climax__peak.png"
"NPC-CAND-01","Ника","exposure","standing","underwear","wrists","climax","peak","false","public/character-images/interactions-expanded/nika/exposure/standing/underwear__wrists__climax__peak.png"
"NPC-CAND-01","Ника","exposure","standing","open_top","free","climax","peak","false","public/character-images/interactions-expanded/nika/exposure/standing/open_top__free__climax__peak.png"
"NPC-CAND-01","Ника","exposure","standing","open_top","wrists","climax","peak","false","public/character-images/interactions-expanded/nika/exposure/standing/open_top__wrists__climax__peak.png"
"NPC-CAND-01","Ника","exposure","standing","stockings","free","climax","peak","false","public/character-images/interactions-expanded/nika/exposure/standing/stockings__free__climax__peak.png"
"NPC-CAND-01","Ника","exposure","standing","stockings","wrists","climax","peak","false","public/character-images/interactions-expanded/nika/exposure/standing/stockings__wrists__climax__peak.png"
"NPC-CAND-01","Ника","exposure","standing","nude","free","high_negative","peak","false","public/character-images/interactions-expanded/nika/exposure/standing/nude__free__high_negative__peak.png"
"NPC-CAND-01","Ника","exposure","standing","nude","wrists","high_negative","peak","false","public/character-images/interactions-expanded/nika/exposure/standing/nude__wrists__high_negative__peak.png"
"NPC-CAND-01","Ника","exposure","standing","underwear","free","high_negative","peak","false","public/character-images/interactions-expanded/nika/exposure/standing/underwear__free__high_negative__peak.png"
"NPC-CAND-01","Ника","exposure","standing","underwear","wrists","high_negative","peak","false","public/character-images/interactions-expanded/nika/exposure/standing/underwear__wrists__high_negative__peak.png"
"NPC-CAND-01","Ника","exposure","standing","open_top","free","high_negative","peak","false","public/character-images/interactions-expanded/nika/exposure/standing/open_top__free__high_negative__peak.png"
"NPC-CAND-01","Ника","exposure","standing","open_top","wrists","high_negative","peak","false","public/character-images/interactions-expanded/nika/exposure/standing/open_top__wrists__high_negative__peak.png"
"NPC-CAND-01","Ника","exposure","standing","stockings","free","high_negative","peak","false","public/character-images/interactions-expanded/nika/exposure/standing/stockings__free__high_negative__peak.png"
"NPC-CAND-01","Ника","exposure","standing","stockings","wrists","high_negative","peak","false","public/character-images/interactions-expanded/nika/exposure/standing/stockings__wrists__high_negative__peak.png"
"NPC-CAND-01","Ника","exposure","sitting_spread","nude","free","guarded","sustain","false","public/character-images/interactions-expanded/nika/exposure/sitting_spread/nude__free__guarded__sustain.png"
"NPC-CAND-01","Ника","exposure","sitting_spread","nude","spread","guarded","sustain","false","public/character-images/interactions-expanded/nika/exposure/sitting_spread/nude__spread__guarded__sustain.png"
"NPC-CAND-01","Ника","exposure","sitting_spread","underwear","free","guarded","sustain","false","public/character-images/interactions-expanded/nika/exposure/sitting_spread/underwear__free__guarded__sustain.png"
"NPC-CAND-01","Ника","exposure","sitting_spread","underwear","spread","guarded","sustain","false","public/character-images/interactions-expanded/nika/exposure/sitting_spread/underwear__spread__guarded__sustain.png"
"NPC-CAND-01","Ника","exposure","sitting_spread","stockings","free","guarded","sustain","false","public/character-images/interactions-expanded/nika/exposure/sitting_spread/stockings__free__guarded__sustain.png"
"NPC-CAND-01","Ника","exposure","sitting_spread","stockings","spread","guarded","sustain","false","public/character-images/interactions-expanded/nika/exposure/sitting_spread/stockings__spread__guarded__sustain.png"
"NPC-CAND-01","Ника","exposure","sitting_spread","nude","free","receptive","sustain","false","public/character-images/interactions-expanded/nika/exposure/sitting_spread/nude__free__receptive__sustain.png"
"NPC-CAND-01","Ника","exposure","sitting_spread","nude","spread","receptive","sustain","false","public/character-images/interactions-expanded/nika/exposure/sitting_spread/nude__spread__receptive__sustain.png"
"NPC-CAND-01","Ника","exposure","sitting_spread","underwear","free","receptive","sustain","false","public/character-images/interactions-expanded/nika/exposure/sitting_spread/underwear__free__receptive__sustain.png"
"NPC-CAND-01","Ника","exposure","sitting_spread","underwear","spread","receptive","sustain","false","public/character-images/interactions-expanded/nika/exposure/sitting_spread/underwear__spread__receptive__sustain.png"
"NPC-CAND-01","Ника","exposure","sitting_spread","stockings","free","receptive","sustain","false","public/character-images/interactions-expanded/nika/exposure/sitting_spread/stockings__free__receptive__sustain.png"
"NPC-CAND-01","Ника","exposure","sitting_spread","stockings","spread","receptive","sustain","false","public/character-images/interactions-expanded/nika/exposure/sitting_spread/stockings__spread__receptive__sustain.png"
"NPC-CAND-01","Ника","exposure","sitting_spread","nude","free","climax","peak","false","public/character-images/interactions-expanded/nika/exposure/sitting_spread/nude__free__climax__peak.png"
"NPC-CAND-01","Ника","exposure","sitting_spread","nude","spread","climax","peak","false","public/character-images/interactions-expanded/nika/exposure/sitting_spread/nude__spread__climax__peak.png"
"NPC-CAND-01","Ника","exposure","sitting_spread","underwear","free","climax","peak","false","public/character-images/interactions-expanded/nika/exposure/sitting_spread/underwear__free__climax__peak.png"
"NPC-CAND-01","Ника","exposure","sitting_spread","underwear","spread","climax","peak","false","public/character-images/interactions-expanded/nika/exposure/sitting_spread/underwear__spread__climax__peak.png"
"NPC-CAND-01","Ника","exposure","sitting_spread","stockings","free","climax","peak","false","public/character-images/interactions-expanded/nika/exposure/sitting_spread/stockings__free__climax__peak.png"
"NPC-CAND-01","Ника","exposure","sitting_spread","stockings","spread","climax","peak","false","public/character-images/interactions-expanded/nika/exposure/sitting_spread/stockings__spread__climax__peak.png"
"NPC-CAND-01","Ника","exposure","sitting_spread","nude","free","high_negative","peak","false","public/character-images/interactions-expanded/nika/exposure/sitting_spread/nude__free__high_negative__peak.png"
"NPC-CAND-01","Ника","exposure","sitting_spread","nude","spread","high_negative","peak","false","public/character-images/interactions-expanded/nika/exposure/sitting_spread/nude__spread__high_negative__peak.png"
"NPC-CAND-01","Ника","exposure","sitting_spread","underwear","free","high_negative","peak","false","public/character-images/interactions-expanded/nika/exposure/sitting_spread/underwear__free__high_negative__peak.png"
"NPC-CAND-01","Ника","exposure","sitting_spread","underwear","spread","high_negative","peak","false","public/character-images/interactions-expanded/nika/exposure/sitting_spread/underwear__spread__high_negative__peak.png"
"NPC-CAND-01","Ника","exposure","sitting_spread","stockings","free","high_negative","peak","false","public/character-images/interactions-expanded/nika/exposure/sitting_spread/stockings__free__high_negative__peak.png"
"NPC-CAND-01","Ника","exposure","sitting_spread","stockings","spread","high_negative","peak","false","public/character-images/interactions-expanded/nika/exposure/sitting_spread/stockings__spread__high_negative__peak.png"
"NPC-CAND-01","Ника","exposure","spread_eagle","nude","spread","guarded","sustain","false","public/character-images/interactions-expanded/nika/exposure/spread_eagle/nude__spread__guarded__sustain.png"
"NPC-CAND-01","Ника","exposure","spread_eagle","underwear","spread","guarded","sustain","false","public/character-images/interactions-expanded/nika/exposure/spread_eagle/underwear__spread__guarded__sustain.png"
"NPC-CAND-01","Ника","exposure","spread_eagle","nude","spread","receptive","sustain","false","public/character-images/interactions-expanded/nika/exposure/spread_eagle/nude__spread__receptive__sustain.png"
"NPC-CAND-01","Ника","exposure","spread_eagle","underwear","spread","receptive","sustain","false","public/character-images/interactions-expanded/nika/exposure/spread_eagle/underwear__spread__receptive__sustain.png"
"NPC-CAND-01","Ника","exposure","spread_eagle","nude","spread","climax","peak","false","public/character-images/interactions-expanded/nika/exposure/spread_eagle/nude__spread__climax__peak.png"
"NPC-CAND-01","Ника","exposure","spread_eagle","underwear","spread","climax","peak","false","public/character-images/interactions-expanded/nika/exposure/spread_eagle/underwear__spread__climax__peak.png"
"NPC-CAND-01","Ника","exposure","spread_eagle","nude","spread","high_negative","peak","false","public/character-images/interactions-expanded/nika/exposure/spread_eagle/nude__spread__high_negative__peak.png"
"NPC-CAND-01","Ника","exposure","spread_eagle","underwear","spread","high_negative","peak","false","public/character-images/interactions-expanded/nika/exposure/spread_eagle/underwear__spread__high_negative__peak.png"
"NPC-CAND-01","Ника","exposure","covering","nude","free","guarded","sustain","false","public/character-images/interactions-expanded/nika/exposure/covering/nude__free__guarded__sustain.png"
"NPC-CAND-01","Ника","exposure","covering","underwear","free","guarded","sustain","false","public/character-images/interactions-expanded/nika/exposure/covering/underwear__free__guarded__sustain.png"
"NPC-CAND-01","Ника","exposure","covering","open_top","free","guarded","sustain","false","public/character-images/interactions-expanded/nika/exposure/covering/open_top__free__guarded__sustain.png"
"NPC-CAND-01","Ника","exposure","covering","nude","free","receptive","sustain","false","public/character-images/interactions-expanded/nika/exposure/covering/nude__free__receptive__sustain.png"
"NPC-CAND-01","Ника","exposure","covering","underwear","free","receptive","sustain","false","public/character-images/interactions-expanded/nika/exposure/covering/underwear__free__receptive__sustain.png"
"NPC-CAND-01","Ника","exposure","covering","open_top","free","receptive","sustain","false","public/character-images/interactions-expanded/nika/exposure/covering/open_top__free__receptive__sustain.png"
"NPC-CAND-01","Ника","foot","bare_presented","nude","free","guarded","sustain","false","public/character-images/interactions-expanded/nika/foot/bare_presented/nude__free__guarded__sustain.png"
"NPC-CAND-01","Ника","foot","bare_presented","underwear","free","guarded","sustain","false","public/character-images/interactions-expanded/nika/foot/bare_presented/underwear__free__guarded__sustain.png"
"NPC-CAND-01","Ника","foot","bare_presented","nude","free","receptive","sustain","false","public/character-images/interactions-expanded/nika/foot/bare_presented/nude__free__receptive__sustain.png"
"NPC-CAND-01","Ника","foot","bare_presented","underwear","free","receptive","sustain","false","public/character-images/interactions-expanded/nika/foot/bare_presented/underwear__free__receptive__sustain.png"
"NPC-CAND-01","Ника","foot","pantyhose_presented","stockings","free","guarded","sustain","false","public/character-images/interactions-expanded/nika/foot/pantyhose_presented/stockings__free__guarded__sustain.png"
"NPC-CAND-01","Ника","foot","pantyhose_presented","stockings","wrists","guarded","sustain","false","public/character-images/interactions-expanded/nika/foot/pantyhose_presented/stockings__wrists__guarded__sustain.png"
"NPC-CAND-01","Ника","foot","pantyhose_presented","stockings","free","receptive","sustain","false","public/character-images/interactions-expanded/nika/foot/pantyhose_presented/stockings__free__receptive__sustain.png"
"NPC-CAND-01","Ника","foot","pantyhose_presented","stockings","wrists","receptive","sustain","false","public/character-images/interactions-expanded/nika/foot/pantyhose_presented/stockings__wrists__receptive__sustain.png"
"NPC-CAND-01","Ника","foot","stocks_tickle","nude","machine","guarded","sustain","false","public/character-images/interactions-expanded/nika/foot/stocks_tickle/nude__machine__guarded__sustain.png"
"NPC-CAND-01","Ника","foot","stocks_tickle","underwear","machine","guarded","sustain","false","public/character-images/interactions-expanded/nika/foot/stocks_tickle/underwear__machine__guarded__sustain.png"
"NPC-CAND-01","Ника","foot","stocks_tickle","stockings","machine","guarded","sustain","false","public/character-images/interactions-expanded/nika/foot/stocks_tickle/stockings__machine__guarded__sustain.png"
"NPC-CAND-01","Ника","foot","stocks_tickle","nude","machine","receptive","sustain","false","public/character-images/interactions-expanded/nika/foot/stocks_tickle/nude__machine__receptive__sustain.png"
"NPC-CAND-01","Ника","foot","stocks_tickle","underwear","machine","receptive","sustain","false","public/character-images/interactions-expanded/nika/foot/stocks_tickle/underwear__machine__receptive__sustain.png"
"NPC-CAND-01","Ника","foot","stocks_tickle","stockings","machine","receptive","sustain","false","public/character-images/interactions-expanded/nika/foot/stocks_tickle/stockings__machine__receptive__sustain.png"
"NPC-CAND-01","Ника","foot","stocks_tickle","nude","machine","high_positive","intense","false","public/character-images/interactions-expanded/nika/foot/stocks_tickle/nude__machine__high_positive__intense.png"
"NPC-CAND-01","Ника","foot","stocks_tickle","underwear","machine","high_positive","intense","false","public/character-images/interactions-expanded/nika/foot/stocks_tickle/underwear__machine__high_positive__intense.png"
"NPC-CAND-01","Ника","foot","stocks_tickle","stockings","machine","high_positive","intense","false","public/character-images/interactions-expanded/nika/foot/stocks_tickle/stockings__machine__high_positive__intense.png"
"NPC-CAND-01","Ника","foot","stocks_tickle","nude","machine","high_negative","intense","false","public/character-images/interactions-expanded/nika/foot/stocks_tickle/nude__machine__high_negative__intense.png"
"NPC-CAND-01","Ника","foot","stocks_tickle","underwear","machine","high_negative","intense","false","public/character-images/interactions-expanded/nika/foot/stocks_tickle/underwear__machine__high_negative__intense.png"
"NPC-CAND-01","Ника","foot","stocks_tickle","stockings","machine","high_negative","intense","false","public/character-images/interactions-expanded/nika/foot/stocks_tickle/stockings__machine__high_negative__intense.png"
"NPC-CAND-01","Ника","foot","stocks_tickle","nude","machine","subspace","intense","false","public/character-images/interactions-expanded/nika/foot/stocks_tickle/nude__machine__subspace__intense.png"
"NPC-CAND-01","Ника","foot","stocks_tickle","underwear","machine","subspace","intense","false","public/character-images/interactions-expanded/nika/foot/stocks_tickle/underwear__machine__subspace__intense.png"
"NPC-CAND-01","Ника","foot","stocks_tickle","stockings","machine","subspace","intense","false","public/character-images/interactions-expanded/nika/foot/stocks_tickle/stockings__machine__subspace__intense.png"
"NPC-CAND-01","Ника","foot","stocks_tickle","nude","machine","climax","peak","false","public/character-images/interactions-expanded/nika/foot/stocks_tickle/nude__machine__climax__peak.png"
"NPC-CAND-01","Ника","foot","stocks_tickle","underwear","machine","climax","peak","false","public/character-images/interactions-expanded/nika/foot/stocks_tickle/underwear__machine__climax__peak.png"
"NPC-CAND-01","Ника","foot","stocks_tickle","stockings","machine","climax","peak","false","public/character-images/interactions-expanded/nika/foot/stocks_tickle/stockings__machine__climax__peak.png"
"NPC-CAND-01","Ника","foot","stocks_tickle","nude","machine","high_negative","peak","false","public/character-images/interactions-expanded/nika/foot/stocks_tickle/nude__machine__high_negative__peak.png"
"NPC-CAND-01","Ника","foot","stocks_tickle","underwear","machine","high_negative","peak","false","public/character-images/interactions-expanded/nika/foot/stocks_tickle/underwear__machine__high_negative__peak.png"
"NPC-CAND-01","Ника","foot","stocks_tickle","stockings","machine","high_negative","peak","false","public/character-images/interactions-expanded/nika/foot/stocks_tickle/stockings__machine__high_negative__peak.png"
"NPC-CAND-01","Ника","oral","kneeling","nude","free","guarded","sustain","false","public/character-images/interactions-expanded/nika/oral/kneeling/nude__free__guarded__sustain.png"
"NPC-CAND-01","Ника","oral","kneeling","nude","wrists","guarded","sustain","false","public/character-images/interactions-expanded/nika/oral/kneeling/nude__wrists__guarded__sustain.png"
"NPC-CAND-01","Ника","oral","kneeling","underwear","free","guarded","sustain","false","public/character-images/interactions-expanded/nika/oral/kneeling/underwear__free__guarded__sustain.png"
"NPC-CAND-01","Ника","oral","kneeling","underwear","wrists","guarded","sustain","false","public/character-images/interactions-expanded/nika/oral/kneeling/underwear__wrists__guarded__sustain.png"
"NPC-CAND-01","Ника","oral","kneeling","stockings","free","guarded","sustain","false","public/character-images/interactions-expanded/nika/oral/kneeling/stockings__free__guarded__sustain.png"
"NPC-CAND-01","Ника","oral","kneeling","stockings","wrists","guarded","sustain","false","public/character-images/interactions-expanded/nika/oral/kneeling/stockings__wrists__guarded__sustain.png"
"NPC-CAND-01","Ника","oral","kneeling","nude","free","receptive","sustain","false","public/character-images/interactions-expanded/nika/oral/kneeling/nude__free__receptive__sustain.png"
"NPC-CAND-01","Ника","oral","kneeling","nude","wrists","receptive","sustain","false","public/character-images/interactions-expanded/nika/oral/kneeling/nude__wrists__receptive__sustain.png"
"NPC-CAND-01","Ника","oral","kneeling","underwear","free","receptive","sustain","false","public/character-images/interactions-expanded/nika/oral/kneeling/underwear__free__receptive__sustain.png"
"NPC-CAND-01","Ника","oral","kneeling","underwear","wrists","receptive","sustain","false","public/character-images/interactions-expanded/nika/oral/kneeling/underwear__wrists__receptive__sustain.png"
"NPC-CAND-01","Ника","oral","kneeling","stockings","free","receptive","sustain","false","public/character-images/interactions-expanded/nika/oral/kneeling/stockings__free__receptive__sustain.png"
"NPC-CAND-01","Ника","oral","kneeling","stockings","wrists","receptive","sustain","false","public/character-images/interactions-expanded/nika/oral/kneeling/stockings__wrists__receptive__sustain.png"
"NPC-CAND-01","Ника","oral","kneeling","nude","free","high_positive","intense","false","public/character-images/interactions-expanded/nika/oral/kneeling/nude__free__high_positive__intense.png"
"NPC-CAND-01","Ника","oral","kneeling","nude","wrists","high_positive","intense","false","public/character-images/interactions-expanded/nika/oral/kneeling/nude__wrists__high_positive__intense.png"
"NPC-CAND-01","Ника","oral","kneeling","underwear","free","high_positive","intense","false","public/character-images/interactions-expanded/nika/oral/kneeling/underwear__free__high_positive__intense.png"
"NPC-CAND-01","Ника","oral","kneeling","underwear","wrists","high_positive","intense","false","public/character-images/interactions-expanded/nika/oral/kneeling/underwear__wrists__high_positive__intense.png"
"NPC-CAND-01","Ника","oral","kneeling","stockings","free","high_positive","intense","false","public/character-images/interactions-expanded/nika/oral/kneeling/stockings__free__high_positive__intense.png"
"NPC-CAND-01","Ника","oral","kneeling","stockings","wrists","high_positive","intense","false","public/character-images/interactions-expanded/nika/oral/kneeling/stockings__wrists__high_positive__intense.png"
"NPC-CAND-01","Ника","oral","kneeling","nude","free","high_negative","intense","false","public/character-images/interactions-expanded/nika/oral/kneeling/nude__free__high_negative__intense.png"
"NPC-CAND-01","Ника","oral","kneeling","nude","wrists","high_negative","intense","false","public/character-images/interactions-expanded/nika/oral/kneeling/nude__wrists__high_negative__intense.png"
"NPC-CAND-01","Ника","oral","kneeling","underwear","free","high_negative","intense","false","public/character-images/interactions-expanded/nika/oral/kneeling/underwear__free__high_negative__intense.png"
"NPC-CAND-01","Ника","oral","kneeling","underwear","wrists","high_negative","intense","false","public/character-images/interactions-expanded/nika/oral/kneeling/underwear__wrists__high_negative__intense.png"
"NPC-CAND-01","Ника","oral","kneeling","stockings","free","high_negative","intense","false","public/character-images/interactions-expanded/nika/oral/kneeling/stockings__free__high_negative__intense.png"
"NPC-CAND-01","Ника","oral","kneeling","stockings","wrists","high_negative","intense","false","public/character-images/interactions-expanded/nika/oral/kneeling/stockings__wrists__high_negative__intense.png"
"NPC-CAND-01","Ника","oral","kneeling","nude","free","subspace","intense","false","public/character-images/interactions-expanded/nika/oral/kneeling/nude__free__subspace__intense.png"
"NPC-CAND-01","Ника","oral","kneeling","nude","wrists","subspace","intense","false","public/character-images/interactions-expanded/nika/oral/kneeling/nude__wrists__subspace__intense.png"
"NPC-CAND-01","Ника","oral","kneeling","underwear","free","subspace","intense","false","public/character-images/interactions-expanded/nika/oral/kneeling/underwear__free__subspace__intense.png"
"NPC-CAND-01","Ника","oral","kneeling","underwear","wrists","subspace","intense","false","public/character-images/interactions-expanded/nika/oral/kneeling/underwear__wrists__subspace__intense.png"
"NPC-CAND-01","Ника","oral","kneeling","stockings","free","subspace","intense","false","public/character-images/interactions-expanded/nika/oral/kneeling/stockings__free__subspace__intense.png"
"NPC-CAND-01","Ника","oral","kneeling","stockings","wrists","subspace","intense","false","public/character-images/interactions-expanded/nika/oral/kneeling/stockings__wrists__subspace__intense.png"
"NPC-CAND-01","Ника","oral","kneeling","nude","free","climax","peak","false","public/character-images/interactions-expanded/nika/oral/kneeling/nude__free__climax__peak.png"
"NPC-CAND-01","Ника","oral","kneeling","nude","wrists","climax","peak","false","public/character-images/interactions-expanded/nika/oral/kneeling/nude__wrists__climax__peak.png"
"NPC-CAND-01","Ника","oral","kneeling","underwear","free","climax","peak","false","public/character-images/interactions-expanded/nika/oral/kneeling/underwear__free__climax__peak.png"
"NPC-CAND-01","Ника","oral","kneeling","underwear","wrists","climax","peak","false","public/character-images/interactions-expanded/nika/oral/kneeling/underwear__wrists__climax__peak.png"
"NPC-CAND-01","Ника","oral","kneeling","stockings","free","climax","peak","false","public/character-images/interactions-expanded/nika/oral/kneeling/stockings__free__climax__peak.png"
"NPC-CAND-01","Ника","oral","kneeling","stockings","wrists","climax","peak","false","public/character-images/interactions-expanded/nika/oral/kneeling/stockings__wrists__climax__peak.png"
"NPC-CAND-01","Ника","oral","kneeling","nude","free","high_negative","peak","false","public/character-images/interactions-expanded/nika/oral/kneeling/nude__free__high_negative__peak.png"
"NPC-CAND-01","Ника","oral","kneeling","nude","wrists","high_negative","peak","false","public/character-images/interactions-expanded/nika/oral/kneeling/nude__wrists__high_negative__peak.png"
"NPC-CAND-01","Ника","oral","kneeling","underwear","free","high_negative","peak","false","public/character-images/interactions-expanded/nika/oral/kneeling/underwear__free__high_negative__peak.png"
"NPC-CAND-01","Ника","oral","kneeling","underwear","wrists","high_negative","peak","false","public/character-images/interactions-expanded/nika/oral/kneeling/underwear__wrists__high_negative__peak.png"
"NPC-CAND-01","Ника","oral","kneeling","stockings","free","high_negative","peak","false","public/character-images/interactions-expanded/nika/oral/kneeling/stockings__free__high_negative__peak.png"
"NPC-CAND-01","Ника","oral","kneeling","stockings","wrists","high_negative","peak","false","public/character-images/interactions-expanded/nika/oral/kneeling/stockings__wrists__high_negative__peak.png"
"NPC-CAND-01","Ника","oral","deep","nude","free","guarded","sustain","false","public/character-images/interactions-expanded/nika/oral/deep/nude__free__guarded__sustain.png"
"NPC-CAND-01","Ника","oral","deep","nude","wrists","guarded","sustain","false","public/character-images/interactions-expanded/nika/oral/deep/nude__wrists__guarded__sustain.png"
"NPC-CAND-01","Ника","oral","deep","underwear","free","guarded","sustain","false","public/character-images/interactions-expanded/nika/oral/deep/underwear__free__guarded__sustain.png"
"NPC-CAND-01","Ника","oral","deep","underwear","wrists","guarded","sustain","false","public/character-images/interactions-expanded/nika/oral/deep/underwear__wrists__guarded__sustain.png"
"NPC-CAND-01","Ника","oral","deep","stockings","free","guarded","sustain","false","public/character-images/interactions-expanded/nika/oral/deep/stockings__free__guarded__sustain.png"
"NPC-CAND-01","Ника","oral","deep","stockings","wrists","guarded","sustain","false","public/character-images/interactions-expanded/nika/oral/deep/stockings__wrists__guarded__sustain.png"
"NPC-CAND-01","Ника","oral","deep","nude","free","receptive","sustain","false","public/character-images/interactions-expanded/nika/oral/deep/nude__free__receptive__sustain.png"
"NPC-CAND-01","Ника","oral","deep","nude","wrists","receptive","sustain","false","public/character-images/interactions-expanded/nika/oral/deep/nude__wrists__receptive__sustain.png"
"NPC-CAND-01","Ника","oral","deep","underwear","free","receptive","sustain","false","public/character-images/interactions-expanded/nika/oral/deep/underwear__free__receptive__sustain.png"
"NPC-CAND-01","Ника","oral","deep","underwear","wrists","receptive","sustain","false","public/character-images/interactions-expanded/nika/oral/deep/underwear__wrists__receptive__sustain.png"
"NPC-CAND-01","Ника","oral","deep","stockings","free","receptive","sustain","false","public/character-images/interactions-expanded/nika/oral/deep/stockings__free__receptive__sustain.png"
"NPC-CAND-01","Ника","oral","deep","stockings","wrists","receptive","sustain","false","public/character-images/interactions-expanded/nika/oral/deep/stockings__wrists__receptive__sustain.png"
"NPC-CAND-01","Ника","oral","deep","nude","free","high_positive","intense","false","public/character-images/interactions-expanded/nika/oral/deep/nude__free__high_positive__intense.png"
"NPC-CAND-01","Ника","oral","deep","nude","wrists","high_positive","intense","false","public/character-images/interactions-expanded/nika/oral/deep/nude__wrists__high_positive__intense.png"
"NPC-CAND-01","Ника","oral","deep","underwear","free","high_positive","intense","false","public/character-images/interactions-expanded/nika/oral/deep/underwear__free__high_positive__intense.png"
"NPC-CAND-01","Ника","oral","deep","underwear","wrists","high_positive","intense","false","public/character-images/interactions-expanded/nika/oral/deep/underwear__wrists__high_positive__intense.png"
"NPC-CAND-01","Ника","oral","deep","stockings","free","high_positive","intense","false","public/character-images/interactions-expanded/nika/oral/deep/stockings__free__high_positive__intense.png"
"NPC-CAND-01","Ника","oral","deep","stockings","wrists","high_positive","intense","false","public/character-images/interactions-expanded/nika/oral/deep/stockings__wrists__high_positive__intense.png"
"NPC-CAND-01","Ника","oral","deep","nude","free","high_negative","intense","false","public/character-images/interactions-expanded/nika/oral/deep/nude__free__high_negative__intense.png"
"NPC-CAND-01","Ника","oral","deep","nude","wrists","high_negative","intense","false","public/character-images/interactions-expanded/nika/oral/deep/nude__wrists__high_negative__intense.png"
"NPC-CAND-01","Ника","oral","deep","underwear","free","high_negative","intense","false","public/character-images/interactions-expanded/nika/oral/deep/underwear__free__high_negative__intense.png"
"NPC-CAND-01","Ника","oral","deep","underwear","wrists","high_negative","intense","false","public/character-images/interactions-expanded/nika/oral/deep/underwear__wrists__high_negative__intense.png"
"NPC-CAND-01","Ника","oral","deep","stockings","free","high_negative","intense","false","public/character-images/interactions-expanded/nika/oral/deep/stockings__free__high_negative__intense.png"
"NPC-CAND-01","Ника","oral","deep","stockings","wrists","high_negative","intense","false","public/character-images/interactions-expanded/nika/oral/deep/stockings__wrists__high_negative__intense.png"
"NPC-CAND-01","Ника","oral","deep","nude","free","subspace","intense","false","public/character-images/interactions-expanded/nika/oral/deep/nude__free__subspace__intense.png"
"NPC-CAND-01","Ника","oral","deep","nude","wrists","subspace","intense","false","public/character-images/interactions-expanded/nika/oral/deep/nude__wrists__subspace__intense.png"
"NPC-CAND-01","Ника","oral","deep","underwear","free","subspace","intense","false","public/character-images/interactions-expanded/nika/oral/deep/underwear__free__subspace__intense.png"
"NPC-CAND-01","Ника","oral","deep","underwear","wrists","subspace","intense","false","public/character-images/interactions-expanded/nika/oral/deep/underwear__wrists__subspace__intense.png"
"NPC-CAND-01","Ника","oral","deep","stockings","free","subspace","intense","false","public/character-images/interactions-expanded/nika/oral/deep/stockings__free__subspace__intense.png"
"NPC-CAND-01","Ника","oral","deep","stockings","wrists","subspace","intense","false","public/character-images/interactions-expanded/nika/oral/deep/stockings__wrists__subspace__intense.png"
"NPC-CAND-01","Ника","oral","deep","nude","free","climax","peak","false","public/character-images/interactions-expanded/nika/oral/deep/nude__free__climax__peak.png"
"NPC-CAND-01","Ника","oral","deep","nude","wrists","climax","peak","false","public/character-images/interactions-expanded/nika/oral/deep/nude__wrists__climax__peak.png"
"NPC-CAND-01","Ника","oral","deep","underwear","free","climax","peak","false","public/character-images/interactions-expanded/nika/oral/deep/underwear__free__climax__peak.png"
"NPC-CAND-01","Ника","oral","deep","underwear","wrists","climax","peak","false","public/character-images/interactions-expanded/nika/oral/deep/underwear__wrists__climax__peak.png"
"NPC-CAND-01","Ника","oral","deep","stockings","free","climax","peak","false","public/character-images/interactions-expanded/nika/oral/deep/stockings__free__climax__peak.png"
"NPC-CAND-01","Ника","oral","deep","stockings","wrists","climax","peak","false","public/character-images/interactions-expanded/nika/oral/deep/stockings__wrists__climax__peak.png"
"NPC-CAND-01","Ника","oral","deep","nude","free","high_negative","peak","false","public/character-images/interactions-expanded/nika/oral/deep/nude__free__high_negative__peak.png"
"NPC-CAND-01","Ника","oral","deep","nude","wrists","high_negative","peak","false","public/character-images/interactions-expanded/nika/oral/deep/nude__wrists__high_negative__peak.png"
"NPC-CAND-01","Ника","oral","deep","underwear","free","high_negative","peak","false","public/character-images/interactions-expanded/nika/oral/deep/underwear__free__high_negative__peak.png"
"NPC-CAND-01","Ника","oral","deep","underwear","wrists","high_negative","peak","false","public/character-images/interactions-expanded/nika/oral/deep/underwear__wrists__high_negative__peak.png"
"NPC-CAND-01","Ника","oral","deep","stockings","free","high_negative","peak","false","public/character-images/interactions-expanded/nika/oral/deep/stockings__free__high_negative__peak.png"
"NPC-CAND-01","Ника","oral","deep","stockings","wrists","high_negative","peak","false","public/character-images/interactions-expanded/nika/oral/deep/stockings__wrists__high_negative__peak.png"
"NPC-CAND-01","Ника","oral","assisted","nude","free","guarded","sustain","false","public/character-images/interactions-expanded/nika/oral/assisted/nude__free__guarded__sustain.png"
"NPC-CAND-01","Ника","oral","assisted","nude","wrists","guarded","sustain","false","public/character-images/interactions-expanded/nika/oral/assisted/nude__wrists__guarded__sustain.png"
"NPC-CAND-01","Ника","oral","assisted","underwear","free","guarded","sustain","false","public/character-images/interactions-expanded/nika/oral/assisted/underwear__free__guarded__sustain.png"
"NPC-CAND-01","Ника","oral","assisted","underwear","wrists","guarded","sustain","false","public/character-images/interactions-expanded/nika/oral/assisted/underwear__wrists__guarded__sustain.png"
"NPC-CAND-01","Ника","oral","assisted","nude","free","receptive","sustain","false","public/character-images/interactions-expanded/nika/oral/assisted/nude__free__receptive__sustain.png"
"NPC-CAND-01","Ника","oral","assisted","nude","wrists","receptive","sustain","false","public/character-images/interactions-expanded/nika/oral/assisted/nude__wrists__receptive__sustain.png"
"NPC-CAND-01","Ника","oral","assisted","underwear","free","receptive","sustain","false","public/character-images/interactions-expanded/nika/oral/assisted/underwear__free__receptive__sustain.png"
"NPC-CAND-01","Ника","oral","assisted","underwear","wrists","receptive","sustain","false","public/character-images/interactions-expanded/nika/oral/assisted/underwear__wrists__receptive__sustain.png"
"NPC-CAND-01","Ника","oral","assisted","nude","free","climax","peak","false","public/character-images/interactions-expanded/nika/oral/assisted/nude__free__climax__peak.png"
"NPC-CAND-01","Ника","oral","assisted","nude","wrists","climax","peak","false","public/character-images/interactions-expanded/nika/oral/assisted/nude__wrists__climax__peak.png"
"NPC-CAND-01","Ника","oral","assisted","underwear","free","climax","peak","false","public/character-images/interactions-expanded/nika/oral/assisted/underwear__free__climax__peak.png"
"NPC-CAND-01","Ника","oral","assisted","underwear","wrists","climax","peak","false","public/character-images/interactions-expanded/nika/oral/assisted/underwear__wrists__climax__peak.png"
"NPC-CAND-01","Ника","oral","assisted","nude","free","high_negative","peak","false","public/character-images/interactions-expanded/nika/oral/assisted/nude__free__high_negative__peak.png"
"NPC-CAND-01","Ника","oral","assisted","nude","wrists","high_negative","peak","false","public/character-images/interactions-expanded/nika/oral/assisted/nude__wrists__high_negative__peak.png"
"NPC-CAND-01","Ника","oral","assisted","underwear","free","high_negative","peak","false","public/character-images/interactions-expanded/nika/oral/assisted/underwear__free__high_negative__peak.png"
"NPC-CAND-01","Ника","oral","assisted","underwear","wrists","high_negative","peak","false","public/character-images/interactions-expanded/nika/oral/assisted/underwear__wrists__high_negative__peak.png"
"NPC-CAND-01","Ника","penetration","doggy","nude","free","guarded","sustain","false","public/character-images/interactions-expanded/nika/penetration/doggy/nude__free__guarded__sustain.png"
"NPC-CAND-01","Ника","penetration","doggy","nude","wrists","guarded","sustain","false","public/character-images/interactions-expanded/nika/penetration/doggy/nude__wrists__guarded__sustain.png"
"NPC-CAND-01","Ника","penetration","doggy","underwear","free","guarded","sustain","false","public/character-images/interactions-expanded/nika/penetration/doggy/underwear__free__guarded__sustain.png"
"NPC-CAND-01","Ника","penetration","doggy","underwear","wrists","guarded","sustain","false","public/character-images/interactions-expanded/nika/penetration/doggy/underwear__wrists__guarded__sustain.png"
"NPC-CAND-01","Ника","penetration","doggy","stockings","free","guarded","sustain","false","public/character-images/interactions-expanded/nika/penetration/doggy/stockings__free__guarded__sustain.png"
"NPC-CAND-01","Ника","penetration","doggy","stockings","wrists","guarded","sustain","false","public/character-images/interactions-expanded/nika/penetration/doggy/stockings__wrists__guarded__sustain.png"
"NPC-CAND-01","Ника","penetration","doggy","nude","free","receptive","sustain","false","public/character-images/interactions-expanded/nika/penetration/doggy/nude__free__receptive__sustain.png"
"NPC-CAND-01","Ника","penetration","doggy","nude","wrists","receptive","sustain","false","public/character-images/interactions-expanded/nika/penetration/doggy/nude__wrists__receptive__sustain.png"
"NPC-CAND-01","Ника","penetration","doggy","underwear","free","receptive","sustain","false","public/character-images/interactions-expanded/nika/penetration/doggy/underwear__free__receptive__sustain.png"
"NPC-CAND-01","Ника","penetration","doggy","underwear","wrists","receptive","sustain","false","public/character-images/interactions-expanded/nika/penetration/doggy/underwear__wrists__receptive__sustain.png"
"NPC-CAND-01","Ника","penetration","doggy","stockings","free","receptive","sustain","false","public/character-images/interactions-expanded/nika/penetration/doggy/stockings__free__receptive__sustain.png"
"NPC-CAND-01","Ника","penetration","doggy","stockings","wrists","receptive","sustain","false","public/character-images/interactions-expanded/nika/penetration/doggy/stockings__wrists__receptive__sustain.png"
"NPC-CAND-01","Ника","penetration","doggy","nude","free","high_positive","intense","false","public/character-images/interactions-expanded/nika/penetration/doggy/nude__free__high_positive__intense.png"
"NPC-CAND-01","Ника","penetration","doggy","nude","wrists","high_positive","intense","false","public/character-images/interactions-expanded/nika/penetration/doggy/nude__wrists__high_positive__intense.png"
"NPC-CAND-01","Ника","penetration","doggy","underwear","free","high_positive","intense","false","public/character-images/interactions-expanded/nika/penetration/doggy/underwear__free__high_positive__intense.png"
"NPC-CAND-01","Ника","penetration","doggy","underwear","wrists","high_positive","intense","false","public/character-images/interactions-expanded/nika/penetration/doggy/underwear__wrists__high_positive__intense.png"
"NPC-CAND-01","Ника","penetration","doggy","stockings","free","high_positive","intense","false","public/character-images/interactions-expanded/nika/penetration/doggy/stockings__free__high_positive__intense.png"
"NPC-CAND-01","Ника","penetration","doggy","stockings","wrists","high_positive","intense","false","public/character-images/interactions-expanded/nika/penetration/doggy/stockings__wrists__high_positive__intense.png"
"NPC-CAND-01","Ника","penetration","doggy","nude","free","high_negative","intense","false","public/character-images/interactions-expanded/nika/penetration/doggy/nude__free__high_negative__intense.png"
"NPC-CAND-01","Ника","penetration","doggy","nude","wrists","high_negative","intense","false","public/character-images/interactions-expanded/nika/penetration/doggy/nude__wrists__high_negative__intense.png"
"NPC-CAND-01","Ника","penetration","doggy","underwear","free","high_negative","intense","false","public/character-images/interactions-expanded/nika/penetration/doggy/underwear__free__high_negative__intense.png"
"NPC-CAND-01","Ника","penetration","doggy","underwear","wrists","high_negative","intense","false","public/character-images/interactions-expanded/nika/penetration/doggy/underwear__wrists__high_negative__intense.png"
"NPC-CAND-01","Ника","penetration","doggy","stockings","free","high_negative","intense","false","public/character-images/interactions-expanded/nika/penetration/doggy/stockings__free__high_negative__intense.png"
"NPC-CAND-01","Ника","penetration","doggy","stockings","wrists","high_negative","intense","false","public/character-images/interactions-expanded/nika/penetration/doggy/stockings__wrists__high_negative__intense.png"
"NPC-CAND-01","Ника","penetration","doggy","nude","free","subspace","intense","false","public/character-images/interactions-expanded/nika/penetration/doggy/nude__free__subspace__intense.png"
"NPC-CAND-01","Ника","penetration","doggy","nude","wrists","subspace","intense","false","public/character-images/interactions-expanded/nika/penetration/doggy/nude__wrists__subspace__intense.png"
"NPC-CAND-01","Ника","penetration","doggy","underwear","free","subspace","intense","false","public/character-images/interactions-expanded/nika/penetration/doggy/underwear__free__subspace__intense.png"
"NPC-CAND-01","Ника","penetration","doggy","underwear","wrists","subspace","intense","false","public/character-images/interactions-expanded/nika/penetration/doggy/underwear__wrists__subspace__intense.png"
"NPC-CAND-01","Ника","penetration","doggy","stockings","free","subspace","intense","false","public/character-images/interactions-expanded/nika/penetration/doggy/stockings__free__subspace__intense.png"
"NPC-CAND-01","Ника","penetration","doggy","stockings","wrists","subspace","intense","false","public/character-images/interactions-expanded/nika/penetration/doggy/stockings__wrists__subspace__intense.png"
"NPC-CAND-01","Ника","penetration","doggy","nude","free","climax","peak","false","public/character-images/interactions-expanded/nika/penetration/doggy/nude__free__climax__peak.png"
"NPC-CAND-01","Ника","penetration","doggy","nude","wrists","climax","peak","false","public/character-images/interactions-expanded/nika/penetration/doggy/nude__wrists__climax__peak.png"
"NPC-CAND-01","Ника","penetration","doggy","underwear","free","climax","peak","false","public/character-images/interactions-expanded/nika/penetration/doggy/underwear__free__climax__peak.png"
"NPC-CAND-01","Ника","penetration","doggy","underwear","wrists","climax","peak","false","public/character-images/interactions-expanded/nika/penetration/doggy/underwear__wrists__climax__peak.png"
"NPC-CAND-01","Ника","penetration","doggy","stockings","free","climax","peak","false","public/character-images/interactions-expanded/nika/penetration/doggy/stockings__free__climax__peak.png"
"NPC-CAND-01","Ника","penetration","doggy","stockings","wrists","climax","peak","false","public/character-images/interactions-expanded/nika/penetration/doggy/stockings__wrists__climax__peak.png"
"NPC-CAND-01","Ника","penetration","doggy","nude","free","high_negative","peak","false","public/character-images/interactions-expanded/nika/penetration/doggy/nude__free__high_negative__peak.png"
"NPC-CAND-01","Ника","penetration","doggy","nude","wrists","high_negative","peak","false","public/character-images/interactions-expanded/nika/penetration/doggy/nude__wrists__high_negative__peak.png"
"NPC-CAND-01","Ника","penetration","doggy","underwear","free","high_negative","peak","false","public/character-images/interactions-expanded/nika/penetration/doggy/underwear__free__high_negative__peak.png"
"NPC-CAND-01","Ника","penetration","doggy","underwear","wrists","high_negative","peak","false","public/character-images/interactions-expanded/nika/penetration/doggy/underwear__wrists__high_negative__peak.png"
"NPC-CAND-01","Ника","penetration","doggy","stockings","free","high_negative","peak","false","public/character-images/interactions-expanded/nika/penetration/doggy/stockings__free__high_negative__peak.png"
"NPC-CAND-01","Ника","penetration","doggy","stockings","wrists","high_negative","peak","false","public/character-images/interactions-expanded/nika/penetration/doggy/stockings__wrists__high_negative__peak.png"
"NPC-CAND-01","Ника","penetration","missionary","nude","free","guarded","sustain","false","public/character-images/interactions-expanded/nika/penetration/missionary/nude__free__guarded__sustain.png"
"NPC-CAND-01","Ника","penetration","missionary","nude","spread","guarded","sustain","false","public/character-images/interactions-expanded/nika/penetration/missionary/nude__spread__guarded__sustain.png"
"NPC-CAND-01","Ника","penetration","missionary","underwear","free","guarded","sustain","false","public/character-images/interactions-expanded/nika/penetration/missionary/underwear__free__guarded__sustain.png"
"NPC-CAND-01","Ника","penetration","missionary","underwear","spread","guarded","sustain","false","public/character-images/interactions-expanded/nika/penetration/missionary/underwear__spread__guarded__sustain.png"
"NPC-CAND-01","Ника","penetration","missionary","stockings","free","guarded","sustain","false","public/character-images/interactions-expanded/nika/penetration/missionary/stockings__free__guarded__sustain.png"
"NPC-CAND-01","Ника","penetration","missionary","stockings","spread","guarded","sustain","false","public/character-images/interactions-expanded/nika/penetration/missionary/stockings__spread__guarded__sustain.png"
"NPC-CAND-01","Ника","penetration","missionary","nude","free","receptive","sustain","false","public/character-images/interactions-expanded/nika/penetration/missionary/nude__free__receptive__sustain.png"
"NPC-CAND-01","Ника","penetration","missionary","nude","spread","receptive","sustain","false","public/character-images/interactions-expanded/nika/penetration/missionary/nude__spread__receptive__sustain.png"
"NPC-CAND-01","Ника","penetration","missionary","underwear","free","receptive","sustain","false","public/character-images/interactions-expanded/nika/penetration/missionary/underwear__free__receptive__sustain.png"
"NPC-CAND-01","Ника","penetration","missionary","underwear","spread","receptive","sustain","false","public/character-images/interactions-expanded/nika/penetration/missionary/underwear__spread__receptive__sustain.png"
"NPC-CAND-01","Ника","penetration","missionary","stockings","free","receptive","sustain","false","public/character-images/interactions-expanded/nika/penetration/missionary/stockings__free__receptive__sustain.png"
"NPC-CAND-01","Ника","penetration","missionary","stockings","spread","receptive","sustain","false","public/character-images/interactions-expanded/nika/penetration/missionary/stockings__spread__receptive__sustain.png"
"NPC-CAND-01","Ника","penetration","missionary","nude","free","high_positive","intense","false","public/character-images/interactions-expanded/nika/penetration/missionary/nude__free__high_positive__intense.png"
"NPC-CAND-01","Ника","penetration","missionary","nude","spread","high_positive","intense","false","public/character-images/interactions-expanded/nika/penetration/missionary/nude__spread__high_positive__intense.png"
"NPC-CAND-01","Ника","penetration","missionary","underwear","free","high_positive","intense","false","public/character-images/interactions-expanded/nika/penetration/missionary/underwear__free__high_positive__intense.png"
"NPC-CAND-01","Ника","penetration","missionary","underwear","spread","high_positive","intense","false","public/character-images/interactions-expanded/nika/penetration/missionary/underwear__spread__high_positive__intense.png"
"NPC-CAND-01","Ника","penetration","missionary","stockings","free","high_positive","intense","false","public/character-images/interactions-expanded/nika/penetration/missionary/stockings__free__high_positive__intense.png"
"NPC-CAND-01","Ника","penetration","missionary","stockings","spread","high_positive","intense","false","public/character-images/interactions-expanded/nika/penetration/missionary/stockings__spread__high_positive__intense.png"
"NPC-CAND-01","Ника","penetration","missionary","nude","free","high_negative","intense","false","public/character-images/interactions-expanded/nika/penetration/missionary/nude__free__high_negative__intense.png"
"NPC-CAND-01","Ника","penetration","missionary","nude","spread","high_negative","intense","false","public/character-images/interactions-expanded/nika/penetration/missionary/nude__spread__high_negative__intense.png"
"NPC-CAND-01","Ника","penetration","missionary","underwear","free","high_negative","intense","false","public/character-images/interactions-expanded/nika/penetration/missionary/underwear__free__high_negative__intense.png"
"NPC-CAND-01","Ника","penetration","missionary","underwear","spread","high_negative","intense","false","public/character-images/interactions-expanded/nika/penetration/missionary/underwear__spread__high_negative__intense.png"
"NPC-CAND-01","Ника","penetration","missionary","stockings","free","high_negative","intense","false","public/character-images/interactions-expanded/nika/penetration/missionary/stockings__free__high_negative__intense.png"
"NPC-CAND-01","Ника","penetration","missionary","stockings","spread","high_negative","intense","false","public/character-images/interactions-expanded/nika/penetration/missionary/stockings__spread__high_negative__intense.png"
"NPC-CAND-01","Ника","penetration","missionary","nude","free","subspace","intense","false","public/character-images/interactions-expanded/nika/penetration/missionary/nude__free__subspace__intense.png"
"NPC-CAND-01","Ника","penetration","missionary","nude","spread","subspace","intense","false","public/character-images/interactions-expanded/nika/penetration/missionary/nude__spread__subspace__intense.png"
"NPC-CAND-01","Ника","penetration","missionary","underwear","free","subspace","intense","false","public/character-images/interactions-expanded/nika/penetration/missionary/underwear__free__subspace__intense.png"
"NPC-CAND-01","Ника","penetration","missionary","underwear","spread","subspace","intense","false","public/character-images/interactions-expanded/nika/penetration/missionary/underwear__spread__subspace__intense.png"
"NPC-CAND-01","Ника","penetration","missionary","stockings","free","subspace","intense","false","public/character-images/interactions-expanded/nika/penetration/missionary/stockings__free__subspace__intense.png"
"NPC-CAND-01","Ника","penetration","missionary","stockings","spread","subspace","intense","false","public/character-images/interactions-expanded/nika/penetration/missionary/stockings__spread__subspace__intense.png"
"NPC-CAND-01","Ника","penetration","missionary","nude","free","climax","peak","false","public/character-images/interactions-expanded/nika/penetration/missionary/nude__free__climax__peak.png"
"NPC-CAND-01","Ника","penetration","missionary","nude","spread","climax","peak","false","public/character-images/interactions-expanded/nika/penetration/missionary/nude__spread__climax__peak.png"
"NPC-CAND-01","Ника","penetration","missionary","underwear","free","climax","peak","false","public/character-images/interactions-expanded/nika/penetration/missionary/underwear__free__climax__peak.png"
"NPC-CAND-01","Ника","penetration","missionary","underwear","spread","climax","peak","false","public/character-images/interactions-expanded/nika/penetration/missionary/underwear__spread__climax__peak.png"
"NPC-CAND-01","Ника","penetration","missionary","stockings","free","climax","peak","false","public/character-images/interactions-expanded/nika/penetration/missionary/stockings__free__climax__peak.png"
"NPC-CAND-01","Ника","penetration","missionary","stockings","spread","climax","peak","false","public/character-images/interactions-expanded/nika/penetration/missionary/stockings__spread__climax__peak.png"
"NPC-CAND-01","Ника","penetration","missionary","nude","free","high_negative","peak","false","public/character-images/interactions-expanded/nika/penetration/missionary/nude__free__high_negative__peak.png"
"NPC-CAND-01","Ника","penetration","missionary","nude","spread","high_negative","peak","false","public/character-images/interactions-expanded/nika/penetration/missionary/nude__spread__high_negative__peak.png"
"NPC-CAND-01","Ника","penetration","missionary","underwear","free","high_negative","peak","false","public/character-images/interactions-expanded/nika/penetration/missionary/underwear__free__high_negative__peak.png"
"NPC-CAND-01","Ника","penetration","missionary","underwear","spread","high_negative","peak","false","public/character-images/interactions-expanded/nika/penetration/missionary/underwear__spread__high_negative__peak.png"
"NPC-CAND-01","Ника","penetration","missionary","stockings","free","high_negative","peak","false","public/character-images/interactions-expanded/nika/penetration/missionary/stockings__free__high_negative__peak.png"
"NPC-CAND-01","Ника","penetration","missionary","stockings","spread","high_negative","peak","false","public/character-images/interactions-expanded/nika/penetration/missionary/stockings__spread__high_negative__peak.png"
"NPC-CAND-01","Ника","penetration","standing","nude","free","guarded","sustain","false","public/character-images/interactions-expanded/nika/penetration/standing/nude__free__guarded__sustain.png"
"NPC-CAND-01","Ника","penetration","standing","nude","wrists","guarded","sustain","false","public/character-images/interactions-expanded/nika/penetration/standing/nude__wrists__guarded__sustain.png"
"NPC-CAND-01","Ника","penetration","standing","underwear","free","guarded","sustain","false","public/character-images/interactions-expanded/nika/penetration/standing/underwear__free__guarded__sustain.png"
"NPC-CAND-01","Ника","penetration","standing","underwear","wrists","guarded","sustain","false","public/character-images/interactions-expanded/nika/penetration/standing/underwear__wrists__guarded__sustain.png"
"NPC-CAND-01","Ника","penetration","standing","stockings","free","guarded","sustain","false","public/character-images/interactions-expanded/nika/penetration/standing/stockings__free__guarded__sustain.png"
"NPC-CAND-01","Ника","penetration","standing","stockings","wrists","guarded","sustain","false","public/character-images/interactions-expanded/nika/penetration/standing/stockings__wrists__guarded__sustain.png"
"NPC-CAND-01","Ника","penetration","standing","nude","free","receptive","sustain","false","public/character-images/interactions-expanded/nika/penetration/standing/nude__free__receptive__sustain.png"
"NPC-CAND-01","Ника","penetration","standing","nude","wrists","receptive","sustain","false","public/character-images/interactions-expanded/nika/penetration/standing/nude__wrists__receptive__sustain.png"
"NPC-CAND-01","Ника","penetration","standing","underwear","free","receptive","sustain","false","public/character-images/interactions-expanded/nika/penetration/standing/underwear__free__receptive__sustain.png"
"NPC-CAND-01","Ника","penetration","standing","underwear","wrists","receptive","sustain","false","public/character-images/interactions-expanded/nika/penetration/standing/underwear__wrists__receptive__sustain.png"
"NPC-CAND-01","Ника","penetration","standing","stockings","free","receptive","sustain","false","public/character-images/interactions-expanded/nika/penetration/standing/stockings__free__receptive__sustain.png"
"NPC-CAND-01","Ника","penetration","standing","stockings","wrists","receptive","sustain","false","public/character-images/interactions-expanded/nika/penetration/standing/stockings__wrists__receptive__sustain.png"
"NPC-CAND-01","Ника","penetration","standing","nude","free","climax","peak","false","public/character-images/interactions-expanded/nika/penetration/standing/nude__free__climax__peak.png"
"NPC-CAND-01","Ника","penetration","standing","nude","wrists","climax","peak","false","public/character-images/interactions-expanded/nika/penetration/standing/nude__wrists__climax__peak.png"
"NPC-CAND-01","Ника","penetration","standing","underwear","free","climax","peak","false","public/character-images/interactions-expanded/nika/penetration/standing/underwear__free__climax__peak.png"
"NPC-CAND-01","Ника","penetration","standing","underwear","wrists","climax","peak","false","public/character-images/interactions-expanded/nika/penetration/standing/underwear__wrists__climax__peak.png"
"NPC-CAND-01","Ника","penetration","standing","stockings","free","climax","peak","false","public/character-images/interactions-expanded/nika/penetration/standing/stockings__free__climax__peak.png"
"NPC-CAND-01","Ника","penetration","standing","stockings","wrists","climax","peak","false","public/character-images/interactions-expanded/nika/penetration/standing/stockings__wrists__climax__peak.png"
"NPC-CAND-01","Ника","penetration","standing","nude","free","high_negative","peak","false","public/character-images/interactions-expanded/nika/penetration/standing/nude__free__high_negative__peak.png"
"NPC-CAND-01","Ника","penetration","standing","nude","wrists","high_negative","peak","false","public/character-images/interactions-expanded/nika/penetration/standing/nude__wrists__high_negative__peak.png"
"NPC-CAND-01","Ника","penetration","standing","underwear","free","high_negative","peak","false","public/character-images/interactions-expanded/nika/penetration/standing/underwear__free__high_negative__peak.png"
"NPC-CAND-01","Ника","penetration","standing","underwear","wrists","high_negative","peak","false","public/character-images/interactions-expanded/nika/penetration/standing/underwear__wrists__high_negative__peak.png"
"NPC-CAND-01","Ника","penetration","standing","stockings","free","high_negative","peak","false","public/character-images/interactions-expanded/nika/penetration/standing/stockings__free__high_negative__peak.png"
"NPC-CAND-01","Ника","penetration","standing","stockings","wrists","high_negative","peak","false","public/character-images/interactions-expanded/nika/penetration/standing/stockings__wrists__high_negative__peak.png"
"NPC-CAND-01","Ника","capsule","hmd","nude","machine","guarded","sustain","false","public/character-images/interactions-expanded/nika/capsule/hmd/nude__machine__guarded__sustain.png"
"NPC-CAND-01","Ника","capsule","hmd","device_outfit","machine","guarded","sustain","false","public/character-images/interactions-expanded/nika/capsule/hmd/device_outfit__machine__guarded__sustain.png"
"NPC-CAND-01","Ника","capsule","hmd","nude","machine","receptive","sustain","false","public/character-images/interactions-expanded/nika/capsule/hmd/nude__machine__receptive__sustain.png"
"NPC-CAND-01","Ника","capsule","hmd","device_outfit","machine","receptive","sustain","false","public/character-images/interactions-expanded/nika/capsule/hmd/device_outfit__machine__receptive__sustain.png"
"NPC-CAND-01","Ника","capsule","hmd","nude","machine","high_positive","intense","false","public/character-images/interactions-expanded/nika/capsule/hmd/nude__machine__high_positive__intense.png"
"NPC-CAND-01","Ника","capsule","hmd","device_outfit","machine","high_positive","intense","false","public/character-images/interactions-expanded/nika/capsule/hmd/device_outfit__machine__high_positive__intense.png"
"NPC-CAND-01","Ника","capsule","hmd","nude","machine","high_negative","intense","false","public/character-images/interactions-expanded/nika/capsule/hmd/nude__machine__high_negative__intense.png"
"NPC-CAND-01","Ника","capsule","hmd","device_outfit","machine","high_negative","intense","false","public/character-images/interactions-expanded/nika/capsule/hmd/device_outfit__machine__high_negative__intense.png"
"NPC-CAND-01","Ника","capsule","hmd","nude","machine","subspace","intense","false","public/character-images/interactions-expanded/nika/capsule/hmd/nude__machine__subspace__intense.png"
"NPC-CAND-01","Ника","capsule","hmd","device_outfit","machine","subspace","intense","false","public/character-images/interactions-expanded/nika/capsule/hmd/device_outfit__machine__subspace__intense.png"
"NPC-CAND-01","Ника","capsule","hmd","nude","machine","climax","peak","false","public/character-images/interactions-expanded/nika/capsule/hmd/nude__machine__climax__peak.png"
"NPC-CAND-01","Ника","capsule","hmd","device_outfit","machine","climax","peak","false","public/character-images/interactions-expanded/nika/capsule/hmd/device_outfit__machine__climax__peak.png"
"NPC-CAND-01","Ника","capsule","hmd","nude","machine","high_negative","peak","false","public/character-images/interactions-expanded/nika/capsule/hmd/nude__machine__high_negative__peak.png"
"NPC-CAND-01","Ника","capsule","hmd","device_outfit","machine","high_negative","peak","false","public/character-images/interactions-expanded/nika/capsule/hmd/device_outfit__machine__high_negative__peak.png"
"NPC-CAND-01","Ника","capsule","machine","nude","machine","guarded","sustain","false","public/character-images/interactions-expanded/nika/capsule/machine/nude__machine__guarded__sustain.png"
"NPC-CAND-01","Ника","capsule","machine","device_outfit","machine","guarded","sustain","false","public/character-images/interactions-expanded/nika/capsule/machine/device_outfit__machine__guarded__sustain.png"
"NPC-CAND-01","Ника","capsule","machine","nude","machine","receptive","sustain","false","public/character-images/interactions-expanded/nika/capsule/machine/nude__machine__receptive__sustain.png"
"NPC-CAND-01","Ника","capsule","machine","device_outfit","machine","receptive","sustain","false","public/character-images/interactions-expanded/nika/capsule/machine/device_outfit__machine__receptive__sustain.png"
"NPC-CAND-01","Ника","capsule","machine","nude","machine","high_positive","intense","false","public/character-images/interactions-expanded/nika/capsule/machine/nude__machine__high_positive__intense.png"
"NPC-CAND-01","Ника","capsule","machine","device_outfit","machine","high_positive","intense","false","public/character-images/interactions-expanded/nika/capsule/machine/device_outfit__machine__high_positive__intense.png"
"NPC-CAND-01","Ника","capsule","machine","nude","machine","high_negative","intense","false","public/character-images/interactions-expanded/nika/capsule/machine/nude__machine__high_negative__intense.png"
"NPC-CAND-01","Ника","capsule","machine","device_outfit","machine","high_negative","intense","false","public/character-images/interactions-expanded/nika/capsule/machine/device_outfit__machine__high_negative__intense.png"
"NPC-CAND-01","Ника","capsule","machine","nude","machine","subspace","intense","false","public/character-images/interactions-expanded/nika/capsule/machine/nude__machine__subspace__intense.png"
"NPC-CAND-01","Ника","capsule","machine","device_outfit","machine","subspace","intense","false","public/character-images/interactions-expanded/nika/capsule/machine/device_outfit__machine__subspace__intense.png"
"NPC-CAND-01","Ника","capsule","machine","nude","machine","climax","peak","false","public/character-images/interactions-expanded/nika/capsule/machine/nude__machine__climax__peak.png"
"NPC-CAND-01","Ника","capsule","machine","device_outfit","machine","climax","peak","false","public/character-images/interactions-expanded/nika/capsule/machine/device_outfit__machine__climax__peak.png"
"NPC-CAND-01","Ника","capsule","machine","nude","machine","high_negative","peak","false","public/character-images/interactions-expanded/nika/capsule/machine/nude__machine__high_negative__peak.png"
"NPC-CAND-01","Ника","capsule","machine","device_outfit","machine","high_negative","peak","false","public/character-images/interactions-expanded/nika/capsule/machine/device_outfit__machine__high_negative__peak.png"
"NPC-CAND-01","Ника","capsule","electric","nude","machine","guarded","sustain","false","public/character-images/interactions-expanded/nika/capsule/electric/nude__machine__guarded__sustain.png"
"NPC-CAND-01","Ника","capsule","electric","device_outfit","machine","guarded","sustain","false","public/character-images/interactions-expanded/nika/capsule/electric/device_outfit__machine__guarded__sustain.png"
"NPC-CAND-01","Ника","capsule","electric","nude","machine","receptive","sustain","false","public/character-images/interactions-expanded/nika/capsule/electric/nude__machine__receptive__sustain.png"
"NPC-CAND-01","Ника","capsule","electric","device_outfit","machine","receptive","sustain","false","public/character-images/interactions-expanded/nika/capsule/electric/device_outfit__machine__receptive__sustain.png"
"NPC-CAND-01","Ника","capsule","electric","nude","machine","high_positive","intense","false","public/character-images/interactions-expanded/nika/capsule/electric/nude__machine__high_positive__intense.png"
"NPC-CAND-01","Ника","capsule","electric","device_outfit","machine","high_positive","intense","false","public/character-images/interactions-expanded/nika/capsule/electric/device_outfit__machine__high_positive__intense.png"
"NPC-CAND-01","Ника","capsule","electric","nude","machine","high_negative","intense","false","public/character-images/interactions-expanded/nika/capsule/electric/nude__machine__high_negative__intense.png"
"NPC-CAND-01","Ника","capsule","electric","device_outfit","machine","high_negative","intense","false","public/character-images/interactions-expanded/nika/capsule/electric/device_outfit__machine__high_negative__intense.png"
"NPC-CAND-01","Ника","capsule","electric","nude","machine","subspace","intense","false","public/character-images/interactions-expanded/nika/capsule/electric/nude__machine__subspace__intense.png"
"NPC-CAND-01","Ника","capsule","electric","device_outfit","machine","subspace","intense","false","public/character-images/interactions-expanded/nika/capsule/electric/device_outfit__machine__subspace__intense.png"
"NPC-CAND-01","Ника","capsule","electric","nude","machine","climax","peak","false","public/character-images/interactions-expanded/nika/capsule/electric/nude__machine__climax__peak.png"
"NPC-CAND-01","Ника","capsule","electric","device_outfit","machine","climax","peak","false","public/character-images/interactions-expanded/nika/capsule/electric/device_outfit__machine__climax__peak.png"
"NPC-CAND-01","Ника","capsule","electric","nude","machine","high_negative","peak","false","public/character-images/interactions-expanded/nika/capsule/electric/nude__machine__high_negative__peak.png"
"NPC-CAND-01","Ника","capsule","electric","device_outfit","machine","high_negative","peak","false","public/character-images/interactions-expanded/nika/capsule/electric/device_outfit__machine__high_negative__peak.png"
"NPC-CAND-01","Ника","capsule","glory","nude","machine","guarded","sustain","true","public/character-images/interactions-expanded/nika/capsule/glory/nude__machine__guarded__sustain.png"
"NPC-CAND-01","Ника","capsule","glory","underwear","machine","guarded","sustain","true","public/character-images/interactions-expanded/nika/capsule/glory/underwear__machine__guarded__sustain.png"
"NPC-CAND-01","Ника","capsule","glory","nude","machine","receptive","sustain","true","public/character-images/interactions-expanded/nika/capsule/glory/nude__machine__receptive__sustain.png"
"NPC-CAND-01","Ника","capsule","glory","underwear","machine","receptive","sustain","true","public/character-images/interactions-expanded/nika/capsule/glory/underwear__machine__receptive__sustain.png"
"NPC-CAND-01","Ника","capsule","glory","nude","machine","climax","peak","true","public/character-images/interactions-expanded/nika/capsule/glory/nude__machine__climax__peak.png"
"NPC-CAND-01","Ника","capsule","glory","underwear","machine","climax","peak","true","public/character-images/interactions-expanded/nika/capsule/glory/underwear__machine__climax__peak.png"
"NPC-CAND-01","Ника","capsule","glory","nude","machine","high_negative","peak","true","public/character-images/interactions-expanded/nika/capsule/glory/nude__machine__high_negative__peak.png"
"NPC-CAND-01","Ника","capsule","glory","underwear","machine","high_negative","peak","true","public/character-images/interactions-expanded/nika/capsule/glory/underwear__machine__high_negative__peak.png"
"NPC-CAND-01","Ника","lesbian","fingering_kiss","nude","free","guarded","sustain","false","public/character-images/interactions-expanded/nika/lesbian/fingering_kiss/nude__free__guarded__sustain.png"
"NPC-CAND-01","Ника","lesbian","fingering_kiss","nude","wrists","guarded","sustain","false","public/character-images/interactions-expanded/nika/lesbian/fingering_kiss/nude__wrists__guarded__sustain.png"
"NPC-CAND-01","Ника","lesbian","fingering_kiss","underwear","free","guarded","sustain","false","public/character-images/interactions-expanded/nika/lesbian/fingering_kiss/underwear__free__guarded__sustain.png"
"NPC-CAND-01","Ника","lesbian","fingering_kiss","underwear","wrists","guarded","sustain","false","public/character-images/interactions-expanded/nika/lesbian/fingering_kiss/underwear__wrists__guarded__sustain.png"
"NPC-CAND-01","Ника","lesbian","fingering_kiss","stockings","free","guarded","sustain","false","public/character-images/interactions-expanded/nika/lesbian/fingering_kiss/stockings__free__guarded__sustain.png"
"NPC-CAND-01","Ника","lesbian","fingering_kiss","stockings","wrists","guarded","sustain","false","public/character-images/interactions-expanded/nika/lesbian/fingering_kiss/stockings__wrists__guarded__sustain.png"
"NPC-CAND-01","Ника","lesbian","fingering_kiss","nude","free","receptive","sustain","false","public/character-images/interactions-expanded/nika/lesbian/fingering_kiss/nude__free__receptive__sustain.png"
"NPC-CAND-01","Ника","lesbian","fingering_kiss","nude","wrists","receptive","sustain","false","public/character-images/interactions-expanded/nika/lesbian/fingering_kiss/nude__wrists__receptive__sustain.png"
"NPC-CAND-01","Ника","lesbian","fingering_kiss","underwear","free","receptive","sustain","false","public/character-images/interactions-expanded/nika/lesbian/fingering_kiss/underwear__free__receptive__sustain.png"
"NPC-CAND-01","Ника","lesbian","fingering_kiss","underwear","wrists","receptive","sustain","false","public/character-images/interactions-expanded/nika/lesbian/fingering_kiss/underwear__wrists__receptive__sustain.png"
"NPC-CAND-01","Ника","lesbian","fingering_kiss","stockings","free","receptive","sustain","false","public/character-images/interactions-expanded/nika/lesbian/fingering_kiss/stockings__free__receptive__sustain.png"
"NPC-CAND-01","Ника","lesbian","fingering_kiss","stockings","wrists","receptive","sustain","false","public/character-images/interactions-expanded/nika/lesbian/fingering_kiss/stockings__wrists__receptive__sustain.png"
"NPC-CAND-01","Ника","lesbian","fingering_kiss","nude","free","high_positive","intense","false","public/character-images/interactions-expanded/nika/lesbian/fingering_kiss/nude__free__high_positive__intense.png"
"NPC-CAND-01","Ника","lesbian","fingering_kiss","nude","wrists","high_positive","intense","false","public/character-images/interactions-expanded/nika/lesbian/fingering_kiss/nude__wrists__high_positive__intense.png"
"NPC-CAND-01","Ника","lesbian","fingering_kiss","underwear","free","high_positive","intense","false","public/character-images/interactions-expanded/nika/lesbian/fingering_kiss/underwear__free__high_positive__intense.png"
"NPC-CAND-01","Ника","lesbian","fingering_kiss","underwear","wrists","high_positive","intense","false","public/character-images/interactions-expanded/nika/lesbian/fingering_kiss/underwear__wrists__high_positive__intense.png"
"NPC-CAND-01","Ника","lesbian","fingering_kiss","stockings","free","high_positive","intense","false","public/character-images/interactions-expanded/nika/lesbian/fingering_kiss/stockings__free__high_positive__intense.png"
"NPC-CAND-01","Ника","lesbian","fingering_kiss","stockings","wrists","high_positive","intense","false","public/character-images/interactions-expanded/nika/lesbian/fingering_kiss/stockings__wrists__high_positive__intense.png"
"NPC-CAND-01","Ника","lesbian","fingering_kiss","nude","free","high_negative","intense","false","public/character-images/interactions-expanded/nika/lesbian/fingering_kiss/nude__free__high_negative__intense.png"
"NPC-CAND-01","Ника","lesbian","fingering_kiss","nude","wrists","high_negative","intense","false","public/character-images/interactions-expanded/nika/lesbian/fingering_kiss/nude__wrists__high_negative__intense.png"
"NPC-CAND-01","Ника","lesbian","fingering_kiss","underwear","free","high_negative","intense","false","public/character-images/interactions-expanded/nika/lesbian/fingering_kiss/underwear__free__high_negative__intense.png"
"NPC-CAND-01","Ника","lesbian","fingering_kiss","underwear","wrists","high_negative","intense","false","public/character-images/interactions-expanded/nika/lesbian/fingering_kiss/underwear__wrists__high_negative__intense.png"
"NPC-CAND-01","Ника","lesbian","fingering_kiss","stockings","free","high_negative","intense","false","public/character-images/interactions-expanded/nika/lesbian/fingering_kiss/stockings__free__high_negative__intense.png"
"NPC-CAND-01","Ника","lesbian","fingering_kiss","stockings","wrists","high_negative","intense","false","public/character-images/interactions-expanded/nika/lesbian/fingering_kiss/stockings__wrists__high_negative__intense.png"
"NPC-CAND-01","Ника","lesbian","fingering_kiss","nude","free","subspace","intense","false","public/character-images/interactions-expanded/nika/lesbian/fingering_kiss/nude__free__subspace__intense.png"
"NPC-CAND-01","Ника","lesbian","fingering_kiss","nude","wrists","subspace","intense","false","public/character-images/interactions-expanded/nika/lesbian/fingering_kiss/nude__wrists__subspace__intense.png"
"NPC-CAND-01","Ника","lesbian","fingering_kiss","underwear","free","subspace","intense","false","public/character-images/interactions-expanded/nika/lesbian/fingering_kiss/underwear__free__subspace__intense.png"
"NPC-CAND-01","Ника","lesbian","fingering_kiss","underwear","wrists","subspace","intense","false","public/character-images/interactions-expanded/nika/lesbian/fingering_kiss/underwear__wrists__subspace__intense.png"
"NPC-CAND-01","Ника","lesbian","fingering_kiss","stockings","free","subspace","intense","false","public/character-images/interactions-expanded/nika/lesbian/fingering_kiss/stockings__free__subspace__intense.png"
"NPC-CAND-01","Ника","lesbian","fingering_kiss","stockings","wrists","subspace","intense","false","public/character-images/interactions-expanded/nika/lesbian/fingering_kiss/stockings__wrists__subspace__intense.png"
"NPC-CAND-01","Ника","lesbian","fingering_kiss","nude","free","climax","peak","false","public/character-images/interactions-expanded/nika/lesbian/fingering_kiss/nude__free__climax__peak.png"
"NPC-CAND-01","Ника","lesbian","fingering_kiss","nude","wrists","climax","peak","false","public/character-images/interactions-expanded/nika/lesbian/fingering_kiss/nude__wrists__climax__peak.png"
"NPC-CAND-01","Ника","lesbian","fingering_kiss","underwear","free","climax","peak","false","public/character-images/interactions-expanded/nika/lesbian/fingering_kiss/underwear__free__climax__peak.png"
"NPC-CAND-01","Ника","lesbian","fingering_kiss","underwear","wrists","climax","peak","false","public/character-images/interactions-expanded/nika/lesbian/fingering_kiss/underwear__wrists__climax__peak.png"
"NPC-CAND-01","Ника","lesbian","fingering_kiss","stockings","free","climax","peak","false","public/character-images/interactions-expanded/nika/lesbian/fingering_kiss/stockings__free__climax__peak.png"
"NPC-CAND-01","Ника","lesbian","fingering_kiss","stockings","wrists","climax","peak","false","public/character-images/interactions-expanded/nika/lesbian/fingering_kiss/stockings__wrists__climax__peak.png"
"NPC-CAND-01","Ника","lesbian","fingering_kiss","nude","free","high_negative","peak","false","public/character-images/interactions-expanded/nika/lesbian/fingering_kiss/nude__free__high_negative__peak.png"
"NPC-CAND-01","Ника","lesbian","fingering_kiss","nude","wrists","high_negative","peak","false","public/character-images/interactions-expanded/nika/lesbian/fingering_kiss/nude__wrists__high_negative__peak.png"
"NPC-CAND-01","Ника","lesbian","fingering_kiss","underwear","free","high_negative","peak","false","public/character-images/interactions-expanded/nika/lesbian/fingering_kiss/underwear__free__high_negative__peak.png"
"NPC-CAND-01","Ника","lesbian","fingering_kiss","underwear","wrists","high_negative","peak","false","public/character-images/interactions-expanded/nika/lesbian/fingering_kiss/underwear__wrists__high_negative__peak.png"
"NPC-CAND-01","Ника","lesbian","fingering_kiss","stockings","free","high_negative","peak","false","public/character-images/interactions-expanded/nika/lesbian/fingering_kiss/stockings__free__high_negative__peak.png"
"NPC-CAND-01","Ника","lesbian","fingering_kiss","stockings","wrists","high_negative","peak","false","public/character-images/interactions-expanded/nika/lesbian/fingering_kiss/stockings__wrists__high_negative__peak.png"
"NPC-CAND-01","Ника","lesbian","facesitting","nude","free","guarded","sustain","false","public/character-images/interactions-expanded/nika/lesbian/facesitting/nude__free__guarded__sustain.png"
"NPC-CAND-01","Ника","lesbian","facesitting","nude","wrists","guarded","sustain","false","public/character-images/interactions-expanded/nika/lesbian/facesitting/nude__wrists__guarded__sustain.png"
"NPC-CAND-01","Ника","lesbian","facesitting","underwear","free","guarded","sustain","false","public/character-images/interactions-expanded/nika/lesbian/facesitting/underwear__free__guarded__sustain.png"
"NPC-CAND-01","Ника","lesbian","facesitting","underwear","wrists","guarded","sustain","false","public/character-images/interactions-expanded/nika/lesbian/facesitting/underwear__wrists__guarded__sustain.png"
"NPC-CAND-01","Ника","lesbian","facesitting","stockings","free","guarded","sustain","false","public/character-images/interactions-expanded/nika/lesbian/facesitting/stockings__free__guarded__sustain.png"
"NPC-CAND-01","Ника","lesbian","facesitting","stockings","wrists","guarded","sustain","false","public/character-images/interactions-expanded/nika/lesbian/facesitting/stockings__wrists__guarded__sustain.png"
"NPC-CAND-01","Ника","lesbian","facesitting","nude","free","receptive","sustain","false","public/character-images/interactions-expanded/nika/lesbian/facesitting/nude__free__receptive__sustain.png"
"NPC-CAND-01","Ника","lesbian","facesitting","nude","wrists","receptive","sustain","false","public/character-images/interactions-expanded/nika/lesbian/facesitting/nude__wrists__receptive__sustain.png"
"NPC-CAND-01","Ника","lesbian","facesitting","underwear","free","receptive","sustain","false","public/character-images/interactions-expanded/nika/lesbian/facesitting/underwear__free__receptive__sustain.png"
"NPC-CAND-01","Ника","lesbian","facesitting","underwear","wrists","receptive","sustain","false","public/character-images/interactions-expanded/nika/lesbian/facesitting/underwear__wrists__receptive__sustain.png"
"NPC-CAND-01","Ника","lesbian","facesitting","stockings","free","receptive","sustain","false","public/character-images/interactions-expanded/nika/lesbian/facesitting/stockings__free__receptive__sustain.png"
"NPC-CAND-01","Ника","lesbian","facesitting","stockings","wrists","receptive","sustain","false","public/character-images/interactions-expanded/nika/lesbian/facesitting/stockings__wrists__receptive__sustain.png"
"NPC-CAND-01","Ника","lesbian","facesitting","nude","free","high_positive","intense","false","public/character-images/interactions-expanded/nika/lesbian/facesitting/nude__free__high_positive__intense.png"
"NPC-CAND-01","Ника","lesbian","facesitting","nude","wrists","high_positive","intense","false","public/character-images/interactions-expanded/nika/lesbian/facesitting/nude__wrists__high_positive__intense.png"
"NPC-CAND-01","Ника","lesbian","facesitting","underwear","free","high_positive","intense","false","public/character-images/interactions-expanded/nika/lesbian/facesitting/underwear__free__high_positive__intense.png"
"NPC-CAND-01","Ника","lesbian","facesitting","underwear","wrists","high_positive","intense","false","public/character-images/interactions-expanded/nika/lesbian/facesitting/underwear__wrists__high_positive__intense.png"
"NPC-CAND-01","Ника","lesbian","facesitting","stockings","free","high_positive","intense","false","public/character-images/interactions-expanded/nika/lesbian/facesitting/stockings__free__high_positive__intense.png"
"NPC-CAND-01","Ника","lesbian","facesitting","stockings","wrists","high_positive","intense","false","public/character-images/interactions-expanded/nika/lesbian/facesitting/stockings__wrists__high_positive__intense.png"
"NPC-CAND-01","Ника","lesbian","facesitting","nude","free","high_negative","intense","false","public/character-images/interactions-expanded/nika/lesbian/facesitting/nude__free__high_negative__intense.png"
"NPC-CAND-01","Ника","lesbian","facesitting","nude","wrists","high_negative","intense","false","public/character-images/interactions-expanded/nika/lesbian/facesitting/nude__wrists__high_negative__intense.png"
"NPC-CAND-01","Ника","lesbian","facesitting","underwear","free","high_negative","intense","false","public/character-images/interactions-expanded/nika/lesbian/facesitting/underwear__free__high_negative__intense.png"
"NPC-CAND-01","Ника","lesbian","facesitting","underwear","wrists","high_negative","intense","false","public/character-images/interactions-expanded/nika/lesbian/facesitting/underwear__wrists__high_negative__intense.png"
"NPC-CAND-01","Ника","lesbian","facesitting","stockings","free","high_negative","intense","false","public/character-images/interactions-expanded/nika/lesbian/facesitting/stockings__free__high_negative__intense.png"
"NPC-CAND-01","Ника","lesbian","facesitting","stockings","wrists","high_negative","intense","false","public/character-images/interactions-expanded/nika/lesbian/facesitting/stockings__wrists__high_negative__intense.png"
"NPC-CAND-01","Ника","lesbian","facesitting","nude","free","subspace","intense","false","public/character-images/interactions-expanded/nika/lesbian/facesitting/nude__free__subspace__intense.png"
"NPC-CAND-01","Ника","lesbian","facesitting","nude","wrists","subspace","intense","false","public/character-images/interactions-expanded/nika/lesbian/facesitting/nude__wrists__subspace__intense.png"
"NPC-CAND-01","Ника","lesbian","facesitting","underwear","free","subspace","intense","false","public/character-images/interactions-expanded/nika/lesbian/facesitting/underwear__free__subspace__intense.png"
"NPC-CAND-01","Ника","lesbian","facesitting","underwear","wrists","subspace","intense","false","public/character-images/interactions-expanded/nika/lesbian/facesitting/underwear__wrists__subspace__intense.png"
"NPC-CAND-01","Ника","lesbian","facesitting","stockings","free","subspace","intense","false","public/character-images/interactions-expanded/nika/lesbian/facesitting/stockings__free__subspace__intense.png"
"NPC-CAND-01","Ника","lesbian","facesitting","stockings","wrists","subspace","intense","false","public/character-images/interactions-expanded/nika/lesbian/facesitting/stockings__wrists__subspace__intense.png"
"NPC-CAND-01","Ника","lesbian","facesitting","nude","free","climax","peak","false","public/character-images/interactions-expanded/nika/lesbian/facesitting/nude__free__climax__peak.png"
"NPC-CAND-01","Ника","lesbian","facesitting","nude","wrists","climax","peak","false","public/character-images/interactions-expanded/nika/lesbian/facesitting/nude__wrists__climax__peak.png"
"NPC-CAND-01","Ника","lesbian","facesitting","underwear","free","climax","peak","false","public/character-images/interactions-expanded/nika/lesbian/facesitting/underwear__free__climax__peak.png"
"NPC-CAND-01","Ника","lesbian","facesitting","underwear","wrists","climax","peak","false","public/character-images/interactions-expanded/nika/lesbian/facesitting/underwear__wrists__climax__peak.png"
"NPC-CAND-01","Ника","lesbian","facesitting","stockings","free","climax","peak","false","public/character-images/interactions-expanded/nika/lesbian/facesitting/stockings__free__climax__peak.png"
"NPC-CAND-01","Ника","lesbian","facesitting","stockings","wrists","climax","peak","false","public/character-images/interactions-expanded/nika/lesbian/facesitting/stockings__wrists__climax__peak.png"
"NPC-CAND-01","Ника","lesbian","facesitting","nude","free","high_negative","peak","false","public/character-images/interactions-expanded/nika/lesbian/facesitting/nude__free__high_negative__peak.png"
"NPC-CAND-01","Ника","lesbian","facesitting","nude","wrists","high_negative","peak","false","public/character-images/interactions-expanded/nika/lesbian/facesitting/nude__wrists__high_negative__peak.png"
"NPC-CAND-01","Ника","lesbian","facesitting","underwear","free","high_negative","peak","false","public/character-images/interactions-expanded/nika/lesbian/facesitting/underwear__free__high_negative__peak.png"
"NPC-CAND-01","Ника","lesbian","facesitting","underwear","wrists","high_negative","peak","false","public/character-images/interactions-expanded/nika/lesbian/facesitting/underwear__wrists__high_negative__peak.png"
"NPC-CAND-01","Ника","lesbian","facesitting","stockings","free","high_negative","peak","false","public/character-images/interactions-expanded/nika/lesbian/facesitting/stockings__free__high_negative__peak.png"
"NPC-CAND-01","Ника","lesbian","facesitting","stockings","wrists","high_negative","peak","false","public/character-images/interactions-expanded/nika/lesbian/facesitting/stockings__wrists__high_negative__peak.png"
